eval_n,labeled_n,ignored_n,intervention_rate,intervention_precision,intervention_recall,nochange_count,nochange_false_intervention_rate,strong_official_count,strong_official_intervention_rate,official_preserve_rate,strong_nochange_count,strong_nochange_false_intervention_rate,residual_low_count,residual_low_false_intervention_rate,low_residual_preserve_rate,simulated_mean_psnr_gain,bootstrap_gain_p05,official_psnr,sim_psnr,oracle_recovery,confidence_corr,feature_set,head,target_margin,threshold,feature_count,active_feature_count,train_labeled_n,split_family,split,train_n,valid_n,control
250,233,17,0.6,0.8248175182481752,0.8432835820895522,99,0.24242424242424243,61,0.4426229508196721,0.5573770491803278,33,0.18181818181818182,59,0.5932203389830508,0.4067796610169492,0.6803027103101411,0.5494761827694968,33.84071671144422,34.52101942175436,0.8857372566395323,0.4528523909095757,C0_deployable,logistic,0.2,0.125,11308,11280,671,random,random_1,750,250,real
250,219,31,0.648,0.678082191780822,0.8461538461538461,102,0.46078431372549017,52,0.4807692307692308,0.5192307692307692,19,0.3684210526315789,66,0.6666666666666666,0.33333333333333337,0.5156912783716365,0.4014190159218044,34.29031846921945,34.806009747591084,0.8588814701184452,0.4098217926479224,C0_deployable,logistic,0.2,0.125,11308,11280,685,random,random_2,750,250,real
250,227,23,0.596,0.7647058823529411,0.8524590163934426,105,0.3047619047619048,65,0.47692307692307695,0.523076923076923,34,0.20588235294117646,60,0.5833333333333334,0.41666666666666663,0.6385714995328865,0.5082804480162062,34.13535826605321,34.7739297655861,0.860786323325286,0.44208625084693864,C0_deployable,logistic,0.2,0.15,11308,11280,677,random,random_3,750,250,real
250,210,40,0.336,0.5735294117647058,0.4588235294117647,125,0.232,250,0.336,0.6639999999999999,125,0.232,152,0.34210526315789475,0.6578947368421053,0.06250834680970954,0.030996852539310144,41.996655378489706,42.05916372529941,0.30694871022125847,0.15972762898575502,C0_deployable,logistic,0.2,0.1,11308,11280,694,official_strength_heldout,test_strong_official,750,250,real
250,208,42,0.42,0.6091954022988506,0.5638297872340425,114,0.2982456140350877,210,0.38095238095238093,0.6190476190476191,101,0.3069306930693069,162,0.41975308641975306,0.5802469135802469,0.1895359455278558,0.1314929095664225,41.507470099469764,41.697006044997615,0.6028140640799203,0.35631398064703207,C0_deployable,logistic,0.2,0.125,11308,11280,696,cr_strength_heldout,test_strong_cr,750,250,real
250,217,33,0.548,0.675,0.6585365853658537,94,0.4148936170212766,152,0.48026315789473684,0.5197368421052632,68,0.39705882352941174,250,0.548,0.45199999999999996,0.2678678595087853,0.20638342513980443,38.83344644305326,39.10131430256205,0.6235536601936936,0.23026543804835914,C0_deployable,logistic,0.2,0.15,11308,11280,687,residual_low_energy_heldout,test_residual_low,750,250,real
250,233,17,0.16,0.8157894736842105,0.23134328358208955,99,0.0707070707070707,61,0.01639344262295082,0.9836065573770492,33,0.030303030303030304,59,0.0847457627118644,0.9152542372881356,0.25418922598337224,0.16490015579950099,33.84071671144422,34.09490593742759,0.3309480680845703,0.3534317079515539,C0_deployable,decision_tree,0.2,0.7,11308,11280,671,random,random_1,750,250,real
250,219,31,0.028,0.4,0.017094017094017096,102,0.029411764705882353,52,0.09615384615384616,0.9038461538461539,19,0.10526315789473684,66,0.09090909090909091,0.9090909090909091,0.0007156937664913698,-0.007730074606958241,34.29031846921945,34.29103416298593,0.0011919847011174966,0.12280935906801914,C0_deployable,decision_tree,0.2,0.775,11308,11280,685,random,random_2,750,250,real
250,227,23,0.032,0.75,0.04918032786885246,105,0.01904761904761905,65,0.015384615384615385,0.9846153846153847,34,0.029411764705882353,60,0.0,1.0,0.03062882271586801,0.004612190821348375,34.13535826605321,34.16598708876908,0.04128726652013105,0.3563552065262746,C0_deployable,decision_tree,0.2,0.875,11308,11280,677,random,random_3,750,250,real
250,210,40,0.0,0.0,0.0,125,0.0,250,0.0,1.0,125,0.0,152,0.0,1.0,0.0,0.0,41.996655378489706,41.996655378489706,0.0,-0.14713067684956654,C0_deployable,decision_tree,0.2,0.95,11308,11280,694,official_strength_heldout,test_strong_official,750,250,real
250,208,42,0.008,1.0,0.02127659574468085,114,0.0,210,0.0,1.0,101,0.0,162,0.006172839506172839,0.9938271604938271,0.018155703946650958,0.0,41.507470099469764,41.52562580341641,0.0577437364286344,0.35323946767642733,C0_deployable,decision_tree,0.2,0.9,11308,11280,696,cr_strength_heldout,test_strong_cr,750,250,real
250,217,33,0.132,0.75,0.1951219512195122,94,0.0851063829787234,152,0.006578947368421052,0.993421052631579,68,0.014705882352941176,250,0.132,0.868,0.10199377657947939,0.0664852551690655,38.83344644305326,38.935440219632746,0.23742524698461015,0.22512316696220439,C0_deployable,decision_tree,0.2,0.7,11308,11280,687,residual_low_energy_heldout,test_residual_low,750,250,real
250,233,17,0.588,0.7985611510791367,0.8283582089552238,99,0.2828282828282828,61,0.3770491803278688,0.6229508196721312,33,0.24242424242424243,59,0.5932203389830508,0.4067796610169492,0.6847095714445247,0.5496935162851253,33.84071671144422,34.525426282888745,0.8914748805419578,0.5276353553227616,C0_deployable,hgb,0.2,0.49999999999999994,11308,11280,671,random,random_1,750,250,real
250,219,31,0.632,0.6805555555555556,0.8376068376068376,102,0.45098039215686275,52,0.40384615384615385,0.5961538461538461,19,0.21052631578947367,66,0.6363636363636364,0.36363636363636365,0.5176500203152552,0.40959815138323175,34.29031846921945,34.8079684895347,0.8621437458843454,0.3733400124319144,C0_deployable,hgb,0.2,0.44999999999999996,11308,11280,685,random,random_2,750,250,real
250,227,23,0.58,0.7555555555555555,0.8360655737704918,105,0.3142857142857143,65,0.3230769230769231,0.676923076923077,34,0.14705882352941177,60,0.6,0.4,0.6557689941203888,0.5248451265398714,34.13535826605321,34.791127260173596,0.883968329016444,0.485735644247395,C0_deployable,hgb,0.2,0.475,11308,11280,677,random,random_3,750,250,real
250,210,40,0.136,0.6551724137931034,0.2235294117647059,125,0.08,250,0.136,0.864,125,0.08,152,0.13815789473684212,0.8618421052631579,0.025857658763634845,0.00990906016162978,41.996655378489706,42.02251303725334,0.12697464277852683,0.21226250579398642,C0_deployable,hgb,0.2,0.525,11308,11280,694,official_strength_heldout,test_strong_official,750,250,real
250,208,42,0.24,0.75,0.3829787234042553,114,0.10526315789473684,210,0.19523809523809524,0.8047619047619048,101,0.09900990099009901,162,0.16666666666666666,0.8333333333333334,0.15069526958373483,0.0933884941526532,41.507470099469764,41.6581653690535,0.4792823210520751,0.4663149464979401,C0_deployable,hgb,0.2,0.42499999999999993,11308,11280,696,cr_strength_heldout,test_strong_cr,750,250,real
250,217,33,0.464,0.7431192660550459,0.6585365853658537,94,0.2978723404255319,152,0.25,0.75,68,0.17647058823529413,250,0.464,0.536,0.27509892138676567,0.21313811622081888,38.83344644305326,39.10854536444003,0.640386419112103,0.41748823259581835,C0_deployable,hgb,0.2,0.475,11308,11280,687,residual_low_energy_heldout,test_residual_low,750,250,real
250,233,17,0.6,0.8248175182481752,0.8432835820895522,99,0.24242424242424243,61,0.4426229508196721,0.5573770491803278,33,0.18181818181818182,59,0.5932203389830508,0.4067796610169492,0.6803027103101411,0.5494761827694968,33.84071671144422,34.52101942175436,0.8857372566395323,0.4519216399310474,C1_basic,logistic,0.2,0.125,11337,11309,671,random,random_1,750,250,real
250,219,31,0.648,0.678082191780822,0.8461538461538461,102,0.46078431372549017,52,0.4807692307692308,0.5192307692307692,19,0.3684210526315789,66,0.6666666666666666,0.33333333333333337,0.5156912783716365,0.4014190159218044,34.29031846921945,34.806009747591084,0.8588814701184452,0.40977662748639526,C1_basic,logistic,0.2,0.15,11337,11309,685,random,random_2,750,250,real
250,227,23,0.592,0.7703703703703704,0.8524590163934426,105,0.29523809523809524,65,0.47692307692307695,0.523076923076923,34,0.20588235294117646,60,0.5833333333333334,0.41666666666666663,0.6402217965637883,0.5111742781910141,34.13535826605321,34.775580062616996,0.8630109028980727,0.44107822210164604,C1_basic,logistic,0.2,0.15,11337,11309,677,random,random_3,750,250,real
250,210,40,0.336,0.5735294117647058,0.4588235294117647,125,0.232,250,0.336,0.6639999999999999,125,0.232,152,0.34210526315789475,0.6578947368421053,0.06250834680970954,0.030996852539310144,41.996655378489706,42.05916372529941,0.30694871022125847,0.15754023692924127,C1_basic,logistic,0.2,0.1,11337,11309,694,official_strength_heldout,test_strong_official,750,250,real
250,208,42,0.424,0.6136363636363636,0.574468085106383,114,0.2982456140350877,210,0.38571428571428573,0.6142857142857143,101,0.3069306930693069,162,0.42592592592592593,0.5740740740740741,0.1914069567558713,0.1325493619342783,41.507470099469764,41.69887705622563,0.6087647658275919,0.3553092147926472,C1_basic,logistic,0.2,0.125,11337,11309,696,cr_strength_heldout,test_strong_cr,750,250,real
250,217,33,0.548,0.675,0.6585365853658537,94,0.4148936170212766,152,0.48026315789473684,0.5197368421052632,68,0.39705882352941174,250,0.548,0.45199999999999996,0.2678678595087853,0.20638342513980443,38.83344644305326,39.10131430256205,0.6235536601936936,0.22861913803939968,C1_basic,logistic,0.2,0.15,11337,11309,687,residual_low_energy_heldout,test_residual_low,750,250,real
250,233,17,0.16,0.8157894736842105,0.23134328358208955,99,0.0707070707070707,61,0.01639344262295082,0.9836065573770492,33,0.030303030303030304,59,0.0847457627118644,0.9152542372881356,0.25418922598337224,0.16490015579950099,33.84071671144422,34.09490593742759,0.3309480680845703,0.3534317079515536,C1_basic,decision_tree,0.2,0.7,11337,11309,671,random,random_1,750,250,real
250,219,31,0.028,0.4,0.017094017094017096,102,0.029411764705882353,52,0.09615384615384616,0.9038461538461539,19,0.10526315789473684,66,0.09090909090909091,0.9090909090909091,0.0007156937664913698,-0.007730074606958241,34.29031846921945,34.29103416298593,0.0011919847011174966,0.12302360721600668,C1_basic,decision_tree,0.2,0.775,11337,11309,685,random,random_2,750,250,real
250,227,23,0.032,0.75,0.04918032786885246,105,0.01904761904761905,65,0.015384615384615385,0.9846153846153847,34,0.029411764705882353,60,0.0,1.0,0.03062882271586801,0.004612190821348375,34.13535826605321,34.16598708876908,0.04128726652013105,0.3563552065262747,C1_basic,decision_tree,0.2,0.875,11337,11309,677,random,random_3,750,250,real
250,210,40,0.0,0.0,0.0,125,0.0,250,0.0,1.0,125,0.0,152,0.0,1.0,0.0,0.0,41.996655378489706,41.996655378489706,0.0,-0.14713067684956657,C1_basic,decision_tree,0.2,0.95,11337,11309,694,official_strength_heldout,test_strong_official,750,250,real
250,208,42,0.008,1.0,0.02127659574468085,114,0.0,210,0.0,1.0,101,0.0,162,0.006172839506172839,0.9938271604938271,0.018155703946650958,0.0,41.507470099469764,41.52562580341641,0.0577437364286344,0.35323946767642744,C1_basic,decision_tree,0.2,0.9,11337,11309,696,cr_strength_heldout,test_strong_cr,750,250,real
250,217,33,0.132,0.75,0.1951219512195122,94,0.0851063829787234,152,0.006578947368421052,0.993421052631579,68,0.014705882352941176,250,0.132,0.868,0.10199377657947939,0.0664852551690655,38.83344644305326,38.935440219632746,0.23742524698461015,0.2251231669622045,C1_basic,decision_tree,0.2,0.7,11337,11309,687,residual_low_energy_heldout,test_residual_low,750,250,real
250,233,17,0.648,0.7748344370860927,0.8731343283582089,99,0.3434343434343434,61,0.4098360655737705,0.5901639344262295,33,0.30303030303030304,59,0.6271186440677966,0.3728813559322034,0.6951612799359622,0.5576337333249595,33.84071671144422,34.53587799138018,0.905082745785037,0.5196913468950717,C1_basic,hgb,0.2,0.44999999999999996,11337,11309,671,random,random_1,750,250,real
250,219,31,0.624,0.6879432624113475,0.8290598290598291,102,0.43137254901960786,52,0.40384615384615385,0.5961538461538461,19,0.21052631578947367,66,0.6363636363636364,0.36363636363636365,0.5025420913055682,0.3982793952213858,34.29031846921945,34.79286056052502,0.8369815590828577,0.380151665525388,C1_basic,hgb,0.2,0.44999999999999996,11337,11309,685,random,random_2,750,250,real
250,227,23,0.58,0.7777777777777778,0.860655737704918,105,0.2857142857142857,65,0.3076923076923077,0.6923076923076923,34,0.14705882352941177,60,0.5833333333333334,0.41666666666666663,0.6767482117117506,0.5412792622695634,34.13535826605321,34.81210647776496,0.9122480495957672,0.5050439468069693,C1_basic,hgb,0.2,0.475,11337,11309,677,random,random_3,750,250,real
250,210,40,0.176,0.6388888888888888,0.27058823529411763,125,0.104,250,0.176,0.8240000000000001,125,0.104,152,0.18421052631578946,0.8157894736842105,0.031467579696845174,0.014100312756383654,41.996655378489706,42.02812295818655,0.1545222917370604,0.21528989919742206,C1_basic,hgb,0.2,0.49999999999999994,11337,11309,694,official_strength_heldout,test_strong_official,750,250,real
250,208,42,0.172,0.7714285714285715,0.2872340425531915,114,0.07017543859649122,210,0.12857142857142856,0.8714285714285714,101,0.0594059405940594,162,0.12345679012345678,0.8765432098765432,0.13335193790477118,0.07699280382167396,41.507470099469764,41.64082203737454,0.4241223131445218,0.458978828643829,C1_basic,hgb,0.2,0.49999999999999994,11337,11309,696,cr_strength_heldout,test_strong_cr,750,250,real
250,217,33,0.456,0.75,0.6585365853658537,94,0.2872340425531915,152,0.23026315789473684,0.7697368421052632,68,0.14705882352941177,250,0.456,0.544,0.27908561686433153,0.21817544850294315,38.83344644305326,39.11253205991759,0.6496668104277036,0.4205076769872386,C1_basic,hgb,0.2,0.44999999999999996,11337,11309,687,residual_low_energy_heldout,test_residual_low,750,250,real
250,233,17,0.6,0.8248175182481752,0.8432835820895522,99,0.24242424242424243,61,0.4426229508196721,0.5573770491803278,33,0.18181818181818182,59,0.5932203389830508,0.4067796610169492,0.6803027103101411,0.5494761827694968,33.84071671144422,34.52101942175436,0.8857372566395323,0.45244022757102914,C2_depthanything,logistic,0.2,0.125,11355,11327,671,random,random_1,750,250,real
250,219,31,0.64,0.6805555555555556,0.8376068376068376,102,0.45098039215686275,52,0.46153846153846156,0.5384615384615384,19,0.3684210526315789,66,0.6666666666666666,0.33333333333333337,0.5114281627335707,0.4004044685414499,34.29031846921945,34.801746631953016,0.8517812704833678,0.4090823010010258,C2_depthanything,logistic,0.2,0.15,11355,11327,685,random,random_2,750,250,real
250,227,23,0.596,0.7647058823529411,0.8524590163934426,105,0.3047619047619048,65,0.47692307692307695,0.523076923076923,34,0.20588235294117646,60,0.5833333333333334,0.41666666666666663,0.6385714995328865,0.5082804480162062,34.13535826605321,34.7739297655861,0.860786323325286,0.44222647736305665,C2_depthanything,logistic,0.2,0.15,11355,11327,677,random,random_3,750,250,real
250,210,40,0.34,0.5571428571428572,0.4588235294117647,125,0.248,250,0.34,0.6599999999999999,125,0.248,152,0.35526315789473684,0.6447368421052632,0.05792326891821219,0.025209990279070928,41.996655378489706,42.05457864740791,0.28443357717281076,0.15657422550912914,C2_depthanything,logistic,0.2,0.1,11355,11327,694,official_strength_heldout,test_strong_official,750,250,real
250,208,42,0.432,0.5760869565217391,0.5638297872340425,114,0.34210526315789475,210,0.3952380952380952,0.6047619047619048,101,0.3564356435643564,162,0.43209876543209874,0.5679012345679013,0.18086509123113273,0.12042971771690625,41.507470099469764,41.6883351907009,0.5752366412164336,0.3471711249785371,C2_depthanything,logistic,0.2,0.125,11355,11327,696,cr_strength_heldout,test_strong_cr,750,250,real
250,217,33,0.544,0.680672268907563,0.6585365853658537,94,0.40425531914893614,152,0.47368421052631576,0.5263157894736843,68,0.38235294117647056,250,0.544,0.45599999999999996,0.26793453671118056,0.20651112283715517,38.83344644305326,39.10138097976444,0.6237088740878924,0.23253008465323358,C2_depthanything,logistic,0.2,0.15,11355,11327,687,residual_low_energy_heldout,test_residual_low,750,250,real
250,233,17,0.16,0.8157894736842105,0.23134328358208955,99,0.0707070707070707,61,0.01639344262295082,0.9836065573770492,33,0.030303030303030304,59,0.0847457627118644,0.9152542372881356,0.25418922598337224,0.16490015579950099,33.84071671144422,34.09490593742759,0.3309480680845703,0.3534317079515537,C2_depthanything,decision_tree,0.2,0.7,11355,11327,671,random,random_1,750,250,real
250,219,31,0.028,0.4,0.017094017094017096,102,0.029411764705882353,52,0.09615384615384616,0.9038461538461539,19,0.10526315789473684,66,0.09090909090909091,0.9090909090909091,0.0007156937664913698,-0.007730074606958241,34.29031846921945,34.29103416298593,0.0011919847011174966,0.1313287627774768,C2_depthanything,decision_tree,0.2,0.775,11355,11327,685,random,random_2,750,250,real
250,227,23,0.032,0.75,0.04918032786885246,105,0.01904761904761905,65,0.015384615384615385,0.9846153846153847,34,0.029411764705882353,60,0.0,1.0,0.03062882271586801,0.004612190821348375,34.13535826605321,34.16598708876908,0.04128726652013105,0.3563552065262744,C2_depthanything,decision_tree,0.2,0.875,11355,11327,677,random,random_3,750,250,real
250,210,40,0.0,0.0,0.0,125,0.0,250,0.0,1.0,125,0.0,152,0.0,1.0,0.0,0.0,41.996655378489706,41.996655378489706,0.0,-0.1471306768495666,C2_depthanything,decision_tree,0.2,0.95,11355,11327,694,official_strength_heldout,test_strong_official,750,250,real
250,208,42,0.008,1.0,0.02127659574468085,114,0.0,210,0.0,1.0,101,0.0,162,0.006172839506172839,0.9938271604938271,0.018155703946650958,0.0,41.507470099469764,41.52562580341641,0.0577437364286344,0.3532394676764274,C2_depthanything,decision_tree,0.2,0.9,11355,11327,696,cr_strength_heldout,test_strong_cr,750,250,real
250,217,33,0.132,0.75,0.1951219512195122,94,0.0851063829787234,152,0.006578947368421052,0.993421052631579,68,0.014705882352941176,250,0.132,0.868,0.10199377657947939,0.0664852551690655,38.83344644305326,38.935440219632746,0.23742524698461015,0.22512316696220455,C2_depthanything,decision_tree,0.2,0.7,11355,11327,687,residual_low_energy_heldout,test_residual_low,750,250,real
250,233,17,0.628,0.782312925170068,0.8582089552238806,99,0.32323232323232326,61,0.4262295081967213,0.5737704918032787,33,0.30303030303030304,59,0.6101694915254238,0.38983050847457623,0.6804117465938787,0.5502249429735316,33.84071671144422,34.521128458038106,0.8858792191767504,0.5076337109971069,C2_depthanything,hgb,0.2,0.475,11355,11327,671,random,random_1,750,250,real
250,219,31,0.64,0.6758620689655173,0.8376068376068376,102,0.46078431372549017,52,0.38461538461538464,0.6153846153846154,19,0.21052631578947367,66,0.6363636363636364,0.36363636363636365,0.5037555364243531,0.3960686471323433,34.29031846921945,34.79407400564379,0.8390025463891022,0.3805891941364369,C2_depthanything,hgb,0.2,0.44999999999999996,11355,11327,685,random,random_2,750,250,real
250,227,23,0.576,0.7761194029850746,0.8524590163934426,105,0.2857142857142857,65,0.3384615384615385,0.6615384615384615,34,0.14705882352941177,60,0.6,0.4,0.6668112989716084,0.5304064221847107,34.13535826605321,34.80216956502481,0.8988532166145771,0.4954295399817997,C2_depthanything,hgb,0.2,0.44999999999999996,11355,11327,677,random,random_3,750,250,real
250,210,40,0.16,0.6176470588235294,0.24705882352941178,125,0.104,250,0.16,0.84,125,0.104,152,0.1513157894736842,0.8486842105263158,0.027364531001432567,0.01079703963143306,41.996655378489706,42.02401990949113,0.13437417441657018,0.22150975764096076,C2_depthanything,hgb,0.2,0.49999999999999994,11355,11327,694,official_strength_heldout,test_strong_official,750,250,real
250,208,42,0.196,0.8048780487804879,0.35106382978723405,114,0.07017543859649122,210,0.14285714285714285,0.8571428571428572,101,0.0594059405940594,162,0.12962962962962962,0.8703703703703703,0.1514053751042044,0.09716802410917766,41.507470099469764,41.658875474573975,0.48154079288720747,0.46225274095853414,C2_depthanything,hgb,0.2,0.475,11355,11327,696,cr_strength_heldout,test_strong_cr,750,250,real
250,217,33,0.448,0.7619047619047619,0.6504065040650406,94,0.26595744680851063,152,0.23026315789473684,0.7697368421052632,68,0.16176470588235295,250,0.448,0.552,0.2814928062152759,0.2213859117593718,38.83344644305326,39.114939249268545,0.6552703633635175,0.4460602133617627,C2_depthanything,hgb,0.2,0.475,11355,11327,687,residual_low_energy_heldout,test_residual_low,750,250,real
250,233,17,0.616,0.8,0.835820895522388,99,0.2828282828282828,61,0.45901639344262296,0.540983606557377,33,0.21212121212121213,59,0.6271186440677966,0.3728813559322034,0.665307607065836,0.5371534797135672,33.84071671144422,34.50602431851006,0.8662140041089311,0.4438613049130413,C3_depthanything,logistic,0.2,0.125,11415,11387,671,random,random_1,750,250,real
250,219,31,0.656,0.6711409395973155,0.8547008547008547,102,0.4803921568627451,52,0.46153846153846156,0.5384615384615384,19,0.3684210526315789,66,0.6666666666666666,0.33333333333333337,0.51388453784063,0.4039987663849407,34.29031846921945,34.804203007060075,0.8558723520113999,0.41523562879226206,C3_depthanything,logistic,0.2,0.125,11415,11387,685,random,random_2,750,250,real
250,227,23,0.6,0.7664233576642335,0.860655737704918,105,0.3047619047619048,65,0.49230769230769234,0.5076923076923077,34,0.20588235294117646,60,0.6,0.4,0.6400849263667217,0.5093980974452571,34.13535826605321,34.77544319241992,0.8628264035995729,0.437241075612682,C3_depthanything,logistic,0.2,0.15,11415,11387,677,random,random_3,750,250,real
250,210,40,0.32,0.5692307692307692,0.43529411764705883,125,0.224,250,0.32,0.6799999999999999,125,0.224,152,0.3223684210526316,0.6776315789473684,0.058744375039953015,0.02932335344197935,41.996655378489706,42.05539975352965,0.2884656381356513,0.15258051764370725,C3_depthanything,logistic,0.2,0.1,11415,11387,694,official_strength_heldout,test_strong_official,750,250,real
250,208,42,0.432,0.5824175824175825,0.5638297872340425,114,0.3333333333333333,210,0.4,0.6,101,0.3465346534653465,162,0.4382716049382716,0.5617283950617284,0.18311447720948898,0.12194421138905849,41.507470099469764,41.69058457667925,0.582390753854651,0.3488054108494597,C3_depthanything,logistic,0.2,0.125,11415,11387,696,cr_strength_heldout,test_strong_cr,750,250,real
250,217,33,0.544,0.6833333333333333,0.6666666666666666,94,0.40425531914893614,152,0.47368421052631576,0.5263157894736843,68,0.38235294117647056,250,0.544,0.45599999999999996,0.2727856562558888,0.21005209426506108,38.83344644305326,39.106232099309146,0.6350015067825616,0.2350686964100359,C3_depthanything,logistic,0.2,0.15,11415,11387,687,residual_low_energy_heldout,test_residual_low,750,250,real
250,233,17,0.16,0.8157894736842105,0.23134328358208955,99,0.0707070707070707,61,0.01639344262295082,0.9836065573770492,33,0.030303030303030304,59,0.0847457627118644,0.9152542372881356,0.25418922598337224,0.16490015579950099,33.84071671144422,34.09490593742759,0.3309480680845703,0.3534317079515537,C3_depthanything,decision_tree,0.2,0.7,11415,11387,671,random,random_1,750,250,real
250,219,31,0.028,0.4,0.017094017094017096,102,0.029411764705882353,52,0.09615384615384616,0.9038461538461539,19,0.10526315789473684,66,0.09090909090909091,0.9090909090909091,0.0007156937664913698,-0.007730074606958241,34.29031846921945,34.29103416298593,0.0011919847011174966,0.1313287627774768,C3_depthanything,decision_tree,0.2,0.775,11415,11387,685,random,random_2,750,250,real
250,227,23,0.032,0.75,0.04918032786885246,105,0.01904761904761905,65,0.015384615384615385,0.9846153846153847,34,0.029411764705882353,60,0.0,1.0,0.03062882271586801,0.004612190821348375,34.13535826605321,34.16598708876908,0.04128726652013105,0.3563552065262745,C3_depthanything,decision_tree,0.2,0.875,11415,11387,677,random,random_3,750,250,real
250,210,40,0.0,0.0,0.0,125,0.0,250,0.0,1.0,125,0.0,152,0.0,1.0,0.0,0.0,41.996655378489706,41.996655378489706,0.0,-0.1471306768495666,C3_depthanything,decision_tree,0.2,0.95,11415,11387,694,official_strength_heldout,test_strong_official,750,250,real
250,208,42,0.008,1.0,0.02127659574468085,114,0.0,210,0.0,1.0,101,0.0,162,0.006172839506172839,0.9938271604938271,0.018155703946650958,0.0,41.507470099469764,41.52562580341641,0.0577437364286344,0.3532394676764274,C3_depthanything,decision_tree,0.2,0.9,11415,11387,696,cr_strength_heldout,test_strong_cr,750,250,real
250,217,33,0.132,0.75,0.1951219512195122,94,0.0851063829787234,152,0.006578947368421052,0.993421052631579,68,0.014705882352941176,250,0.132,0.868,0.10199377657947939,0.0664852551690655,38.83344644305326,38.935440219632746,0.23742524698461015,0.22512316696220458,C3_depthanything,decision_tree,0.2,0.7,11415,11387,687,residual_low_energy_heldout,test_residual_low,750,250,real
250,233,17,0.636,0.7837837837837838,0.8656716417910447,99,0.32323232323232326,61,0.4098360655737705,0.5901639344262295,33,0.2727272727272727,59,0.6101694915254238,0.38983050847457623,0.6818179850447063,0.546793140089007,33.84071671144422,34.522534696488925,0.8877101067636147,0.5160842594567258,C3_depthanything,hgb,0.2,0.44999999999999996,11415,11387,671,random,random_1,750,250,real
250,219,31,0.644,0.678082191780822,0.8461538461538461,102,0.46078431372549017,52,0.4230769230769231,0.5769230769230769,19,0.21052631578947367,66,0.6666666666666666,0.33333333333333337,0.518446611064113,0.4106889729414141,34.29031846921945,34.80876508028356,0.8634704641403186,0.39085744233958936,C3_depthanything,hgb,0.2,0.44999999999999996,11415,11387,685,random,random_2,750,250,real
250,227,23,0.616,0.7552447552447552,0.8852459016393442,105,0.3333333333333333,65,0.38461538461538464,0.6153846153846154,34,0.17647058823529413,60,0.6333333333333333,0.3666666666666667,0.6798214507855995,0.5456759009773564,34.13535826605321,34.815179716838806,0.9163907370865386,0.5031999765058451,C3_depthanything,hgb,0.2,0.42499999999999993,11415,11387,677,random,random_3,750,250,real
250,210,40,0.192,0.5897435897435898,0.27058823529411763,125,0.128,250,0.192,0.808,125,0.128,152,0.20394736842105263,0.7960526315789473,0.03259910442485651,0.014831214341872505,41.996655378489706,42.02925448291455,0.16007867058201472,0.212970713786622,C3_depthanything,hgb,0.2,0.475,11415,11387,694,official_strength_heldout,test_strong_official,750,250,real
250,208,42,0.256,0.660377358490566,0.3723404255319149,114,0.15789473684210525,210,0.21428571428571427,0.7857142857142857,101,0.1485148514851485,162,0.19753086419753085,0.8024691358024691,0.15122443112079698,0.09486589696949087,41.507470099469764,41.65869453059056,0.48096530533150994,0.4326214603437279,C3_depthanything,hgb,0.2,0.44999999999999996,11415,11387,696,cr_strength_heldout,test_strong_cr,750,250,real
250,217,33,0.444,0.7523809523809524,0.6422764227642277,94,0.2765957446808511,152,0.2236842105263158,0.7763157894736842,68,0.14705882352941177,250,0.444,0.556,0.277549859440624,0.21901566332738603,38.83344644305326,39.11099630249389,0.6460918120517186,0.4378450976133233,C3_depthanything,hgb,0.2,0.475,11415,11387,687,residual_low_energy_heldout,test_residual_low,750,250,real
250,233,17,0.6,0.8248175182481752,0.8432835820895522,99,0.24242424242424243,61,0.4426229508196721,0.5573770491803278,33,0.18181818181818182,59,0.5932203389830508,0.4067796610169492,0.6803027103101411,0.5494761827694968,33.84071671144422,34.52101942175436,0.8857372566395323,0.4512913017708068,C2_midas,logistic,0.2,0.125,11355,11327,671,random,random_1,750,250,real
250,219,31,0.636,0.6783216783216783,0.8290598290598291,102,0.45098039215686275,52,0.46153846153846156,0.5384615384615384,19,0.3684210526315789,66,0.6666666666666666,0.33333333333333337,0.509527720232114,0.3979188638088247,34.29031846921945,34.79984618945156,0.8486160921722652,0.40952600385009796,C2_midas,logistic,0.2,0.15,11355,11327,685,random,random_2,750,250,real
250,227,23,0.592,0.7703703703703704,0.8524590163934426,105,0.29523809523809524,65,0.47692307692307695,0.523076923076923,34,0.20588235294117646,60,0.5833333333333334,0.41666666666666663,0.638586293566413,0.5082945023480565,34.13535826605321,34.773944559619615,0.860806265495796,0.4434083223785964,C2_midas,logistic,0.2,0.15,11355,11327,677,random,random_3,750,250,real
250,210,40,0.34,0.5735294117647058,0.4588235294117647,125,0.232,250,0.34,0.6599999999999999,125,0.232,152,0.34868421052631576,0.6513157894736843,0.06309115006819808,0.031056143935057894,41.996655378489706,42.0597465285579,0.30981057935771783,0.15138691089015566,C2_midas,logistic,0.2,0.1,11355,11327,694,official_strength_heldout,test_strong_official,750,250,real
250,208,42,0.436,0.5978260869565217,0.5851063829787234,114,0.32456140350877194,210,0.4,0.6,101,0.33663366336633666,162,0.4382716049382716,0.5617283950617284,0.1887852518388377,0.128160108721364,41.507470099469764,41.6962553513086,0.6004265026477295,0.350074428255174,C2_midas,logistic,0.2,0.125,11355,11327,696,cr_strength_heldout,test_strong_cr,750,250,real
250,217,33,0.552,0.6890756302521008,0.6666666666666666,94,0.39361702127659576,152,0.48026315789473684,0.5197368421052632,68,0.36764705882352944,250,0.552,0.44799999999999995,0.2754873158155629,0.21233863147141624,38.83344644305326,39.10893375886882,0.6412905394052935,0.22855511780075083,C2_midas,logistic,0.2,0.15,11355,11327,687,residual_low_energy_heldout,test_residual_low,750,250,real
250,233,17,0.16,0.8157894736842105,0.23134328358208955,99,0.0707070707070707,61,0.01639344262295082,0.9836065573770492,33,0.030303030303030304,59,0.0847457627118644,0.9152542372881356,0.25418922598337224,0.16490015579950099,33.84071671144422,34.09490593742759,0.3309480680845703,0.3534317079515537,C2_midas,decision_tree,0.2,0.7,11355,11327,671,random,random_1,750,250,real
250,219,31,0.028,0.4,0.017094017094017096,102,0.029411764705882353,52,0.09615384615384616,0.9038461538461539,19,0.10526315789473684,66,0.09090909090909091,0.9090909090909091,0.0007156937664913698,-0.007730074606958241,34.29031846921945,34.29103416298593,0.0011919847011174966,0.1313287627774768,C2_midas,decision_tree,0.2,0.775,11355,11327,685,random,random_2,750,250,real
250,227,23,0.032,0.75,0.04918032786885246,105,0.01904761904761905,65,0.015384615384615385,0.9846153846153847,34,0.029411764705882353,60,0.0,1.0,0.03062882271586801,0.004612190821348375,34.13535826605321,34.16598708876908,0.04128726652013105,0.3563552065262744,C2_midas,decision_tree,0.2,0.875,11355,11327,677,random,random_3,750,250,real
250,210,40,0.0,0.0,0.0,125,0.0,250,0.0,1.0,125,0.0,152,0.0,1.0,0.0,0.0,41.996655378489706,41.996655378489706,0.0,-0.1471306768495666,C2_midas,decision_tree,0.2,0.95,11355,11327,694,official_strength_heldout,test_strong_official,750,250,real
250,208,42,0.008,1.0,0.02127659574468085,114,0.0,210,0.0,1.0,101,0.0,162,0.006172839506172839,0.9938271604938271,0.018155703946650958,0.0,41.507470099469764,41.52562580341641,0.0577437364286344,0.3532394676764274,C2_midas,decision_tree,0.2,0.9,11355,11327,696,cr_strength_heldout,test_strong_cr,750,250,real
250,217,33,0.132,0.75,0.1951219512195122,94,0.0851063829787234,152,0.006578947368421052,0.993421052631579,68,0.014705882352941176,250,0.132,0.868,0.10199377657947939,0.0664852551690655,38.83344644305326,38.935440219632746,0.23742524698461015,0.22512316696220455,C2_midas,decision_tree,0.2,0.7,11355,11327,687,residual_low_energy_heldout,test_residual_low,750,250,real
250,233,17,0.616,0.7862068965517242,0.8507462686567164,99,0.31313131313131315,61,0.4098360655737705,0.5901639344262295,33,0.2727272727272727,59,0.5932203389830508,0.4067796610169492,0.675440891943086,0.5415951284715558,33.84071671144422,34.516157603387306,0.8794072897035606,0.5212951018677684,C2_midas,hgb,0.2,0.475,11355,11327,671,random,random_1,750,250,real
250,219,31,0.624,0.6879432624113475,0.8290598290598291,102,0.43137254901960786,52,0.40384615384615385,0.5961538461538461,19,0.21052631578947367,66,0.6363636363636364,0.36363636363636365,0.5025420913055682,0.3982793952213858,34.29031846921945,34.79286056052502,0.8369815590828577,0.380151665525388,C2_midas,hgb,0.2,0.44999999999999996,11355,11327,685,random,random_2,750,250,real
250,227,23,0.58,0.7777777777777778,0.860655737704918,105,0.2857142857142857,65,0.3076923076923077,0.6923076923076923,34,0.14705882352941177,60,0.5833333333333334,0.41666666666666663,0.6767482117117506,0.5412792622695634,34.13535826605321,34.81210647776496,0.9122480495957672,0.5050439468069693,C2_midas,hgb,0.2,0.475,11355,11327,677,random,random_3,750,250,real
250,210,40,0.16,0.6,0.24705882352941178,125,0.112,250,0.16,0.84,125,0.112,152,0.1513157894736842,0.8486842105263158,0.030422143056649645,0.012607505213237525,41.996655378489706,42.02707752154635,0.1493886504762709,0.20930878686009827,C2_midas,hgb,0.2,0.49999999999999994,11355,11327,694,official_strength_heldout,test_strong_official,750,250,real
250,208,42,0.232,0.7291666666666666,0.3723404255319149,114,0.11403508771929824,210,0.19047619047619047,0.8095238095238095,101,0.10891089108910891,162,0.16049382716049382,0.8395061728395061,0.14890282903554958,0.0905892610860672,41.507470099469764,41.65637292850531,0.47358151127446807,0.4521876961122789,C2_midas,hgb,0.2,0.44999999999999996,11355,11327,696,cr_strength_heldout,test_strong_cr,750,250,real
250,217,33,0.46,0.75,0.6585365853658537,94,0.2872340425531915,152,0.23026315789473684,0.7697368421052632,68,0.14705882352941177,250,0.46,0.54,0.27942965638901845,0.21851948802763008,38.83344644305326,39.112876099442275,0.6504676795773777,0.42169410023024245,C2_midas,hgb,0.2,0.42499999999999993,11355,11327,687,residual_low_energy_heldout,test_residual_low,750,250,real
250,233,17,0.6,0.8248175182481752,0.8432835820895522,99,0.24242424242424243,61,0.4426229508196721,0.5573770491803278,33,0.18181818181818182,59,0.5932203389830508,0.4067796610169492,0.6803027103101411,0.5494761827694968,33.84071671144422,34.52101942175436,0.8857372566395323,0.45179567985503455,C3_midas,logistic,0.2,0.125,11415,11387,671,random,random_1,750,250,real
250,219,31,0.632,0.6830985915492958,0.8290598290598291,102,0.4411764705882353,52,0.46153846153846156,0.5384615384615384,19,0.3684210526315789,66,0.6666666666666666,0.33333333333333337,0.510643951470613,0.4003271856742952,34.29031846921945,34.800962420690055,0.8504751702046519,0.41120595821869704,C3_midas,logistic,0.2,0.15,11415,11387,685,random,random_2,750,250,real
250,227,23,0.588,0.762962962962963,0.8442622950819673,105,0.3047619047619048,65,0.47692307692307695,0.523076923076923,34,0.20588235294117646,60,0.5833333333333334,0.41666666666666663,0.6363490508542465,0.5059732110609058,34.13535826605321,34.77170731690745,0.8577904905512506,0.4429777915629014,C3_midas,logistic,0.2,0.15,11415,11387,677,random,random_3,750,250,real
250,210,40,0.356,0.5633802816901409,0.47058823529411764,125,0.248,250,0.356,0.644,125,0.248,152,0.3684210526315789,0.631578947368421,0.06347229517390804,0.03089914795223025,41.996655378489706,42.06012767366361,0.3116822013822287,0.14571898563927063,C3_midas,logistic,0.2,0.125,11415,11387,694,official_strength_heldout,test_strong_official,750,250,real
250,208,42,0.432,0.6111111111111112,0.5851063829787234,114,0.30701754385964913,210,0.3952380952380952,0.6047619047619048,101,0.31683168316831684,162,0.43209876543209874,0.5679012345679013,0.19238213754169456,0.13182412803278687,41.507470099469764,41.699852237011456,0.6118663025365132,0.3485416885030204,C3_midas,logistic,0.2,0.125,11415,11387,696,cr_strength_heldout,test_strong_cr,750,250,real
250,217,33,0.544,0.6923076923076923,0.6585365853658537,94,0.3829787234042553,152,0.48026315789473684,0.5197368421052632,68,0.36764705882352944,250,0.544,0.45599999999999996,0.2713097011297021,0.20894662023655006,38.83344644305326,39.10475614418296,0.6315657186185651,0.2252051019852048,C3_midas,logistic,0.2,0.15,11415,11387,687,residual_low_energy_heldout,test_residual_low,750,250,real
250,233,17,0.16,0.8157894736842105,0.23134328358208955,99,0.0707070707070707,61,0.01639344262295082,0.9836065573770492,33,0.030303030303030304,59,0.0847457627118644,0.9152542372881356,0.25418922598337224,0.16490015579950099,33.84071671144422,34.09490593742759,0.3309480680845703,0.3534317079515537,C3_midas,decision_tree,0.2,0.7,11415,11387,671,random,random_1,750,250,real
250,219,31,0.028,0.4,0.017094017094017096,102,0.029411764705882353,52,0.09615384615384616,0.9038461538461539,19,0.10526315789473684,66,0.09090909090909091,0.9090909090909091,0.0007156937664913698,-0.007730074606958241,34.29031846921945,34.29103416298593,0.0011919847011174966,0.1313287627774768,C3_midas,decision_tree,0.2,0.775,11415,11387,685,random,random_2,750,250,real
250,227,23,0.032,0.75,0.04918032786885246,105,0.01904761904761905,65,0.015384615384615385,0.9846153846153847,34,0.029411764705882353,60,0.0,1.0,0.03062882271586801,0.004612190821348375,34.13535826605321,34.16598708876908,0.04128726652013105,0.3563552065262745,C3_midas,decision_tree,0.2,0.875,11415,11387,677,random,random_3,750,250,real
250,210,40,0.0,0.0,0.0,125,0.0,250,0.0,1.0,125,0.0,152,0.0,1.0,0.0,0.0,41.996655378489706,41.996655378489706,0.0,-0.1471306768495666,C3_midas,decision_tree,0.2,0.95,11415,11387,694,official_strength_heldout,test_strong_official,750,250,real
250,208,42,0.008,1.0,0.02127659574468085,114,0.0,210,0.0,1.0,101,0.0,162,0.006172839506172839,0.9938271604938271,0.018155703946650958,0.0,41.507470099469764,41.52562580341641,0.0577437364286344,0.3532394676764274,C3_midas,decision_tree,0.2,0.9,11415,11387,696,cr_strength_heldout,test_strong_cr,750,250,real
250,217,33,0.132,0.75,0.1951219512195122,94,0.0851063829787234,152,0.006578947368421052,0.993421052631579,68,0.014705882352941176,250,0.132,0.868,0.10199377657947939,0.0664852551690655,38.83344644305326,38.935440219632746,0.23742524698461015,0.22512316696220458,C3_midas,decision_tree,0.2,0.7,11415,11387,687,residual_low_energy_heldout,test_residual_low,750,250,real
250,233,17,0.604,0.795774647887324,0.8432835820895522,99,0.29292929292929293,61,0.4262295081967213,0.5737704918032787,33,0.30303030303030304,59,0.6101694915254238,0.38983050847457623,0.6856078626143931,0.5501528431528844,33.84071671144422,34.52632457405861,0.8926444333666115,0.5166707114262965,C3_midas,hgb,0.2,0.475,11415,11387,671,random,random_1,750,250,real
250,219,31,0.636,0.6805555555555556,0.8376068376068376,102,0.45098039215686275,52,0.4230769230769231,0.5769230769230769,19,0.21052631578947367,66,0.6363636363636364,0.36363636363636365,0.5027678348116306,0.39689912289354673,34.29031846921945,34.79308630403108,0.8373575338617386,0.38300748103751486,C3_midas,hgb,0.2,0.44999999999999996,11415,11387,685,random,random_2,750,250,real
250,227,23,0.532,0.7886178861788617,0.7950819672131147,105,0.24761904761904763,65,0.2923076923076923,0.7076923076923076,34,0.11764705882352941,60,0.5666666666666667,0.43333333333333335,0.644286970193483,0.5117722451849678,34.13535826605321,34.77964523624669,0.8684907056530399,0.4963010832789301,C3_midas,hgb,0.2,0.525,11415,11387,677,random,random_3,750,250,real
250,210,40,0.212,0.627906976744186,0.3176470588235294,125,0.128,250,0.212,0.788,125,0.128,152,0.21710526315789475,0.7828947368421053,0.04156590203254905,0.022719494099228056,41.996655378489706,42.03822128052225,0.204110341566293,0.21204851965755575,C3_midas,hgb,0.2,0.475,11415,11387,694,official_strength_heldout,test_strong_official,750,250,real
250,208,42,0.228,0.7021276595744681,0.35106382978723405,114,0.12280701754385964,210,0.18571428571428572,0.8142857142857143,101,0.10891089108910891,162,0.16666666666666666,0.8333333333333334,0.14036025864541068,0.08620877405040549,41.507470099469764,41.64783035811517,0.4464120919844918,0.431951490955097,C3_midas,hgb,0.2,0.475,11415,11387,696,cr_strength_heldout,test_strong_cr,750,250,real
250,217,33,0.452,0.7452830188679245,0.6422764227642277,94,0.2872340425531915,152,0.21710526315789475,0.7828947368421053,68,0.14705882352941177,250,0.452,0.548,0.2764686815668803,0.21339548353074728,38.83344644305326,39.109915124620144,0.6435750023764945,0.4111692351581135,C3_midas,hgb,0.2,0.44999999999999996,11415,11387,687,residual_low_energy_heldout,test_residual_low,750,250,real
250,233,17,0.6,0.8248175182481752,0.8432835820895522,99,0.24242424242424243,61,0.4426229508196721,0.5573770491803278,33,0.18181818181818182,59,0.5932203389830508,0.4067796610169492,0.6803027103101411,0.5494761827694968,33.84071671144422,34.52101942175436,0.8857372566395323,0.45118997337287853,C2_both,logistic,0.2,0.125,11373,11345,671,random,random_1,750,250,real
250,219,31,0.648,0.6712328767123288,0.8376068376068376,102,0.47058823529411764,52,0.46153846153846156,0.5384615384615384,19,0.3684210526315789,66,0.6666666666666666,0.33333333333333337,0.5106630792578978,0.3988867191702896,34.29031846921945,34.800981548477345,0.8505070274470609,0.4083309590609317,C2_both,logistic,0.2,0.125,11373,11345,685,random,random_2,750,250,real
250,227,23,0.592,0.762962962962963,0.8442622950819673,105,0.3047619047619048,65,0.47692307692307695,0.523076923076923,34,0.20588235294117646,60,0.5833333333333334,0.41666666666666663,0.6344000056304073,0.504053112410191,34.13535826605321,34.76975827168362,0.8551632021842462,0.44412427437513535,C2_both,logistic,0.2,0.15,11373,11345,677,random,random_3,750,250,real
250,210,40,0.344,0.5652173913043478,0.4588235294117647,125,0.24,250,0.344,0.656,125,0.24,152,0.35526315789473684,0.6447368421052632,0.05882314551919694,0.02559292987093847,41.996655378489706,42.0554785240089,0.28885244243046077,0.15028015759294047,C2_both,logistic,0.2,0.1,11373,11345,694,official_strength_heldout,test_strong_official,750,250,real
250,208,42,0.44,0.5806451612903226,0.574468085106383,114,0.34210526315789475,210,0.40476190476190477,0.5952380952380952,101,0.3564356435643564,162,0.4444444444444444,0.5555555555555556,0.1829487764775448,0.12268844783738789,41.507470099469764,41.69041887594731,0.5818637470572537,0.3454326427683474,C2_both,logistic,0.2,0.125,11373,11345,696,cr_strength_heldout,test_strong_cr,750,250,real
250,217,33,0.544,0.6890756302521008,0.6666666666666666,94,0.39361702127659576,152,0.46710526315789475,0.5328947368421053,68,0.36764705882352944,250,0.544,0.45599999999999996,0.2741869333220119,0.21097448162672228,38.83344644305326,39.10763337637527,0.6382634563316,0.23236099285346085,C2_both,logistic,0.2,0.15,11373,11345,687,residual_low_energy_heldout,test_residual_low,750,250,real
250,233,17,0.16,0.8157894736842105,0.23134328358208955,99,0.0707070707070707,61,0.01639344262295082,0.9836065573770492,33,0.030303030303030304,59,0.0847457627118644,0.9152542372881356,0.25418922598337224,0.16490015579950099,33.84071671144422,34.09490593742759,0.3309480680845703,0.3534317079515538,C2_both,decision_tree,0.2,0.7,11373,11345,671,random,random_1,750,250,real
250,219,31,0.028,0.4,0.017094017094017096,102,0.029411764705882353,52,0.09615384615384616,0.9038461538461539,19,0.10526315789473684,66,0.09090909090909091,0.9090909090909091,0.0007156937664913698,-0.007730074606958241,34.29031846921945,34.29103416298593,0.0011919847011174966,0.12302360721600668,C2_both,decision_tree,0.2,0.775,11373,11345,685,random,random_2,750,250,real
250,227,23,0.032,0.75,0.04918032786885246,105,0.01904761904761905,65,0.015384615384615385,0.9846153846153847,34,0.029411764705882353,60,0.0,1.0,0.03062882271586801,0.004612190821348375,34.13535826605321,34.16598708876908,0.04128726652013105,0.3563552065262745,C2_both,decision_tree,0.2,0.875,11373,11345,677,random,random_3,750,250,real
250,210,40,0.0,0.0,0.0,125,0.0,250,0.0,1.0,125,0.0,152,0.0,1.0,0.0,0.0,41.996655378489706,41.996655378489706,0.0,-0.1471306768495666,C2_both,decision_tree,0.2,0.95,11373,11345,694,official_strength_heldout,test_strong_official,750,250,real
250,208,42,0.008,1.0,0.02127659574468085,114,0.0,210,0.0,1.0,101,0.0,162,0.006172839506172839,0.9938271604938271,0.018155703946650958,0.0,41.507470099469764,41.52562580341641,0.0577437364286344,0.35323946767642733,C2_both,decision_tree,0.2,0.9,11373,11345,696,cr_strength_heldout,test_strong_cr,750,250,real
250,217,33,0.132,0.75,0.1951219512195122,94,0.0851063829787234,152,0.006578947368421052,0.993421052631579,68,0.014705882352941176,250,0.132,0.868,0.10199377657947939,0.0664852551690655,38.83344644305326,38.935440219632746,0.23742524698461015,0.2251231669622045,C2_both,decision_tree,0.2,0.7,11373,11345,687,residual_low_energy_heldout,test_residual_low,750,250,real
250,233,17,0.608,0.7972027972027972,0.8507462686567164,99,0.29292929292929293,61,0.39344262295081966,0.6065573770491803,33,0.2727272727272727,59,0.6440677966101694,0.35593220338983056,0.6790332458743611,0.5481534171204034,33.84071671144422,34.51974995731858,0.8840844454281281,0.5171926017784158,C2_both,hgb,0.2,0.475,11373,11345,671,random,random_1,750,250,real
250,219,31,0.64,0.6758620689655173,0.8376068376068376,102,0.46078431372549017,52,0.38461538461538464,0.6153846153846154,19,0.21052631578947367,66,0.6363636363636364,0.36363636363636365,0.5037555364243531,0.3960686471323433,34.29031846921945,34.79407400564379,0.8390025463891022,0.3805891941364369,C2_both,hgb,0.2,0.44999999999999996,11373,11345,685,random,random_2,750,250,real
250,227,23,0.576,0.7761194029850746,0.8524590163934426,105,0.2857142857142857,65,0.3384615384615385,0.6615384615384615,34,0.14705882352941177,60,0.6,0.4,0.6668112989716084,0.5304064221847107,34.13535826605321,34.80216956502481,0.8988532166145771,0.4954295399817997,C2_both,hgb,0.2,0.44999999999999996,11373,11345,677,random,random_3,750,250,real
250,210,40,0.136,0.7,0.24705882352941178,125,0.072,250,0.136,0.864,125,0.072,152,0.13815789473684212,0.8618421052631579,0.03035957233487727,0.015617401100408974,41.996655378489706,42.02701495082458,0.1490813954723254,0.2398473157744118,C2_both,hgb,0.2,0.525,11373,11345,694,official_strength_heldout,test_strong_official,750,250,real
250,208,42,0.22,0.6818181818181818,0.3191489361702128,114,0.12280701754385964,210,0.1761904761904762,0.8238095238095238,101,0.10891089108910891,162,0.15432098765432098,0.845679012345679,0.13728366228489103,0.08289418234629964,41.507470099469764,41.64475376175465,0.4366270585943701,0.438945332089993,C2_both,hgb,0.2,0.475,11373,11345,696,cr_strength_heldout,test_strong_cr,750,250,real
250,217,33,0.436,0.7692307692307693,0.6504065040650406,94,0.2553191489361702,152,0.21052631578947367,0.7894736842105263,68,0.1323529411764706,250,0.436,0.5640000000000001,0.2811539155698619,0.22061167084519417,38.83344644305326,39.11460035862312,0.6544814799837018,0.43471832575697317,C2_both,hgb,0.2,0.475,11373,11345,687,residual_low_energy_heldout,test_residual_low,750,250,real
250,233,17,0.604,0.8175182481751825,0.835820895522388,99,0.25252525252525254,61,0.45901639344262296,0.540983606557377,33,0.21212121212121213,59,0.6101694915254238,0.38983050847457623,0.666121045864912,0.5384893113356556,33.84071671144422,34.50683775730913,0.8672730812512364,0.44387230007809936,C3_both,logistic,0.2,0.125,11493,11465,671,random,random_1,750,250,real
250,219,31,0.652,0.6802721088435374,0.8547008547008547,102,0.46078431372549017,52,0.46153846153846156,0.5384615384615384,19,0.3684210526315789,66,0.6666666666666666,0.33333333333333337,0.515663720964967,0.4043905424132501,34.29031846921945,34.80598219018441,0.8588355733834303,0.4170263123773532,C3_both,logistic,0.2,0.125,11493,11465,685,random,random_2,750,250,real
250,227,23,0.592,0.7647058823529411,0.8524590163934426,105,0.3047619047619048,65,0.49230769230769234,0.5076923076923077,34,0.20588235294117646,60,0.6,0.4,0.6378624776880818,0.5088220927848448,34.13535826605321,34.773220743741284,0.8598305708255375,0.43901027837375073,C3_both,logistic,0.2,0.15,11493,11465,677,random,random_3,750,250,real
250,210,40,0.324,0.5454545454545454,0.4235294117647059,125,0.24,250,0.324,0.6759999999999999,125,0.24,152,0.32894736842105265,0.6710526315789473,0.05471761665776373,0.023940859729259557,41.996655378489706,42.05137299514747,0.2686921461962732,0.14182537501326858,C3_both,logistic,0.2,0.125,11493,11465,694,official_strength_heldout,test_strong_official,750,250,real
250,208,42,0.436,0.5869565217391305,0.574468085106383,114,0.3333333333333333,210,0.40476190476190477,0.5952380952380952,101,0.3465346534653465,162,0.4444444444444444,0.5555555555555556,0.18518770844437737,0.12425097661831681,41.507470099469764,41.69265780791414,0.5889846109881878,0.34603298844788,C3_both,logistic,0.2,0.125,11493,11465,696,cr_strength_heldout,test_strong_cr,750,250,real
250,217,33,0.54,0.6923076923076923,0.6585365853658537,94,0.3829787234042553,152,0.47368421052631576,0.5263157894736843,68,0.35294117647058826,250,0.54,0.45999999999999996,0.2742485691705649,0.21223848850149765,38.83344644305326,39.10769501222383,0.6384069347579959,0.22949544761978047,C3_both,logistic,0.2,0.15,11493,11465,687,residual_low_energy_heldout,test_residual_low,750,250,real
250,233,17,0.16,0.8157894736842105,0.23134328358208955,99,0.0707070707070707,61,0.01639344262295082,0.9836065573770492,33,0.030303030303030304,59,0.0847457627118644,0.9152542372881356,0.25418922598337224,0.16490015579950099,33.84071671144422,34.09490593742759,0.3309480680845703,0.3534317079515537,C3_both,decision_tree,0.2,0.7,11493,11465,671,random,random_1,750,250,real
250,219,31,0.028,0.4,0.017094017094017096,102,0.029411764705882353,52,0.09615384615384616,0.9038461538461539,19,0.10526315789473684,66,0.09090909090909091,0.9090909090909091,0.0007156937664913698,-0.007730074606958241,34.29031846921945,34.29103416298593,0.0011919847011174966,0.15020062700470976,C3_both,decision_tree,0.2,0.775,11493,11465,685,random,random_2,750,250,real
250,227,23,0.032,0.75,0.04918032786885246,105,0.01904761904761905,65,0.015384615384615385,0.9846153846153847,34,0.029411764705882353,60,0.0,1.0,0.03062882271586801,0.004612190821348375,34.13535826605321,34.16598708876908,0.04128726652013105,0.3563552065262745,C3_both,decision_tree,0.2,0.875,11493,11465,677,random,random_3,750,250,real
250,210,40,0.0,0.0,0.0,125,0.0,250,0.0,1.0,125,0.0,152,0.0,1.0,0.0,0.0,41.996655378489706,41.996655378489706,0.0,-0.1471306768495666,C3_both,decision_tree,0.2,0.95,11493,11465,694,official_strength_heldout,test_strong_official,750,250,real
250,208,42,0.008,1.0,0.02127659574468085,114,0.0,210,0.0,1.0,101,0.0,162,0.006172839506172839,0.9938271604938271,0.018155703946650958,0.0,41.507470099469764,41.52562580341641,0.0577437364286344,0.35323946767642744,C3_both,decision_tree,0.2,0.9,11493,11465,696,cr_strength_heldout,test_strong_cr,750,250,real
250,217,33,0.132,0.75,0.1951219512195122,94,0.0851063829787234,152,0.006578947368421052,0.993421052631579,68,0.014705882352941176,250,0.132,0.868,0.10199377657947939,0.0664852551690655,38.83344644305326,38.935440219632746,0.23742524698461015,0.22512316696220455,C3_both,decision_tree,0.2,0.7,11493,11465,687,residual_low_energy_heldout,test_residual_low,750,250,real
250,233,17,0.596,0.8014184397163121,0.8432835820895522,99,0.2828282828282828,61,0.39344262295081966,0.6065573770491803,33,0.24242424242424243,59,0.5932203389830508,0.4067796610169492,0.686303976131991,0.5511238064016766,33.84071671144422,34.52702068757621,0.8935507559022159,0.5194891589889626,C3_both,hgb,0.2,0.475,11493,11465,671,random,random_1,750,250,real
250,219,31,0.656,0.6824324324324325,0.8632478632478633,102,0.46078431372549017,52,0.46153846153846156,0.5384615384615384,19,0.21052631578947367,66,0.696969696969697,0.303030303030303,0.5228700112802462,0.41288057852693416,34.29031846921945,34.8131884804997,0.8708376170085057,0.37888774801617625,C3_both,hgb,0.2,0.42499999999999993,11493,11465,685,random,random_2,750,250,real
250,227,23,0.588,0.7591240875912408,0.8524590163934426,105,0.3142857142857143,65,0.3384615384615385,0.6615384615384615,34,0.14705882352941177,60,0.6166666666666667,0.3833333333333333,0.6663947256173144,0.5327604066286038,34.13535826605321,34.801752991670526,0.8982916809896699,0.49561525845056126,C3_both,hgb,0.2,0.44999999999999996,11493,11465,677,random,random_3,750,250,real
250,210,40,0.176,0.5833333333333334,0.24705882352941178,125,0.12,250,0.176,0.8240000000000001,125,0.12,152,0.18421052631578946,0.8157894736842105,0.02540893834203834,0.008829699406985766,41.996655378489706,42.02206431683173,0.1247711905727233,0.21130155860191085,C3_both,hgb,0.2,0.49999999999999994,11493,11465,694,official_strength_heldout,test_strong_official,750,250,real
250,208,42,0.22,0.7111111111111111,0.3404255319148936,114,0.11403508771929824,210,0.1761904761904762,0.8238095238095238,101,0.09900990099009901,162,0.16049382716049382,0.8395061728395061,0.13647838379586857,0.07883623140866579,41.507470099469764,41.64394848326563,0.4340658916487977,0.4386124679333533,C3_both,hgb,0.2,0.44999999999999996,11493,11465,696,cr_strength_heldout,test_strong_cr,750,250,real
250,217,33,0.452,0.7663551401869159,0.6666666666666666,94,0.26595744680851063,152,0.23026315789473684,0.7697368421052632,68,0.1323529411764706,250,0.452,0.548,0.28290484217216944,0.22214089490480096,38.83344644305326,39.11635128522543,0.6585573578945549,0.4426920615915913,C3_both,hgb,0.2,0.44999999999999996,11493,11465,687,residual_low_energy_heldout,test_residual_low,750,250,real
250,233,17,0.608,0.8057553956834532,0.835820895522388,99,0.2727272727272727,61,0.4262295081967213,0.5737704918032787,33,0.18181818181818182,59,0.5932203389830508,0.4067796610169492,0.6760159075621635,0.5453751020666024,33.84071671144422,34.51673261900639,0.8801559457786399,0.4589744959421448,C2_depthanything_shuffled_depth,logistic,0.2,0.125,11355,11327,671,random,random_1,750,250,real
250,219,31,0.652,0.673469387755102,0.8461538461538461,102,0.47058823529411764,52,0.4807692307692308,0.5192307692307692,19,0.3684210526315789,66,0.6666666666666666,0.33333333333333337,0.5137480867561549,0.3998305796105794,34.29031846921945,34.8040665559756,0.8556450933530737,0.4122951315769736,C2_depthanything_shuffled_depth,logistic,0.2,0.125,11355,11327,685,random,random_2,750,250,real
250,227,23,0.604,0.7518248175182481,0.8442622950819673,105,0.3238095238095238,65,0.5230769230769231,0.4769230769230769,34,0.29411764705882354,60,0.6,0.4,0.6341149532702264,0.5047341497315992,34.13535826605321,34.76947321932344,0.8547789551997584,0.4385373115085831,C2_depthanything_shuffled_depth,logistic,0.2,0.125,11355,11327,677,random,random_3,750,250,real
250,210,40,0.324,0.5454545454545454,0.4235294117647059,125,0.24,250,0.324,0.6759999999999999,125,0.24,152,0.32894736842105265,0.6710526315789473,0.05627944975208541,0.025834969620823045,41.996655378489706,42.052934828241796,0.2763615644156085,0.1373050277185982,C2_depthanything_shuffled_depth,logistic,0.2,0.125,11355,11327,694,official_strength_heldout,test_strong_official,750,250,real
250,208,42,0.428,0.5617977528089888,0.5319148936170213,114,0.34210526315789475,210,0.3952380952380952,0.6047619047619048,101,0.3564356435643564,162,0.4382716049382716,0.5617283950617284,0.17534871443087813,0.11297790151857513,41.507470099469764,41.68281881390064,0.5576919506370471,0.3465554765716216,C2_depthanything_shuffled_depth,logistic,0.2,0.1,11355,11327,696,cr_strength_heldout,test_strong_cr,750,250,real
250,217,33,0.552,0.6859504132231405,0.6747967479674797,94,0.40425531914893614,152,0.47368421052631576,0.5263157894736843,68,0.38235294117647056,250,0.552,0.44799999999999995,0.27195668920699195,0.2087377892647009,38.83344644305326,39.10540313226025,0.633071803687657,0.22623645183882476,C2_depthanything_shuffled_depth,logistic,0.2,0.125,11355,11327,687,residual_low_energy_heldout,test_residual_low,750,250,real
250,233,17,0.16,0.8157894736842105,0.23134328358208955,99,0.0707070707070707,61,0.01639344262295082,0.9836065573770492,33,0.030303030303030304,59,0.0847457627118644,0.9152542372881356,0.25418922598337224,0.16490015579950099,33.84071671144422,34.09490593742759,0.3309480680845703,0.3534317079515537,C2_depthanything_shuffled_depth,decision_tree,0.2,0.7,11355,11327,671,random,random_1,750,250,real
250,219,31,0.028,0.4,0.017094017094017096,102,0.029411764705882353,52,0.09615384615384616,0.9038461538461539,19,0.10526315789473684,66,0.09090909090909091,0.9090909090909091,0.0007156937664913698,-0.007730074606958241,34.29031846921945,34.29103416298593,0.0011919847011174966,0.12280935906801914,C2_depthanything_shuffled_depth,decision_tree,0.2,0.775,11355,11327,685,random,random_2,750,250,real
250,227,23,0.032,0.75,0.04918032786885246,105,0.01904761904761905,65,0.015384615384615385,0.9846153846153847,34,0.029411764705882353,60,0.0,1.0,0.03062882271586801,0.004612190821348375,34.13535826605321,34.16598708876908,0.04128726652013105,0.3563552065262744,C2_depthanything_shuffled_depth,decision_tree,0.2,0.875,11355,11327,677,random,random_3,750,250,real
250,210,40,0.0,0.0,0.0,125,0.0,250,0.0,1.0,125,0.0,152,0.0,1.0,0.0,0.0,41.996655378489706,41.996655378489706,0.0,-0.1471306768495666,C2_depthanything_shuffled_depth,decision_tree,0.2,0.95,11355,11327,694,official_strength_heldout,test_strong_official,750,250,real
250,208,42,0.008,1.0,0.02127659574468085,114,0.0,210,0.0,1.0,101,0.0,162,0.006172839506172839,0.9938271604938271,0.018155703946650958,0.0,41.507470099469764,41.52562580341641,0.0577437364286344,0.3532394676764274,C2_depthanything_shuffled_depth,decision_tree,0.2,0.9,11355,11327,696,cr_strength_heldout,test_strong_cr,750,250,real
250,217,33,0.132,0.75,0.1951219512195122,94,0.0851063829787234,152,0.006578947368421052,0.993421052631579,68,0.014705882352941176,250,0.132,0.868,0.10199377657947939,0.0664852551690655,38.83344644305326,38.935440219632746,0.23742524698461015,0.22512316696220455,C2_depthanything_shuffled_depth,decision_tree,0.2,0.7,11355,11327,687,residual_low_energy_heldout,test_residual_low,750,250,real
250,233,17,0.648,0.7748344370860927,0.8731343283582089,99,0.3434343434343434,61,0.4098360655737705,0.5901639344262295,33,0.30303030303030304,59,0.6271186440677966,0.3728813559322034,0.6951612799359622,0.5576337333249595,33.84071671144422,34.53587799138018,0.905082745785037,0.5196913468950717,C2_depthanything_shuffled_depth,hgb,0.2,0.44999999999999996,11355,11327,671,random,random_1,750,250,real
250,219,31,0.624,0.6879432624113475,0.8290598290598291,102,0.43137254901960786,52,0.40384615384615385,0.5961538461538461,19,0.21052631578947367,66,0.6363636363636364,0.36363636363636365,0.5025420913055682,0.3982793952213858,34.29031846921945,34.79286056052502,0.8369815590828577,0.380151665525388,C2_depthanything_shuffled_depth,hgb,0.2,0.44999999999999996,11355,11327,685,random,random_2,750,250,real
250,227,23,0.568,0.7727272727272727,0.8360655737704918,105,0.2857142857142857,65,0.3076923076923077,0.6923076923076923,34,0.14705882352941177,60,0.5833333333333334,0.41666666666666663,0.663335543985027,0.5271739249783564,34.13535826605321,34.79869381003823,0.8941679427527347,0.501284272675404,C2_depthanything_shuffled_depth,hgb,0.2,0.475,11355,11327,677,random,random_3,750,250,real
250,210,40,0.164,0.5588235294117647,0.2235294117647059,125,0.12,250,0.164,0.836,125,0.12,152,0.16447368421052633,0.8355263157894737,0.024242787782733956,0.008166279390883486,41.996655378489706,42.02089816627243,0.11904478076713428,0.19021517160829765,C2_depthanything_shuffled_depth,hgb,0.2,0.49999999999999994,11355,11327,694,official_strength_heldout,test_strong_official,750,250,real
250,208,42,0.172,0.7714285714285715,0.2872340425531915,114,0.07017543859649122,210,0.12857142857142856,0.8714285714285714,101,0.0594059405940594,162,0.12345679012345678,0.8765432098765432,0.13335193790477118,0.07699280382167396,41.507470099469764,41.64082203737454,0.4241223131445218,0.458978828643829,C2_depthanything_shuffled_depth,hgb,0.2,0.49999999999999994,11355,11327,696,cr_strength_heldout,test_strong_cr,750,250,real
250,217,33,0.456,0.75,0.6585365853658537,94,0.2872340425531915,152,0.23026315789473684,0.7697368421052632,68,0.14705882352941177,250,0.456,0.544,0.27908561686433153,0.21817544850294315,38.83344644305326,39.11253205991759,0.6496668104277036,0.4205076769872386,C2_depthanything_shuffled_depth,hgb,0.2,0.44999999999999996,11355,11327,687,residual_low_energy_heldout,test_residual_low,750,250,real
250,233,17,0.624,0.7832167832167832,0.835820895522388,99,0.31313131313131315,61,0.45901639344262296,0.540983606557377,33,0.21212121212121213,59,0.6101694915254238,0.38983050847457623,0.6771252140765655,0.5473759838037067,33.84071671144422,34.517841925520784,0.8816002353484858,0.4570716255351796,C3_depthanything_shuffled_depth,logistic,0.2,0.125,11415,11387,671,random,random_1,750,250,real
250,219,31,0.66,0.6644295302013423,0.8461538461538461,102,0.49019607843137253,52,0.5,0.5,19,0.42105263157894735,66,0.6818181818181818,0.31818181818181823,0.5117958304193675,0.3983050822925017,34.29031846921945,34.802114299638816,0.8523936193357458,0.4135963789636459,C3_depthanything_shuffled_depth,logistic,0.2,0.125,11415,11387,685,random,random_2,750,250,real
250,227,23,0.6,0.762962962962963,0.8442622950819673,105,0.3047619047619048,65,0.5230769230769231,0.4769230769230769,34,0.29411764705882354,60,0.6,0.4,0.636762744743013,0.5074812651750497,34.13535826605321,34.77212101079622,0.858348144692962,0.4435795327422922,C3_depthanything_shuffled_depth,logistic,0.2,0.125,11415,11387,677,random,random_3,750,250,real
250,210,40,0.34,0.5142857142857142,0.4235294117647059,125,0.272,250,0.34,0.6599999999999999,125,0.272,152,0.3355263157894737,0.6644736842105263,0.055284390679209164,0.02503727408827684,41.996655378489706,42.05193976916891,0.27147530338645137,0.13683777564912514,C3_depthanything_shuffled_depth,logistic,0.2,0.1,11415,11387,694,official_strength_heldout,test_strong_official,750,250,real
250,208,42,0.42,0.5632183908045977,0.5212765957446809,114,0.3333333333333333,210,0.38571428571428573,0.6142857142857143,101,0.3465346534653465,162,0.42592592592592593,0.5740740740740741,0.1748607892455156,0.11155649878025213,41.507470099469764,41.682330888715285,0.5561401174840471,0.3452417035632009,C3_depthanything_shuffled_depth,logistic,0.2,0.1,11415,11387,696,cr_strength_heldout,test_strong_cr,750,250,real
250,217,33,0.556,0.6859504132231405,0.6747967479674797,94,0.40425531914893614,152,0.47368421052631576,0.5263157894736843,68,0.36764705882352944,250,0.556,0.44399999999999995,0.27742804799164106,0.21099726086111292,38.83344644305326,39.1108744910449,0.6458082544236923,0.23165234094153542,C3_depthanything_shuffled_depth,logistic,0.2,0.1,11415,11387,687,residual_low_energy_heldout,test_residual_low,750,250,real
250,233,17,0.16,0.8157894736842105,0.23134328358208955,99,0.0707070707070707,61,0.01639344262295082,0.9836065573770492,33,0.030303030303030304,59,0.0847457627118644,0.9152542372881356,0.25418922598337224,0.16490015579950099,33.84071671144422,34.09490593742759,0.3309480680845703,0.3534317079515537,C3_depthanything_shuffled_depth,decision_tree,0.2,0.7,11415,11387,671,random,random_1,750,250,real
250,219,31,0.028,0.4,0.017094017094017096,102,0.029411764705882353,52,0.09615384615384616,0.9038461538461539,19,0.10526315789473684,66,0.09090909090909091,0.9090909090909091,0.0007156937664913698,-0.007730074606958241,34.29031846921945,34.29103416298593,0.0011919847011174966,0.1313287627774768,C3_depthanything_shuffled_depth,decision_tree,0.2,0.775,11415,11387,685,random,random_2,750,250,real
250,227,23,0.032,0.75,0.04918032786885246,105,0.01904761904761905,65,0.015384615384615385,0.9846153846153847,34,0.029411764705882353,60,0.0,1.0,0.03062882271586801,0.004612190821348375,34.13535826605321,34.16598708876908,0.04128726652013105,0.3563552065262745,C3_depthanything_shuffled_depth,decision_tree,0.2,0.875,11415,11387,677,random,random_3,750,250,real
250,210,40,0.0,0.0,0.0,125,0.0,250,0.0,1.0,125,0.0,152,0.0,1.0,0.0,0.0,41.996655378489706,41.996655378489706,0.0,-0.1471306768495666,C3_depthanything_shuffled_depth,decision_tree,0.2,0.95,11415,11387,694,official_strength_heldout,test_strong_official,750,250,real
250,208,42,0.008,1.0,0.02127659574468085,114,0.0,210,0.0,1.0,101,0.0,162,0.006172839506172839,0.9938271604938271,0.018155703946650958,0.0,41.507470099469764,41.52562580341641,0.0577437364286344,0.3532394676764274,C3_depthanything_shuffled_depth,decision_tree,0.2,0.9,11415,11387,696,cr_strength_heldout,test_strong_cr,750,250,real
250,217,33,0.132,0.75,0.1951219512195122,94,0.0851063829787234,152,0.006578947368421052,0.993421052631579,68,0.014705882352941176,250,0.132,0.868,0.10199377657947939,0.0664852551690655,38.83344644305326,38.935440219632746,0.23742524698461015,0.22512316696220447,C3_depthanything_shuffled_depth,decision_tree,0.2,0.7,11415,11387,687,residual_low_energy_heldout,test_residual_low,750,250,real
250,233,17,0.612,0.8068965517241379,0.8731343283582089,99,0.2828282828282828,61,0.3770491803278688,0.6229508196721312,33,0.2727272727272727,59,0.6101694915254238,0.38983050847457623,0.6974521672441394,0.5608227111475008,33.84071671144422,34.53816887868836,0.9080654242439985,0.5202769431308608,C3_depthanything_shuffled_depth,hgb,0.2,0.475,11415,11387,671,random,random_1,750,250,real
250,219,31,0.656,0.6870748299319728,0.8632478632478633,102,0.45098039215686275,52,0.46153846153846156,0.5384615384615384,19,0.21052631578947367,66,0.696969696969697,0.303030303030303,0.524063913254481,0.41389110227178405,34.29031846921945,34.81438238247392,0.8728260552967118,0.3823760046453406,C3_depthanything_shuffled_depth,hgb,0.2,0.42499999999999993,11415,11387,685,random,random_2,750,250,real
250,227,23,0.536,0.7903225806451613,0.8032786885245902,105,0.24761904761904763,65,0.3076923076923077,0.6923076923076923,34,0.14705882352941177,60,0.5833333333333334,0.41666666666666663,0.6446815401334618,0.5081782286359192,34.13535826605321,34.780039806186664,0.869022580953108,0.4976572507508318,C3_depthanything_shuffled_depth,hgb,0.2,0.49999999999999994,11415,11387,677,random,random_3,750,250,real
250,210,40,0.224,0.6222222222222222,0.32941176470588235,125,0.136,250,0.224,0.776,125,0.136,152,0.25,0.75,0.04298566729196551,0.023900948260993482,41.996655378489706,42.039641045781664,0.2110821323340364,0.22318476159919626,C3_depthanything_shuffled_depth,hgb,0.2,0.44999999999999996,11415,11387,694,official_strength_heldout,test_strong_official,750,250,real
250,208,42,0.288,0.6428571428571429,0.3829787234042553,114,0.17543859649122806,210,0.24761904761904763,0.7523809523809524,101,0.16831683168316833,162,0.20987654320987653,0.7901234567901234,0.1489035848262349,0.09069343200759443,41.507470099469764,41.656373684296,0.4735839150467622,0.4336792621079562,C3_depthanything_shuffled_depth,hgb,0.2,0.42499999999999993,11415,11387,696,cr_strength_heldout,test_strong_cr,750,250,real
250,217,33,0.46,0.7314814814814815,0.6422764227642277,94,0.30851063829787234,152,0.23026315789473684,0.7697368421052632,68,0.16176470588235295,250,0.46,0.54,0.2701352669129587,0.20892606374880449,38.83344644305326,39.10358170996622,0.6288318230483763,0.42464042685824976,C3_depthanything_shuffled_depth,hgb,0.2,0.42499999999999993,11415,11387,687,residual_low_energy_heldout,test_residual_low,750,250,real
250,233,17,0.596,0.8308823529411765,0.8432835820895522,99,0.23232323232323232,61,0.4426229508196721,0.5573770491803278,33,0.18181818181818182,59,0.5932203389830508,0.4067796610169492,0.6804095011240031,0.5496844248565277,33.84071671144422,34.52112621256823,0.8858762956306622,0.45055062949231117,C2_midas_shuffled_depth,logistic,0.2,0.125,11355,11327,671,random,random_1,750,250,real
250,219,31,0.656,0.6621621621621622,0.8376068376068376,102,0.49019607843137253,52,0.4807692307692308,0.5192307692307692,19,0.42105263157894735,66,0.6818181818181818,0.31818181818181823,0.5080480769620472,0.3963964439470185,34.29031846921945,34.7983665461815,0.8461517530601927,0.4046148402829583,C2_midas_shuffled_depth,logistic,0.2,0.125,11355,11327,685,random,random_2,750,250,real
250,227,23,0.612,0.75,0.860655737704918,105,0.3333333333333333,65,0.5230769230769231,0.4769230769230769,34,0.29411764705882354,60,0.6166666666666667,0.3833333333333333,0.6398041765485036,0.5121901126000568,34.13535826605321,34.775162442601705,0.8624479563873579,0.43116262316498544,C2_midas_shuffled_depth,logistic,0.2,0.125,11355,11327,677,random,random_3,750,250,real
250,210,40,0.34,0.5588235294117647,0.4470588235294118,125,0.24,250,0.34,0.6599999999999999,125,0.24,152,0.35526315789473684,0.6447368421052632,0.06165548733910006,0.03008625975970249,41.996655378489706,42.0583108658288,0.30276072369042767,0.16507576750221437,C2_midas_shuffled_depth,logistic,0.2,0.1,11355,11327,694,official_strength_heldout,test_strong_official,750,250,real
250,208,42,0.452,0.5789473684210527,0.5851063829787234,114,0.3508771929824561,210,0.41904761904761906,0.5809523809523809,101,0.36633663366336633,162,0.4506172839506173,0.5493827160493827,0.18375792138596178,0.12232504817133977,41.507470099469764,41.69122802085572,0.5844372110474958,0.35082976366304996,C2_midas_shuffled_depth,logistic,0.2,0.1,11355,11327,696,cr_strength_heldout,test_strong_cr,750,250,real
250,217,33,0.556,0.680327868852459,0.6747967479674797,94,0.4148936170212766,152,0.48026315789473684,0.5197368421052632,68,0.39705882352941174,250,0.556,0.44399999999999995,0.27335176094737934,0.20905598588164845,38.83344644305326,39.10679820400065,0.6363193082279425,0.21115587782688702,C2_midas_shuffled_depth,logistic,0.2,0.125,11355,11327,687,residual_low_energy_heldout,test_residual_low,750,250,real
250,233,17,0.16,0.8157894736842105,0.23134328358208955,99,0.0707070707070707,61,0.01639344262295082,0.9836065573770492,33,0.030303030303030304,59,0.0847457627118644,0.9152542372881356,0.25418922598337224,0.16490015579950099,33.84071671144422,34.09490593742759,0.3309480680845703,0.3534317079515537,C2_midas_shuffled_depth,decision_tree,0.2,0.7,11355,11327,671,random,random_1,750,250,real
250,219,31,0.028,0.4,0.017094017094017096,102,0.029411764705882353,52,0.09615384615384616,0.9038461538461539,19,0.10526315789473684,66,0.09090909090909091,0.9090909090909091,0.0007156937664913698,-0.007730074606958241,34.29031846921945,34.29103416298593,0.0011919847011174966,0.12280935906801914,C2_midas_shuffled_depth,decision_tree,0.2,0.775,11355,11327,685,random,random_2,750,250,real
250,227,23,0.032,0.75,0.04918032786885246,105,0.01904761904761905,65,0.015384615384615385,0.9846153846153847,34,0.029411764705882353,60,0.0,1.0,0.03062882271586801,0.004612190821348375,34.13535826605321,34.16598708876908,0.04128726652013105,0.3563552065262744,C2_midas_shuffled_depth,decision_tree,0.2,0.875,11355,11327,677,random,random_3,750,250,real
250,210,40,0.0,0.0,0.0,125,0.0,250,0.0,1.0,125,0.0,152,0.0,1.0,0.0,0.0,41.996655378489706,41.996655378489706,0.0,-0.1471306768495666,C2_midas_shuffled_depth,decision_tree,0.2,0.95,11355,11327,694,official_strength_heldout,test_strong_official,750,250,real
250,208,42,0.008,1.0,0.02127659574468085,114,0.0,210,0.0,1.0,101,0.0,162,0.006172839506172839,0.9938271604938271,0.018155703946650958,0.0,41.507470099469764,41.52562580341641,0.0577437364286344,0.3532394676764274,C2_midas_shuffled_depth,decision_tree,0.2,0.9,11355,11327,696,cr_strength_heldout,test_strong_cr,750,250,real
250,217,33,0.132,0.75,0.1951219512195122,94,0.0851063829787234,152,0.006578947368421052,0.993421052631579,68,0.014705882352941176,250,0.132,0.868,0.10199377657947939,0.0664852551690655,38.83344644305326,38.935440219632746,0.23742524698461015,0.22512316696220455,C2_midas_shuffled_depth,decision_tree,0.2,0.7,11355,11327,687,residual_low_energy_heldout,test_residual_low,750,250,real
250,233,17,0.64,0.7814569536423841,0.8805970149253731,99,0.3333333333333333,61,0.39344262295081966,0.6065573770491803,33,0.2727272727272727,59,0.6101694915254238,0.38983050847457623,0.6967381740087523,0.5581209045988854,33.84071671144422,34.53745488545297,0.9071358227592673,0.5193110239073249,C2_midas_shuffled_depth,hgb,0.2,0.44999999999999996,11355,11327,671,random,random_1,750,250,real
250,219,31,0.608,0.697841726618705,0.8290598290598291,102,0.4117647058823529,52,0.38461538461538464,0.6153846153846154,19,0.21052631578947367,66,0.6212121212121212,0.3787878787878788,0.5136621430645614,0.4065782242600777,34.29031846921945,34.80398061228401,0.8555019545270375,0.376978740616613,C2_midas_shuffled_depth,hgb,0.2,0.475,11355,11327,685,random,random_2,750,250,real
250,227,23,0.588,0.7681159420289855,0.8688524590163934,105,0.3047619047619048,65,0.35384615384615387,0.6461538461538461,34,0.14705882352941177,60,0.6,0.4,0.6769913468652592,0.5453828687553379,34.13535826605321,34.81234961291847,0.9125757927146081,0.48883291782561594,C2_midas_shuffled_depth,hgb,0.2,0.475,11355,11327,677,random,random_3,750,250,real
250,210,40,0.176,0.6388888888888888,0.27058823529411763,125,0.104,250,0.176,0.8240000000000001,125,0.104,152,0.18421052631578946,0.8157894736842105,0.031467579696845174,0.014100312756383654,41.996655378489706,42.02812295818655,0.1545222917370604,0.21528989919742206,C2_midas_shuffled_depth,hgb,0.2,0.49999999999999994,11355,11327,694,official_strength_heldout,test_strong_official,750,250,real
250,208,42,0.172,0.7714285714285715,0.2872340425531915,114,0.07017543859649122,210,0.12857142857142856,0.8714285714285714,101,0.0594059405940594,162,0.12345679012345678,0.8765432098765432,0.13335193790477118,0.07699280382167396,41.507470099469764,41.64082203737454,0.4241223131445218,0.458978828643829,C2_midas_shuffled_depth,hgb,0.2,0.49999999999999994,11355,11327,696,cr_strength_heldout,test_strong_cr,750,250,real
250,217,33,0.456,0.75,0.6585365853658537,94,0.2872340425531915,152,0.23026315789473684,0.7697368421052632,68,0.14705882352941177,250,0.456,0.544,0.27908561686433153,0.21817544850294315,38.83344644305326,39.11253205991759,0.6496668104277036,0.4205076769872386,C2_midas_shuffled_depth,hgb,0.2,0.44999999999999996,11355,11327,687,residual_low_energy_heldout,test_residual_low,750,250,real
250,233,17,0.588,0.8283582089552238,0.8283582089552238,99,0.23232323232323232,61,0.4426229508196721,0.5573770491803278,33,0.18181818181818182,59,0.5932203389830508,0.4067796610169492,0.6619171699055006,0.5357889496545564,33.84071671144422,34.50263388134972,0.8617997390123903,0.44584855162572495,C3_midas_shuffled_depth,logistic,0.2,0.125,11415,11387,671,random,random_1,750,250,real
250,219,31,0.668,0.6622516556291391,0.8547008547008547,102,0.5,52,0.5,0.5,19,0.42105263157894735,66,0.696969696969697,0.303030303030303,0.5142406535947907,0.3994992417415859,34.29031846921945,34.80455912281424,0.8564654611743697,0.4002525947206539,C3_midas_shuffled_depth,logistic,0.2,0.1,11415,11387,685,random,random_2,750,250,real
250,227,23,0.604,0.7591240875912408,0.8524590163934426,105,0.3142857142857143,65,0.49230769230769234,0.5076923076923077,34,0.23529411764705882,60,0.6,0.4,0.6369722339196969,0.5090417803320229,34.13535826605321,34.7723304999729,0.8586305334596172,0.4305364867640606,C3_midas_shuffled_depth,logistic,0.2,0.125,11415,11387,677,random,random_3,750,250,real
250,210,40,0.332,0.5588235294117647,0.4470588235294118,125,0.24,250,0.332,0.6679999999999999,125,0.24,152,0.34868421052631576,0.6513157894736843,0.06065711290620706,0.033181943981689714,41.996655378489706,42.057312491395905,0.29785818250777096,0.17286391190540074,C3_midas_shuffled_depth,logistic,0.2,0.1,11415,11387,694,official_strength_heldout,test_strong_official,750,250,real
250,208,42,0.468,0.5816326530612245,0.6063829787234043,114,0.35964912280701755,210,0.43333333333333335,0.5666666666666667,101,0.36633663366336633,162,0.4567901234567901,0.5432098765432098,0.18663711718109535,0.12389837926406479,41.507470099469764,41.694107216650856,0.5935944171579917,0.3482190033673182,C3_midas_shuffled_depth,logistic,0.2,0.1,11415,11387,696,cr_strength_heldout,test_strong_cr,750,250,real
250,217,33,0.548,0.6833333333333333,0.6666666666666666,94,0.40425531914893614,152,0.47368421052631576,0.5263157894736843,68,0.38235294117647056,250,0.548,0.45199999999999996,0.2732384614940426,0.2100814990083321,38.83344644305326,39.10668490454731,0.6360555651683771,0.20973265651367054,C3_midas_shuffled_depth,logistic,0.2,0.125,11415,11387,687,residual_low_energy_heldout,test_residual_low,750,250,real
250,233,17,0.16,0.8157894736842105,0.23134328358208955,99,0.0707070707070707,61,0.01639344262295082,0.9836065573770492,33,0.030303030303030304,59,0.0847457627118644,0.9152542372881356,0.25418922598337224,0.16490015579950099,33.84071671144422,34.09490593742759,0.3309480680845703,0.3534317079515537,C3_midas_shuffled_depth,decision_tree,0.2,0.7,11415,11387,671,random,random_1,750,250,real
250,219,31,0.028,0.4,0.017094017094017096,102,0.029411764705882353,52,0.09615384615384616,0.9038461538461539,19,0.10526315789473684,66,0.09090909090909091,0.9090909090909091,0.0007156937664913698,-0.007730074606958241,34.29031846921945,34.29103416298593,0.0011919847011174966,0.1313287627774768,C3_midas_shuffled_depth,decision_tree,0.2,0.775,11415,11387,685,random,random_2,750,250,real
250,227,23,0.032,0.75,0.04918032786885246,105,0.01904761904761905,65,0.015384615384615385,0.9846153846153847,34,0.029411764705882353,60,0.0,1.0,0.03062882271586801,0.004612190821348375,34.13535826605321,34.16598708876908,0.04128726652013105,0.3563552065262745,C3_midas_shuffled_depth,decision_tree,0.2,0.875,11415,11387,677,random,random_3,750,250,real
250,210,40,0.0,0.0,0.0,125,0.0,250,0.0,1.0,125,0.0,152,0.0,1.0,0.0,0.0,41.996655378489706,41.996655378489706,0.0,-0.1471306768495666,C3_midas_shuffled_depth,decision_tree,0.2,0.95,11415,11387,694,official_strength_heldout,test_strong_official,750,250,real
250,208,42,0.008,1.0,0.02127659574468085,114,0.0,210,0.0,1.0,101,0.0,162,0.006172839506172839,0.9938271604938271,0.018155703946650958,0.0,41.507470099469764,41.52562580341641,0.0577437364286344,0.3532394676764274,C3_midas_shuffled_depth,decision_tree,0.2,0.9,11415,11387,696,cr_strength_heldout,test_strong_cr,750,250,real
250,217,33,0.132,0.75,0.1951219512195122,94,0.0851063829787234,152,0.006578947368421052,0.993421052631579,68,0.014705882352941176,250,0.132,0.868,0.10199377657947939,0.0664852551690655,38.83344644305326,38.935440219632746,0.23742524698461015,0.22512316696220447,C3_midas_shuffled_depth,decision_tree,0.2,0.7,11415,11387,687,residual_low_energy_heldout,test_residual_low,750,250,real
250,233,17,0.62,0.7931034482758621,0.8582089552238806,99,0.30303030303030304,61,0.39344262295081966,0.6065573770491803,33,0.24242424242424243,59,0.6101694915254238,0.38983050847457623,0.6828942000039896,0.5433778748412226,33.84071671144422,34.52361091144821,0.8891113119493995,0.5068230184755457,C3_midas_shuffled_depth,hgb,0.2,0.44999999999999996,11415,11387,671,random,random_1,750,250,real
250,219,31,0.624,0.6950354609929078,0.8376068376068376,102,0.4215686274509804,52,0.40384615384615385,0.5961538461538461,19,0.21052631578947367,66,0.6363636363636364,0.36363636363636365,0.5075465881512068,0.40032640113715534,34.29031846921945,34.79786505737066,0.8453165257349167,0.37703532860641353,C3_midas_shuffled_depth,hgb,0.2,0.44999999999999996,11415,11387,685,random,random_2,750,250,real
250,227,23,0.556,0.7674418604651163,0.8114754098360656,105,0.2857142857142857,65,0.3076923076923077,0.6923076923076923,34,0.11764705882352941,60,0.5666666666666667,0.43333333333333335,0.646777507614968,0.5162690193667692,34.13535826605321,34.78213577366818,0.8718479186694559,0.474881936837199,C3_midas_shuffled_depth,hgb,0.2,0.49999999999999994,11415,11387,677,random,random_3,750,250,real
250,210,40,0.224,0.627906976744186,0.3176470588235294,125,0.128,250,0.224,0.776,125,0.128,152,0.23684210526315788,0.7631578947368421,0.045454721361897814,0.02605637718204502,41.996655378489706,42.042110099851605,0.223206480535716,0.2081002580648317,C3_midas_shuffled_depth,hgb,0.2,0.44999999999999996,11415,11387,694,official_strength_heldout,test_strong_official,750,250,real
250,208,42,0.204,0.7317073170731707,0.3191489361702128,114,0.09649122807017543,210,0.16666666666666666,0.8333333333333334,101,0.0891089108910891,162,0.1419753086419753,0.8580246913580247,0.1353113439564991,0.0775848560100744,41.507470099469764,41.64278144342626,0.4303541522921589,0.4521488742508053,C3_midas_shuffled_depth,hgb,0.2,0.475,11415,11387,696,cr_strength_heldout,test_strong_cr,750,250,real
250,217,33,0.412,0.7575757575757576,0.6097560975609756,94,0.2553191489361702,152,0.19078947368421054,0.8092105263157895,68,0.11764705882352941,250,0.412,0.5880000000000001,0.2679561099128932,0.2089403999146667,38.83344644305326,39.10140255296616,0.6237590930612126,0.43323745570737854,C3_midas_shuffled_depth,hgb,0.2,0.49999999999999994,11415,11387,687,residual_low_energy_heldout,test_residual_low,750,250,real
250,233,17,0.612,0.8071428571428572,0.8432835820895522,99,0.2727272727272727,61,0.4426229508196721,0.5573770491803278,33,0.18181818181818182,59,0.5932203389830508,0.4067796610169492,0.6779818776646297,0.5455990983548606,33.84071671144422,34.51869858910886,0.8827155900940359,0.4559150442385933,C2_both_shuffled_depth,logistic,0.2,0.125,11373,11345,671,random,random_1,750,250,real
250,219,31,0.648,0.678082191780822,0.8461538461538461,102,0.46078431372549017,52,0.5,0.5,19,0.42105263157894735,66,0.6818181818181818,0.31818181818181823,0.5155791282230427,0.3990827459325779,34.29031846921945,34.80589759744248,0.8586946845579013,0.4090869655072888,C2_both_shuffled_depth,logistic,0.2,0.125,11373,11345,685,random,random_2,750,250,real
250,227,23,0.596,0.7518248175182481,0.8442622950819673,105,0.3238095238095238,65,0.5230769230769231,0.4769230769230769,34,0.29411764705882354,60,0.6166666666666667,0.3833333333333333,0.6299127542429589,0.5040167158139147,34.13535826605321,34.76527102029617,0.8491144439379676,0.43380338953211073,C2_both_shuffled_depth,logistic,0.2,0.125,11373,11345,677,random,random_3,750,250,real
250,210,40,0.336,0.5441176470588235,0.43529411764705883,125,0.248,250,0.336,0.6639999999999999,125,0.248,152,0.34868421052631576,0.6513157894736843,0.05514261865788956,0.02360270093295255,41.996655378489706,42.05179799714759,0.27077912853444336,0.15027805205925085,C2_both_shuffled_depth,logistic,0.2,0.1,11373,11345,694,official_strength_heldout,test_strong_official,750,250,real
250,208,42,0.444,0.5652173913043478,0.5531914893617021,114,0.3508771929824561,210,0.4095238095238095,0.5904761904761905,101,0.3564356435643564,162,0.4444444444444444,0.5555555555555556,0.17756799305053073,0.11332501209527536,41.507470099469764,41.685038092520294,0.5647503076168415,0.34430703299378873,C2_both_shuffled_depth,logistic,0.2,0.1,11373,11345,696,cr_strength_heldout,test_strong_cr,750,250,real
250,217,33,0.556,0.6885245901639344,0.6829268292682927,94,0.40425531914893614,152,0.47368421052631576,0.5263157894736843,68,0.38235294117647056,250,0.556,0.44399999999999995,0.2759556941568318,0.21356495936780936,38.83344644305326,39.1094021372101,0.6423808494917265,0.20970833265758487,C2_both_shuffled_depth,logistic,0.2,0.125,11373,11345,687,residual_low_energy_heldout,test_residual_low,750,250,real
250,233,17,0.16,0.8157894736842105,0.23134328358208955,99,0.0707070707070707,61,0.01639344262295082,0.9836065573770492,33,0.030303030303030304,59,0.0847457627118644,0.9152542372881356,0.25418922598337224,0.16490015579950099,33.84071671144422,34.09490593742759,0.3309480680845703,0.3534317079515539,C2_both_shuffled_depth,decision_tree,0.2,0.7,11373,11345,671,random,random_1,750,250,real
250,219,31,0.028,0.4,0.017094017094017096,102,0.029411764705882353,52,0.09615384615384616,0.9038461538461539,19,0.10526315789473684,66,0.09090909090909091,0.9090909090909091,0.0007156937664913698,-0.007730074606958241,34.29031846921945,34.29103416298593,0.0011919847011174966,0.12302360721600668,C2_both_shuffled_depth,decision_tree,0.2,0.775,11373,11345,685,random,random_2,750,250,real
250,227,23,0.032,0.75,0.04918032786885246,105,0.01904761904761905,65,0.015384615384615385,0.9846153846153847,34,0.029411764705882353,60,0.0,1.0,0.03062882271586801,0.004612190821348375,34.13535826605321,34.16598708876908,0.04128726652013105,0.3563552065262745,C2_both_shuffled_depth,decision_tree,0.2,0.875,11373,11345,677,random,random_3,750,250,real
250,210,40,0.0,0.0,0.0,125,0.0,250,0.0,1.0,125,0.0,152,0.0,1.0,0.0,0.0,41.996655378489706,41.996655378489706,0.0,-0.1471306768495666,C2_both_shuffled_depth,decision_tree,0.2,0.95,11373,11345,694,official_strength_heldout,test_strong_official,750,250,real
250,208,42,0.008,1.0,0.02127659574468085,114,0.0,210,0.0,1.0,101,0.0,162,0.006172839506172839,0.9938271604938271,0.018155703946650958,0.0,41.507470099469764,41.52562580341641,0.0577437364286344,0.35323946767642733,C2_both_shuffled_depth,decision_tree,0.2,0.9,11373,11345,696,cr_strength_heldout,test_strong_cr,750,250,real
250,217,33,0.132,0.75,0.1951219512195122,94,0.0851063829787234,152,0.006578947368421052,0.993421052631579,68,0.014705882352941176,250,0.132,0.868,0.10199377657947939,0.0664852551690655,38.83344644305326,38.935440219632746,0.23742524698461015,0.22512316696220439,C2_both_shuffled_depth,decision_tree,0.2,0.7,11373,11345,687,residual_low_energy_heldout,test_residual_low,750,250,real
250,233,17,0.64,0.7814569536423841,0.8805970149253731,99,0.3333333333333333,61,0.39344262295081966,0.6065573770491803,33,0.2727272727272727,59,0.6101694915254238,0.38983050847457623,0.6967381740087523,0.5581209045988854,33.84071671144422,34.53745488545297,0.9071358227592673,0.5193110239073249,C2_both_shuffled_depth,hgb,0.2,0.44999999999999996,11373,11345,671,random,random_1,750,250,real
250,219,31,0.608,0.697841726618705,0.8290598290598291,102,0.4117647058823529,52,0.38461538461538464,0.6153846153846154,19,0.21052631578947367,66,0.6212121212121212,0.3787878787878788,0.5136621430645614,0.4065782242600777,34.29031846921945,34.80398061228401,0.8555019545270375,0.376978740616613,C2_both_shuffled_depth,hgb,0.2,0.475,11373,11345,685,random,random_2,750,250,real
250,227,23,0.58,0.7647058823529411,0.8524590163934426,105,0.3047619047619048,65,0.3384615384615385,0.6615384615384615,34,0.14705882352941177,60,0.5833333333333334,0.41666666666666663,0.6694401347850164,0.5392755785026064,34.13535826605321,34.804798400838216,0.9023968541181371,0.4871025942131164,C2_both_shuffled_depth,hgb,0.2,0.475,11373,11345,677,random,random_3,750,250,real
250,210,40,0.164,0.5588235294117647,0.2235294117647059,125,0.12,250,0.164,0.836,125,0.12,152,0.16447368421052633,0.8355263157894737,0.024242787782733956,0.008166279390883486,41.996655378489706,42.02089816627243,0.11904478076713428,0.19021517160829765,C2_both_shuffled_depth,hgb,0.2,0.49999999999999994,11373,11345,694,official_strength_heldout,test_strong_official,750,250,real
250,208,42,0.172,0.7714285714285715,0.2872340425531915,114,0.07017543859649122,210,0.12857142857142856,0.8714285714285714,101,0.0594059405940594,162,0.12345679012345678,0.8765432098765432,0.13335193790477118,0.07699280382167396,41.507470099469764,41.64082203737454,0.4241223131445218,0.458978828643829,C2_both_shuffled_depth,hgb,0.2,0.49999999999999994,11373,11345,696,cr_strength_heldout,test_strong_cr,750,250,real
250,217,33,0.456,0.75,0.6585365853658537,94,0.2872340425531915,152,0.23026315789473684,0.7697368421052632,68,0.14705882352941177,250,0.456,0.544,0.27908561686433153,0.21817544850294315,38.83344644305326,39.11253205991759,0.6496668104277036,0.4205076769872386,C2_both_shuffled_depth,hgb,0.2,0.44999999999999996,11373,11345,687,residual_low_energy_heldout,test_residual_low,750,250,real
250,233,17,0.624,0.7902097902097902,0.8432835820895522,99,0.30303030303030304,61,0.47540983606557374,0.5245901639344263,33,0.21212121212121213,59,0.6101694915254238,0.38983050847457623,0.6759664157050057,0.5454546118602142,33.84071671144422,34.51668312714923,0.8800915086080678,0.4524284024298359,C3_both_shuffled_depth,logistic,0.2,0.125,11493,11465,671,random,random_1,750,250,real
250,219,31,0.644,0.6758620689655173,0.8376068376068376,102,0.46078431372549017,52,0.4807692307692308,0.5192307692307692,19,0.42105263157894735,66,0.6818181818181818,0.31818181818181823,0.5086434242913483,0.3971240206540787,34.29031846921945,34.79896189351079,0.8471433013195231,0.4044427584930972,C3_both_shuffled_depth,logistic,0.2,0.1,11493,11465,685,random,random_2,750,250,real
250,227,23,0.604,0.7591240875912408,0.8524590163934426,105,0.3142857142857143,65,0.5076923076923077,0.49230769230769234,34,0.23529411764705882,60,0.6166666666666667,0.3833333333333333,0.6369138779502919,0.5091753304929694,34.13535826605321,34.772272144003495,0.858551870349245,0.4351026119613421,C3_both_shuffled_depth,logistic,0.2,0.125,11493,11465,677,random,random_3,750,250,real
250,210,40,0.368,0.5194805194805194,0.47058823529411764,125,0.296,250,0.368,0.632,125,0.296,152,0.375,0.625,0.05714460414899517,0.025154037340329918,41.996655378489706,42.053799982638694,0.28060992547180674,0.15547059633929824,C3_both_shuffled_depth,logistic,0.2,0.075,11493,11465,694,official_strength_heldout,test_strong_official,750,250,real
250,208,42,0.476,0.59,0.6276595744680851,114,0.35964912280701755,210,0.4380952380952381,0.5619047619047619,101,0.36633663366336633,162,0.4691358024691358,0.5308641975308642,0.1885193579835004,0.12381004785505967,41.507470099469764,41.69598945745326,0.5995808342701382,0.3400212241932431,C3_both_shuffled_depth,logistic,0.2,0.075,11493,11465,696,cr_strength_heldout,test_strong_cr,750,250,real
250,217,33,0.56,0.6829268292682927,0.6829268292682927,94,0.4148936170212766,152,0.47368421052631576,0.5263157894736843,68,0.38235294117647056,250,0.56,0.43999999999999995,0.27926637393250614,0.21614597457905463,38.83344644305326,39.11271281698577,0.6500875840571821,0.21486111105812533,C3_both_shuffled_depth,logistic,0.2,0.1,11493,11465,687,residual_low_energy_heldout,test_residual_low,750,250,real
250,233,17,0.16,0.8157894736842105,0.23134328358208955,99,0.0707070707070707,61,0.01639344262295082,0.9836065573770492,33,0.030303030303030304,59,0.0847457627118644,0.9152542372881356,0.25418922598337224,0.16490015579950099,33.84071671144422,34.09490593742759,0.3309480680845703,0.3534317079515537,C3_both_shuffled_depth,decision_tree,0.2,0.7,11493,11465,671,random,random_1,750,250,real
250,219,31,0.028,0.4,0.017094017094017096,102,0.029411764705882353,52,0.09615384615384616,0.9038461538461539,19,0.10526315789473684,66,0.09090909090909091,0.9090909090909091,0.0007156937664913698,-0.007730074606958241,34.29031846921945,34.29103416298593,0.0011919847011174966,0.15020062700470976,C3_both_shuffled_depth,decision_tree,0.2,0.775,11493,11465,685,random,random_2,750,250,real
250,227,23,0.032,0.75,0.04918032786885246,105,0.01904761904761905,65,0.015384615384615385,0.9846153846153847,34,0.029411764705882353,60,0.0,1.0,0.03062882271586801,0.004612190821348375,34.13535826605321,34.16598708876908,0.04128726652013105,0.3563552065262745,C3_both_shuffled_depth,decision_tree,0.2,0.875,11493,11465,677,random,random_3,750,250,real
250,210,40,0.0,0.0,0.0,125,0.0,250,0.0,1.0,125,0.0,152,0.0,1.0,0.0,0.0,41.996655378489706,41.996655378489706,0.0,-0.1471306768495666,C3_both_shuffled_depth,decision_tree,0.2,0.95,11493,11465,694,official_strength_heldout,test_strong_official,750,250,real
250,208,42,0.008,1.0,0.02127659574468085,114,0.0,210,0.0,1.0,101,0.0,162,0.006172839506172839,0.9938271604938271,0.018155703946650958,0.0,41.507470099469764,41.52562580341641,0.0577437364286344,0.35323946767642744,C3_both_shuffled_depth,decision_tree,0.2,0.9,11493,11465,696,cr_strength_heldout,test_strong_cr,750,250,real
250,217,33,0.132,0.75,0.1951219512195122,94,0.0851063829787234,152,0.006578947368421052,0.993421052631579,68,0.014705882352941176,250,0.132,0.868,0.10199377657947939,0.0664852551690655,38.83344644305326,38.935440219632746,0.23742524698461015,0.2251231669622045,C3_both_shuffled_depth,decision_tree,0.2,0.7,11493,11465,687,residual_low_energy_heldout,test_residual_low,750,250,real
250,233,17,0.58,0.8235294117647058,0.835820895522388,99,0.24242424242424243,61,0.3442622950819672,0.6557377049180328,33,0.21212121212121213,59,0.576271186440678,0.423728813559322,0.6819433339112482,0.5447299563762591,33.84071671144422,34.52266004535547,0.8878733078790756,0.5101357492614654,C3_both_shuffled_depth,hgb,0.2,0.49999999999999994,11493,11465,671,random,random_1,750,250,real
250,219,31,0.628,0.6875,0.8461538461538461,102,0.4411764705882353,52,0.40384615384615385,0.5961538461538461,19,0.21052631578947367,66,0.6212121212121212,0.3787878787878788,0.5169904613395085,0.4085806945248199,34.29031846921945,34.80730893055895,0.861045253420971,0.37610847983103796,C3_both_shuffled_depth,hgb,0.2,0.44999999999999996,11493,11465,685,random,random_2,750,250,real
250,227,23,0.568,0.7651515151515151,0.8278688524590164,105,0.29523809523809524,65,0.35384615384615387,0.6461538461538461,34,0.14705882352941177,60,0.5833333333333334,0.41666666666666663,0.6476602400355502,0.514536964538793,34.13535826605321,34.78301850608876,0.873037830833323,0.47708848542652477,C3_both_shuffled_depth,hgb,0.2,0.475,11493,11465,677,random,random_3,750,250,real
250,210,40,0.228,0.6086956521739131,0.32941176470588235,125,0.144,250,0.228,0.772,125,0.144,152,0.2565789473684211,0.743421052631579,0.04279863305466975,0.02371911002913128,41.996655378489706,42.039454011544365,0.21016369630372636,0.22111929138578035,C3_both_shuffled_depth,hgb,0.2,0.44999999999999996,11493,11465,694,official_strength_heldout,test_strong_official,750,250,real
250,208,42,0.288,0.6428571428571429,0.3829787234042553,114,0.17543859649122806,210,0.24761904761904763,0.7523809523809524,101,0.16831683168316833,162,0.20987654320987653,0.7901234567901234,0.1489035848262349,0.09069343200759443,41.507470099469764,41.656373684296,0.4735839150467622,0.4336792621079562,C3_both_shuffled_depth,hgb,0.2,0.42499999999999993,11493,11465,696,cr_strength_heldout,test_strong_cr,750,250,real
250,217,33,0.452,0.7333333333333333,0.6260162601626016,94,0.2978723404255319,152,0.24342105263157895,0.756578947368421,68,0.17647058823529413,250,0.452,0.548,0.2697719287211469,0.20721113886264012,38.83344644305326,39.10321837177441,0.6279860296791835,0.4118099406222844,C3_both_shuffled_depth,hgb,0.2,0.44999999999999996,11493,11465,687,residual_low_energy_heldout,test_residual_low,750,250,real
