group_name,group_value,num_images,better_psnr_count,worse_psnr_count,better_030db_count,worse_030db_count,mean_baseline_psnr,mean_current_psnr,mean_delta_psnr,median_delta_psnr,p10_delta_psnr,p90_delta_psnr,min_delta_psnr,max_delta_psnr,mean_delta_ssim
all,all,1000,461,539,362,438,32.4282744799393,32.2105193952809,-0.21775508465840074,-0.09852649875028874,-1.9809140813629649,1.5445068664297812,-11.942156155346815,5.099772914984683,-2.2063493728637695e-05
baseline_strength_bin,baseline_middle_50,500,229,271,189,228,32.546658260952455,32.29431880476582,-0.25233945618662806,-0.12520764207879154,-2.109923836096313,1.8084547318622615,-11.942156155346815,5.099772914984683,-0.00022841036319732667
baseline_strength_bin,baseline_strongest_25,250,96,154,63,119,38.79910082001728,38.404660439272966,-0.3944403807443184,-0.22566696858078927,-1.9825624180854204,0.9922709646177977,-5.6523720301731615,2.908767644469414,1.9330263137817382e-05
baseline_strength_bin,baseline_weakest_25,250,136,114,110,91,25.820680577835017,25.848779532318986,0.02809895448397145,0.09342909205314243,-1.5080655985744713,1.5263240531450317,-5.513161499563903,3.505023940993361,0.0003492364883422852
airlight_bin,0.65<=A<0.75,194,84,110,68,86,32.72398095315908,32.507726963368064,-0.21625398979101165,-0.16495274833853024,-2.18268356096765,1.4446915319074205,-4.7948886035303,4.260869500928273,-7.302337086077819e-05
airlight_bin,0.75<=A<0.85,210,94,116,64,100,32.55321279027625,32.35585146199712,-0.1973613282791317,-0.18325117365854737,-1.6562757635917649,1.3302722774365976,-3.6190403956863832,5.099772914984683,-0.0004574208032517206
airlight_bin,0.85<=A<0.95,175,84,91,70,75,31.48941879868601,31.41511695989448,-0.07430183879152395,-0.061815413911446626,-1.5929611722583827,1.7245428244726597,-4.757895473895932,4.774941838173234,8.144310542515346e-05
airlight_bin,A<0.65,295,132,163,103,132,33.595404552131086,33.17084910336194,-0.42455544876915585,-0.1112481232597311,-2.4039589730237445,1.6415738982310593,-11.942156155346815,3.629861625099288,-4.312547586731991e-05
airlight_bin,A>=0.95,126,67,59,57,45,30.336149654124622,30.36702860233963,0.030878948215006658,0.0834577496540092,-1.6328399757056715,1.3091849544193952,-3.8713919667750787,2.8623270019357747,0.0006875466732751756
beta_bin,0.8<=beta<1.1,188,89,99,70,73,32.79166596173211,32.70377885692983,-0.08788710480227342,-0.07943110303023637,-1.7734956288527937,1.7939149455600374,-4.492339347108384,3.629861625099288,-0.00011666436144646178
beta_bin,1.1<=beta<1.4,199,89,110,71,86,32.26798471026849,32.05395750951193,-0.2140272007565631,-0.10898829306136548,-1.6529154648137947,1.2340978546222852,-4.7948886035303,5.099772914984683,-4.2019776962510306e-05
beta_bin,1.4<=beta<1.7,199,95,104,73,87,31.368530132496904,31.159272648557934,-0.20925748393896546,-0.04337799467942105,-2.0162840203780483,1.3762676853922424,-5.767469111969572,3.505023940993361,-0.0002797257960142203
beta_bin,beta<0.8,196,90,106,70,91,35.38784521165776,35.20922612861275,-0.1786190830450149,-0.1578243826288137,-2.0779393651688522,1.705779679348197,-5.6523720301731615,4.774941838173234,0.0002104253793249325
beta_bin,beta>=1.7,218,98,120,78,101,30.567693412561603,30.191595630798574,-0.3760977817630287,-0.14590920684725894,-2.251306851091654,1.7451110207509704,-11.942156155346815,3.3728461037752098,0.00010391468301825568
airlight_beta_bin,0.65<=A<0.75 | 0.8<=beta<1.1,31,10,21,9,17,33.86860904367886,33.48317426720019,-0.3854347764786666,-0.7862347891497095,-2.0105558006279693,1.4435415321968748,-3.314027357904269,3.2314343131993795,-0.0007773580089692146
airlight_beta_bin,0.65<=A<0.75 | 1.1<=beta<1.4,39,18,21,15,13,32.20290959788247,32.1557719115719,-0.04713768631056699,-0.08597422698250767,-1.2482355671592855,1.7455674362612486,-4.7948886035303,2.3822387720137286,-0.00036393220608051005
airlight_beta_bin,0.65<=A<0.75 | 1.4<=beta<1.7,40,19,21,13,19,32.01051229103727,31.68218881495226,-0.32832347608502693,-0.11963078638671298,-2.2074837877904407,0.9735836048591736,-2.988862305615129,3.1717223076130807,-0.0007948443293571472
airlight_beta_bin,0.65<=A<0.75 | beta<0.8,42,22,20,18,16,35.28807990883966,35.40276756868025,0.11468765984058071,0.034434688272192204,-1.5108470058234786,2.4733954284802278,-2.7571231480339407,4.260869500928273,0.0008984179723830451
airlight_beta_bin,0.65<=A<0.75 | beta>=1.7,42,15,27,13,21,30.478383391158168,30.00575556133892,-0.4726278298192572,-0.29340508022297485,-2.3426271521673194,0.7719637890828621,-3.9762169201883992,2.85350225847791,0.000432979492914109
airlight_beta_bin,0.75<=A<0.85 | 0.8<=beta<1.1,44,22,22,17,14,33.05501404399383,33.044188715621196,-0.010825328372640153,-0.025233147199667627,-1.4084180634568968,1.225728639679737,-2.519872499166574,2.063208029991767,2.3039904507723723e-05
airlight_beta_bin,0.75<=A<0.85 | 1.1<=beta<1.4,36,15,21,11,19,31.801952448107215,31.708728023793,-0.09322442431420402,-0.3795068623402802,-1.2563093226260342,1.1289331452384594,-1.871641302804914,5.099772914984683,-0.000418227579858568
airlight_beta_bin,0.75<=A<0.85 | 1.4<=beta<1.7,37,17,20,12,19,30.88229863838056,30.581851432190728,-0.3004472061898323,-0.4668727994485984,-1.8813442335639465,1.2603916701654851,-2.8501067980926784,1.899114398134337,-0.001223158191990208
airlight_beta_bin,0.75<=A<0.85 | beta<0.8,44,20,24,13,23,35.52921301354456,35.39792225692985,-0.13129075661471082,-0.37433247002525505,-1.6186104960666186,1.6441846761028498,-2.965968009136411,3.4973887016000624,0.000993910160931674
airlight_beta_bin,0.75<=A<0.85 | beta>=1.7,49,20,29,11,25,31.24394607498741,30.82108596692947,-0.4228601080579403,-0.3487602461113255,-1.917184661150359,0.9532690515458195,-3.6190403956863832,2.3931458174565563,-0.0016426760323193608
airlight_beta_bin,0.85<=A<0.95 | 0.8<=beta<1.1,27,13,14,9,12,32.06302775821306,31.799207355165574,-0.26382040304748533,-0.15954388338928283,-1.8904684422328037,1.1815341552862593,-2.6549619425847055,2.1113450459364103,0.0002847380108303494
airlight_beta_bin,0.85<=A<0.95 | 1.1<=beta<1.4,27,12,15,10,12,31.40990954869183,31.17065890561659,-0.2392506430752365,-0.07504669384366025,-1.220345736698215,1.017994663318163,-2.595846628570193,1.9445316127083885,-0.00041669607162475586
airlight_beta_bin,0.85<=A<0.95 | 1.4<=beta<1.7,46,25,21,23,16,30.913774245939358,31.165289070194316,0.2515148242549672,0.2670598434733673,-1.3784817920911436,1.7684437693072912,-2.0860410589277976,3.505023940993361,0.0005695210850757102
airlight_beta_bin,0.85<=A<0.95 | beta<0.8,36,14,22,12,20,33.51066551540558,33.23522031525488,-0.27544520015070195,-0.3612591813428452,-2.055208746802787,1.86049184795138,-4.757895473895932,4.774941838173234,-0.0011328508456548054
airlight_beta_bin,0.85<=A<0.95 | beta>=1.7,39,20,19,16,15,29.960548938866896,29.93302180416161,-0.027527134705292902,0.09043187753517046,-2.0034227660798614,1.7387628921268297,-2.5633096089005427,2.3166384580545305,0.0008307710672036195
airlight_beta_bin,A<0.65 | 0.8<=beta<1.1,61,32,29,24,21,33.07403469784801,33.140140748153584,0.06610605030557848,0.06397614468853696,-1.7008705377903048,1.908848058376364,-4.492339347108384,3.629861625099288,-0.0001325577986044962
airlight_beta_bin,A<0.65 | 1.1<=beta<1.4,67,26,41,20,33,33.76634176439935,33.250654140373484,-0.5156876240258689,-0.2836456954633064,-2.172878966748982,1.3743304095762037,-3.8738576964158895,3.1756113803861226,0.00011458681590521514
airlight_beta_bin,A<0.65 | 1.4<=beta<1.7,54,25,29,19,24,32.16627647615425,31.76347824287936,-0.4027982332748935,-0.09979744196267148,-2.0577804712186945,1.2480331498217851,-5.767469111969572,1.6743038838279602,-0.0001242591275109185
airlight_beta_bin,A<0.65 | beta<0.8,55,21,34,16,28,37.31013615282321,36.7274296342725,-0.5827065185507143,-0.472318599594729,-2.4611666536116403,1.1784421619450598,-5.6523720301731615,2.792069620130249,-0.00017190521413629705
airlight_beta_bin,A<0.65 | beta>=1.7,58,28,30,24,26,31.75425706857897,31.048648576705272,-0.7056084918736988,-0.03909598119568081,-4.052680460194985,2.0426635648185094,-11.942156155346815,3.3728461037752098,6.64047126112313e-05
airlight_beta_bin,A>=0.95 | 0.8<=beta<1.1,25,12,13,11,9,31.090713459015248,31.050421404217218,-0.04029205479803025,-0.03344464359638977,-1.6142473252602505,1.310157894295869,-3.1232777307679243,2.1180425653619963,6.198167800903321e-05
airlight_beta_bin,A>=0.95 | 1.1<=beta<1.4,30,18,12,15,9,30.337757962157298,30.458220437611697,0.12046247545439985,0.2505587903409978,-1.0024948966654665,1.0572487457529733,-1.5563302772652037,1.2383381763579955,0.0008153696854909261
airlight_beta_bin,A>=0.95 | 1.4<=beta<1.7,22,9,13,6,9,30.01179136726237,29.68400359679357,-0.32778777046879526,-0.1485530088960374,-1.740867495725149,0.9960844080973452,-3.8713919667750787,2.6745251107307872,8.623708378184925e-05
airlight_beta_bin,A>=0.95 | beta<0.8,19,13,6,11,4,33.27323609251669,33.6898390939185,0.41660300140181666,0.38958901066711604,-1.148122196330793,1.8392687866869004,-2.5874420416626194,2.8623270019357747,0.0005271152446144505
airlight_beta_bin,A>=0.95 | beta>=1.7,30,15,15,14,14,28.083446174733787,28.102781124903405,0.019334950169619287,0.055815859512703625,-1.8346615270123972,1.2710747000724143,-2.5829305134561835,2.496068509337544,0.0016235947608947755
