filename,diagnosis_groups,baseline_psnr,current_psnr,delta_psnr,airlight,beta,baseline_low_mse,current_low_mse,low_mse_improvement,baseline_high_mse,current_high_mse,high_mse_improvement,baseline_low_mae,current_low_mae,low_mae_improvement,baseline_high_mae,current_high_mae,high_mae_improvement,baseline_luma_low_bias,current_luma_low_bias,luma_low_abs_bias_improvement,baseline_low_r_bias,baseline_low_g_bias,baseline_low_b_bias,current_low_r_bias,current_low_g_bias,current_low_b_bias,low_rgb_abs_bias_improvement
102_0.67_1.36.png,neutral,25.43641408109729,25.386512653192476,-0.049901427904814,0.67,1.36,0.0027861050330102444,0.0028238084632903337,-3.770343028008938e-05,4.69569640699774e-05,4.454172812984325e-05,2.4152359401341528e-06,0.04737012833356857,0.04736727848649025,2.8498470783233643e-06,0.004261497873812914,0.004194887354969978,6.661051884293556e-05,0.047288257628679276,0.047317445278167725,-2.9187649488449097e-05,0.04765968769788742,0.047109730541706085,0.0472337044775486,0.04714825004339218,0.047347575426101685,0.04760584235191345,-9.85562801361084e-05
107_0.89_1.5.png,weak_baseline_hurts,27.87759836047469,23.85805361085584,-4.0195447496188486,0.89,1.5,0.001561769051477313,0.004057473968714476,-0.0024957049172371626,4.026247188448906e-05,3.066204226342961e-05,9.600429621059448e-06,0.029423853382468224,0.04071837663650513,-0.011294523254036903,0.0040592895820736885,0.003649801015853882,0.00040948856621980667,-0.02596547268331051,-0.035953160375356674,-0.009987687692046165,-0.033342137932777405,-0.02383887767791748,-0.017568053677678108,-0.039508428424596786,-0.03480352833867073,-0.03254745900630951,-0.03211034834384918
108_0.73_1.27.png,weak_baseline_hurts,27.24645269367477,25.237109903276092,-2.0093427903986765,0.73,1.27,0.0018213342409580946,0.0029403208754956722,-0.0011189866345375776,3.900322917615995e-05,3.26507979480084e-05,6.352431228151545e-06,0.02911348268389702,0.03614695370197296,-0.007033471018075943,0.0038947768043726683,0.003599976422265172,0.00029480038210749626,-0.026990707963705063,-0.033956773579120636,-0.006966065615415573,-0.03583301603794098,-0.023810124024748802,-0.020175345242023468,-0.040540989488363266,-0.031686075031757355,-0.02837778627872467,-0.020786359906196594
109_0.74_1.74.png,weak_baseline_hurts,28.09817576841244,26.47204624508927,-1.6261295233231685,0.74,1.74,0.001504589687101543,0.0022136433981359005,-0.0007090537110343575,3.0031051210244186e-05,2.6305222490918823e-05,3.7258287193253636e-06,0.029220860451459885,0.03885885328054428,-0.009637992829084396,0.0034242672845721245,0.003314397530630231,0.00010986975394189358,-0.025272946804761887,-0.037626948207616806,-0.01235400140285492,-0.023799333721399307,-0.025988245382905006,-0.025455279275774956,-0.03569669649004936,-0.038633789867162704,-0.03750628978013992,-0.03659391403198242
112_0.54_0.98.png,neutral,26.023734152150286,26.071701501743338,0.04796734959305127,0.54,0.98,0.002469844650477171,0.0024452584329992533,2.458621747791767e-05,1.909806815092452e-05,1.8857295799534768e-05,2.4077235138975084e-07,0.041987065225839615,0.04119766131043434,0.0007894039154052734,0.0028701522387564182,0.0028538384940475225,1.6313744708895683e-05,-0.04078860953450203,-0.04067612439393997,0.0001124851405620575,-0.040250569581985474,-0.04070364683866501,-0.04263542592525482,-0.039806120097637177,-0.04095228761434555,-0.04153294488787651,0.0012982860207557678
117_0.69_1.13.png,weak_baseline_hurts,28.04887948821717,25.994225204383095,-2.0546542838340756,0.69,1.13,0.0014595750253647566,0.0024087766651064157,-0.0009492016397416592,6.861501606181264e-05,6.412716174963862e-05,4.487854312174022e-06,0.03221006691455841,0.04287966713309288,-0.01066960021853447,0.00505322078242898,0.0051046330481767654,-5.141226574778557e-05,-0.03143337741494179,-0.04259968176484108,-0.011166304349899292,-0.03250806778669357,-0.031089508906006813,-0.0303853340446949,-0.04496188834309578,-0.042123645544052124,-0.038856279104948044,-0.03195890784263611
118_0.68_1.96.png,weak_baseline_hurts,26.58907851973174,24.912778572753382,-1.6762999469783573,0.68,1.96,0.0019977872725576162,0.003050551749765873,-0.0010527644772082567,0.00012162458733655512,0.0001031555439112708,1.8469043425284326e-05,0.036638930439949036,0.047528233379125595,-0.01088930293917656,0.006718370132148266,0.006417791824787855,0.0003005783073604107,-0.034063227474689484,-0.04661997780203819,-0.012556750327348709,-0.034819595515728,-0.03395969420671463,-0.032612502574920654,-0.049480289220809937,-0.0460004024207592,-0.042309362441301346,-0.0363982617855072
127_0.57_0.92.png,strong_baseline_hurts,36.19220857561447,32.1807747408825,-4.0114338347319745,0.57,0.92,0.00018932903185486794,0.0005522755673155189,-0.0003629465354606509,3.622303847805597e-05,4.030705531476997e-05,-4.0840168367139995e-06,0.010745343752205372,0.02094068005681038,-0.010195336304605007,0.003875630907714367,0.00415690615773201,-0.000281275250017643,0.005886739119887352,0.019566237926483154,-0.013679498806595802,0.006229675840586424,0.005940600764006376,0.004709964152425528,0.018839258700609207,0.020043954253196716,0.01901240460574627,-0.04101537540555
128_0.65_0.67.png,strong_baseline_hurts,37.02456745363627,34.700168442278006,-2.324399011358267,0.65,0.67,0.00015889880887698382,0.00030109580256976187,-0.00014219699369277805,2.971488174807746e-05,2.9701383027713746e-05,1.3498720363713801e-08,0.009720316156744957,0.014846395701169968,-0.005126079544425011,0.0035473345778882504,0.0035844233352690935,-3.708875738084316e-05,0.005322651471942663,0.012449239380657673,-0.00712658790871501,0.005832392256706953,0.005263747181743383,0.004289091099053621,0.012184428051114082,0.012609248049557209,0.01232047937810421,-0.02172892726957798
13_0.52_1.9.png,weak_baseline_helps,25.925987441654428,29.06742330530808,3.1414358636536512,0.52,1.9,0.0023423542734235525,0.0010450598783791065,0.001297294395044446,0.00016905520169530064,0.0001579711533850059,1.1084048310294747e-05,0.043794721364974976,0.029468294233083725,0.01432642713189125,0.008465214632451534,0.008131750859320164,0.00033346377313137054,-0.04333266243338585,-0.028659405186772346,0.014673257246613503,-0.04384683072566986,-0.043319329619407654,-0.0420517660677433,-0.029236966744065285,-0.028391335159540176,-0.028525030240416527,0.04306458681821823
153_0.96_1.61.png,weak_baseline_hurts,28.24611664843314,27.084591414605477,-1.161525233827664,0.96,1.61,0.001381266163662076,0.0017813867889344692,-0.0004001206252723932,6.37651392025873e-05,8.972065552370623e-05,-2.595551632111892e-05,0.0305465217679739,0.030970947816967964,-0.00042442604899406433,0.004575262311846018,0.0051408857107162476,-0.0005656233988702297,0.0034208022989332676,0.002298730192705989,0.0011220721062272787,0.0036201828625053167,0.003547235857695341,0.0022465402726083994,0.0019227428128942847,0.002605890389531851,0.0017033659387379885,0.0031819595023989677
170_0.96_1.28.png,weak_baseline_hurts,25.433685791434833,23.87270057154609,-1.5609852198887424,0.96,1.28,0.002650643466040492,0.003884894074872136,-0.001234250608831644,0.00012373461504466832,0.00012530283129308373,-1.5682162484154105e-06,0.042499855160713196,0.04811720550060272,-0.005617350339889526,0.007026312407106161,0.006923380307853222,0.00010293209925293922,0.02317745052278042,0.037375546991825104,-0.014198096469044685,0.02431749552488327,0.022629832848906517,0.023007160052657127,0.03764163330197334,0.0372319258749485,0.0374184288084507,-0.04233749955892563
171_0.81_0.74.png,weak_baseline_hurts,26.757207073565393,25.362857515730663,-1.3943495578347296,0.81,0.74,0.0020031991880387068,0.0027990746311843395,-0.0007958754431456327,6.747365841874853e-05,6.831403879914433e-05,-8.403803803957999e-07,0.03693845495581627,0.04154078662395477,-0.004602331668138504,0.0052134208381175995,0.005232146475464106,-1.872563734650612e-05,0.025077469646930695,0.03626289963722229,-0.011185429990291595,0.02643369510769844,0.02454574778676033,0.024258693680167198,0.036942027509212494,0.035932689905166626,0.036184679716825485,-0.03382125496864319
172_0.86_1.47.png,weak_baseline_hurts,25.1352735299735,23.799169953040817,-1.3361035769326826,0.86,1.47,0.0028455553110688925,0.00394166586920619,-0.0010961105581372976,0.00013171568571124226,0.00013692407810594887,-5.208392394706607e-06,0.0434005931019783,0.04883401468396187,-0.005433421581983566,0.00727218110114336,0.007274874020367861,-2.692919224500656e-06,0.025093067437410355,0.0354827418923378,-0.010389674454927444,0.02626374550163746,0.024491500109434128,0.025118835270404816,0.035652853548526764,0.0353107824921608,0.035922423005104065,-0.031011976301670074
176_0.77_0.84.png,neutral,21.542172596018474,21.517602189542163,-0.024570406476311035,0.77,0.84,0.006959442514926195,0.006995454430580139,-3.6011915653944016e-05,3.0223731300793588e-05,3.2355506846215576e-05,-2.1317755454219878e-06,0.07784489542245865,0.07766076922416687,0.00018412619829177856,0.003130923490971327,0.0032236939296126366,-9.277043864130974e-05,-0.07743348181247711,-0.07757287472486496,-0.0001393929123878479,-0.07708058506250381,-0.07731292396783829,-0.07897986471652985,-0.07717891782522202,-0.07769384980201721,-0.07797871530056,0.0005218833684921265
177_0.65_1.52.png,weak_baseline_helps,24.657934331170075,27.283881220764332,2.625946889594257,0.65,1.52,0.003299180418252945,0.001771400449797511,0.0015277799684554338,8.071139018284157e-05,6.70251902192831e-05,1.3686199963558465e-05,0.0466410294175148,0.03535299003124237,0.01128803938627243,0.0055139255709946156,0.004904841538518667,0.0006090840324759483,-0.04323454201221466,-0.018779128789901733,0.024455413222312927,-0.0353049635887146,-0.044694192707538605,-0.0565171018242836,-0.0093962661921978,-0.020406294614076614,-0.03500974923372269,0.0717039480805397
178_0.64_1.88.png,weak_baseline_helps,22.59654374400645,25.773418929702032,3.1768751856955824,0.64,1.88,0.00531177781522274,0.00252997106872499,0.0027818067464977503,0.00012462730228435248,7.773056131554767e-05,4.6896740968804806e-05,0.05869439244270325,0.04437468945980072,0.014319702982902527,0.006735877133905888,0.00540231354534626,0.0013335635885596275,-0.05538352578878403,-0.01177313830703497,0.04361038748174906,-0.04807189479470253,-0.05659545212984085,-0.06832217425107956,0.0005987042677588761,-0.01390690915286541,-0.033234816044569016,0.12524908781051636
195_0.61_1.47.png,weak_baseline_helps,26.80599894460704,28.96898891391533,2.1629899693082884,0.61,1.47,0.0019242168636992574,0.0011197077110409737,0.0008045091526582837,0.00011708292731782421,0.0001059344140230678,1.1148513294756413e-05,0.03782912716269493,0.028288735076785088,0.009540392085909843,0.00634095910936594,0.006040049251168966,0.0003009098581969738,-0.0353897362947464,-0.02307673543691635,0.012313000857830048,-0.0382535494863987,-0.035029686987400055,-0.029736090451478958,-0.026205116882920265,-0.0226220041513443,-0.017213061451911926,0.03697914630174637
197_0.88_1.9.png,weak_baseline_helps,27.207999233680784,29.521257847942273,2.313258614261489,0.88,1.9,0.0017335511511191726,0.000992565881460905,0.0007409852696582675,6.953865522518754e-05,6.0270635003689677e-05,9.268020221497864e-06,0.030353879556059837,0.024328069761395454,0.006025809794664383,0.00521424226462841,0.005057360511273146,0.00015688175335526466,0.025089913979172707,0.013271836563944817,0.01181807741522789,0.02307666465640068,0.025429198518395424,0.02862282656133175,0.010744579136371613,0.013698866590857506,0.017701508477330208,0.034983739256858826
210_0.63_1.2.png,weak_baseline_hurts,26.2542535798514,25.05252524746203,-1.2017283323893722,0.63,1.2,0.002314812270924449,0.003049246734008193,-0.000734434463083744,3.109403405687772e-05,4.191946572973393e-05,-1.0825431672856212e-05,0.04294295608997345,0.047210533171892166,-0.004267577081918716,0.0036354202311486006,0.004031400196254253,-0.0003959799651056528,-0.04252136871218681,-0.044532109051942825,-0.002010740339756012,-0.04282880946993828,-0.04222328960895538,-0.04324927553534508,-0.045893602073192596,-0.04391588270664215,-0.04413256794214249,-0.005640670657157898
212_0.54_1.78.png,weak_baseline_helps,25.92166876854378,30.44893722405384,4.527268455510061,0.54,1.78,0.002479689195752144,0.0008297431049868464,0.0016499460907652974,4.156258364673704e-05,4.0395996620645747e-05,1.1665870260912925e-06,0.0420759841799736,0.022747663781046867,0.019328320398926735,0.004293322563171387,0.004235910251736641,5.741231143474579e-05,-0.04122154787182808,-0.01651138812303543,0.02471015974879265,-0.0414431095123291,-0.04093322157859802,-0.04212634637951851,-0.01812090165913105,-0.015797391533851624,-0.01596582867205143,0.07461855560541153
235_0.9_0.72.png,neutral,24.976481838193813,24.96644232592748,-0.010039512266331485,0.9,0.72,0.0031144407112151384,0.0031336285173892975,-1.918780617415905e-05,2.996406692545861e-05,2.563331690907944e-05,4.33075001637917e-06,0.04152151942253113,0.0424460805952549,-0.0009245611727237701,0.0037483046762645245,0.0034499845933169127,0.0002983200829476118,-0.03424520418047905,-0.03788594529032707,-0.0036407411098480225,-0.03402694687247276,-0.0344376303255558,-0.03382645174860954,-0.038248077034950256,-0.03797087445855141,-0.03649967163801193,-0.010427586734294891
254_0.7_0.56.png,strong_baseline_hurts,39.54804684195017,37.1300187367753,-2.4180281051748693,0.7,0.56,8.373056334676221e-05,0.00016582364332862198,-8.209307998185977e-05,2.1550626115640625e-05,2.1125842977198772e-05,4.247831384418532e-07,0.007147045806050301,0.010556581430137157,-0.003409535624086857,0.003219016594812274,0.00317711615934968,4.190043546259403e-05,-0.005310978274792433,-0.009713168255984783,-0.00440218998119235,-0.006821122951805592,-0.004745005164295435,-0.004264349117875099,-0.01137649267911911,-0.009061376564204693,-0.008706648834049702,-0.013314040377736092
261_0.79_1.66.png,weak_baseline_helps,20.475058548951242,22.60081094118252,2.125752392231277,0.79,1.66,0.008652480319142342,0.005186046939343214,0.0034664333797991276,0.00020914232300128788,0.00021128328808117658,-2.1409650798887014e-06,0.07735733687877655,0.06108763441443443,0.016269702464342117,0.007058495189994574,0.007341586519032717,-0.00028309132903814316,0.060488469898700714,0.0433964878320694,0.017091982066631317,0.07260072231292725,0.05778750032186508,0.042634762823581696,0.05555230751633644,0.040666401386260986,0.025576073676347733,0.05122821033000946
268_0.7_1.83.png,weak_baseline_hurts,27.18981828920118,25.874210017785572,-1.3156082714156092,0.7,1.83,0.0018530793022364378,0.0025264506693929434,-0.0006733713671565056,3.378255860297941e-05,3.347812526044436e-05,3.044333425350487e-07,0.03502585366368294,0.04064607992768288,-0.005620226263999939,0.003935547545552254,0.0039256177842617035,9.929761290550232e-06,0.030486490577459335,0.034207310527563095,-0.0037208199501037598,0.033111393451690674,0.02957436442375183,0.028297659009695053,0.03582386299967766,0.03344355896115303,0.03389950841665268,-0.012183509767055511
274_0.71_1.95.png,neutral,29.129181227923844,29.16495533264817,0.035774104724325184,0.71,1.95,0.0010541446972638369,0.001052304171025753,1.8405262380838394e-06,0.00011503849236760288,0.00011155988613609225,3.478606231510639e-06,0.02379748784005642,0.02216617949306965,0.0016313083469867706,0.007164497394114733,0.00705548282712698,0.00010901456698775291,-0.006183494348078966,-0.012041778303682804,-0.005858283955603838,-0.0065313102677464485,-0.005389815662056208,-0.009358000010251999,-0.011752692982554436,-0.011459018103778362,-0.01580088399350643,-0.017733469605445862
287_0.77_1.14.png,strong_baseline_hurts,36.23766930955419,33.264499133010844,-2.9731701765433485,0.77,1.14,0.00018565582286100835,0.000427308666985482,-0.00024165284412447363,3.967671364080161e-05,3.1795392715139315e-05,7.881320925662294e-06,0.01020978856831789,0.017890362069010735,-0.007680573500692844,0.0038763151969760656,0.003625541692599654,0.00025077350437641144,-0.002967562759295106,-0.01216300018131733,-0.009195437422022223,-0.0026538074016571045,-0.003021464217454195,-0.0035127769224345684,-0.01243004109710455,-0.011955305933952332,-0.012532894499599934,-0.027730192989110947
288_0.82_1.17.png,strong_baseline_hurts,35.96092079819797,33.51535662765501,-2.4455641705429585,0.82,1.17,0.00020154364756308496,0.00039832445327192545,-0.0001967808057088405,3.856542753055692e-05,3.256320997024886e-05,6.002217560308054e-06,0.010626430623233318,0.017300646752119064,-0.006674216128885746,0.003880192991346121,0.003676624968647957,0.00020356802269816399,-0.003371266881003976,-0.012044829316437244,-0.008673562435433269,-0.003239530837163329,-0.0033568181097507477,-0.0037912612315267324,-0.012258066795766354,-0.011863109655678272,-0.012421377934515476,-0.02615494281053543
290_0.66_1.66.png,weak_baseline_hurts,28.777016460577887,27.467770866955384,-1.309245593622503,0.66,1.66,0.0011976523092016578,0.001611295621842146,-0.00041364331264048815,8.932123455451801e-05,0.00012662225344683975,-3.7301018892321736e-05,0.028850819915533066,0.03337319567799568,-0.004522375762462616,0.0059281811118125916,0.007119085639715195,-0.0011909045279026031,-0.006909638177603483,-0.012674686498939991,-0.005765048321336508,-0.005509123206138611,-0.007373306900262833,-0.008193912915885448,-0.01223011128604412,-0.012848010286688805,-0.012948556803166866,-0.0169503353536129
300_0.92_0.72.png,strong_baseline_hurts,36.7708911937647,35.23425142503055,-1.5366397687341475,0.92,0.72,0.00017781255883164704,0.00026539486134424806,-8.758230251260102e-05,2.207023680966813e-05,2.1955489501124248e-05,1.1474730854388326e-07,0.010336535982787609,0.013460035435855389,-0.0031234994530677795,0.0030026081949472427,0.002977203344926238,2.5404850021004677e-05,-0.006563602481037378,-0.006379223894327879,0.00018437858670949936,-0.006193796172738075,-0.006593191530555487,-0.007381304167211056,-0.006543801166117191,-0.006248357705771923,-0.006621369160711765,0.0007547661662101746
303_0.89_1.94.png,weak_baseline_hurts,25.786815032280906,23.998504427149644,-1.7883106051312616,0.89,1.94,0.00254044053144753,0.003896760055795312,-0.0013563195243477821,5.594811591436155e-05,4.978706419933587e-05,6.161051715025678e-06,0.035692911595106125,0.044242676347494125,-0.008549764752388,0.004515778739005327,0.004368186462670565,0.00014759227633476257,-0.034027472138404846,-0.03960375115275383,-0.005576279014348984,-0.03576770797371864,-0.034055836498737335,-0.029315341264009476,-0.03849494829773903,-0.03975803032517433,-0.04171792045235634,-0.020832017064094543
330_0.6_0.81.png,weak_baseline_helps,23.936731483130803,26.014622040887563,2.07789055775676,0.6,0.81,0.0036572415847331285,0.002187106991186738,0.0014701345935463905,0.00022952095605432987,0.00018793884373735636,4.158211231697351e-05,0.0503276064991951,0.03828632831573486,0.012041278183460236,0.009010134264826775,0.008133435621857643,0.0008766986429691315,-0.04827575385570526,-0.03685970976948738,0.01141604408621788,-0.04678730666637421,-0.04901687800884247,-0.04836447909474373,-0.03453183174133301,-0.0377805233001709,-0.038224853575229645,0.033631451427936554
336_0.94_1.46.png,neutral,25.024634397188766,25.04349733005856,0.018862932869794236,0.94,1.46,0.0030966235790401697,0.0030832241754978895,1.3399403542280197e-05,2.547374060668517e-05,2.38547090702923e-05,1.6190315363928676e-06,0.04087415710091591,0.04538833349943161,-0.004514176398515701,0.0032813020516186953,0.0031562363728880882,0.00012506567873060703,-0.03770150616765022,-0.04410308972001076,-0.006401583552360535,-0.03731393441557884,-0.03773939982056618,-0.03852244094014168,-0.04423930123448372,-0.04400414600968361,-0.044255562126636505,-0.018923237919807434
341_0.68_1.62.png,weak_baseline_helps,25.23056744009562,27.431693343012977,2.201125902917358,0.68,1.62,0.0028990046121180058,0.0017102494603022933,0.0011887551518157125,7.21745818736963e-05,7.078911585267633e-05,1.3854660210199654e-06,0.038173530250787735,0.028833560645580292,0.009339969605207443,0.005447659641504288,0.0054821232333779335,-3.446359187364578e-05,0.04013337939977646,0.02850361540913582,0.01162976399064064,0.043921951204538345,0.041631538420915604,0.0224800743162632,0.031301602721214294,0.030331337824463844,0.011756164953112602,0.034644462168216705
346_0.77_1.92.png,weak_baseline_hurts,25.824111381366713,23.896336855242964,-1.9277745261237484,0.77,1.92,0.0024615104775875807,0.003896518610417843,-0.0014350081328302622,0.0001158948871307075,0.00012656649050768465,-1.0671603376977146e-05,0.04017952084541321,0.053447555750608444,-0.013268034905195236,0.005448589567095041,0.005957837216556072,-0.000509247649461031,-0.03753960505127907,-0.0531902052462101,-0.01565060019493103,-0.03248411417007446,-0.039201345294713974,-0.04224187880754471,-0.04872430860996246,-0.05476757138967514,-0.05678163468837738,-0.04634618014097214
347_0.92_1.53.png,weak_baseline_hurts,25.21189768519608,24.08375007515868,-1.1281476100374022,0.92,1.53,0.002898090984672308,0.0037681199610233307,-0.0008700289763510227,7.539654325228184e-05,8.737681491766125e-05,-1.1980271665379405e-05,0.04026675224304199,0.05106046795845032,-0.010793715715408325,0.004699820652604103,0.005311963614076376,-0.0006121429614722729,-0.03774762526154518,-0.05082489177584648,-0.0130772665143013,-0.034223176538944244,-0.03889351710677147,-0.04109037667512894,-0.047837525606155396,-0.051872361451387405,-0.05326751247048378,-0.03877032548189163
348_0.72_1.07.png,weak_baseline_hurts,25.72445029601139,24.216049016394198,-1.5084012796171926,0.72,1.07,0.0025642712134867907,0.003646071534603834,-0.0010818003211170435,8.522674033883959e-05,0.00010419381578685716,-1.8967075448017567e-05,0.04202719405293465,0.05281646549701691,-0.01078927144408226,0.004674501251429319,0.0054002683609724045,-0.0007257671095430851,-0.041646771132946014,-0.052625276148319244,-0.01097850501537323,-0.037317175418138504,-0.04307730495929718,-0.04563799872994423,-0.04827955737709999,-0.05418718233704567,-0.05598195642232895,-0.03241622447967529
359_0.5_1.58.png,weak_baseline_helps,17.21977199176029,19.659143836208163,2.439371844447873,0.5,1.58,0.018768424168229103,0.01068354956805706,0.008084874600172043,0.00011834099132101983,9.03910186025314e-05,2.7949972718488425e-05,0.09606891125440598,0.07146773487329483,0.024601176381111145,0.007195519283413887,0.006275256630033255,0.0009202626533806324,-0.0711398646235466,-0.042480215430259705,0.028659649193286896,-0.014941900968551636,-0.08175009489059448,-0.16389666497707367,0.005674385000020266,-0.05113501101732254,-0.12421700358390808,0.079562246799469
361_0.51_1.62.png,weak_baseline_helps,17.191342724787052,19.483546482840385,2.2922037580533328,0.51,1.62,0.018840307369828224,0.011035109870135784,0.00780519749969244,0.0001886797253973782,0.00017654306429903954,1.2136661098338664e-05,0.12647132575511932,0.09816733747720718,0.02830398827791214,0.008206099271774292,0.008444249629974365,-0.00023815035820007324,-0.12571732699871063,-0.09789426624774933,0.027823060750961304,-0.12457135319709778,-0.12571680545806885,-0.12872646749019623,-0.09765461087226868,-0.09781937301158905,-0.09891049563884735,0.08463013172149658
380_0.53_1.36.png,neutral,23.469432531291133,23.426930646360972,-0.04250188493016083,0.53,1.36,0.004416387993842363,0.004441483411937952,-2.5095418095588684e-05,5.5536438594572246e-05,6.350953481160104e-05,-7.973096217028797e-06,0.05790825933218002,0.0554647333920002,0.002443525940179825,0.004434819333255291,0.004761035088449717,-0.0003262157551944256,-0.057895056903362274,-0.05522139370441437,0.0026736631989479065,-0.05525579676032066,-0.05891810357570648,-0.05954892560839653,-0.05337657406926155,-0.0560443252325058,-0.055822454392910004,0.008479475975036621
387_0.66_1.81.png,weak_baseline_helps,25.161289512275392,27.46156359298564,2.300274080710249,0.66,1.81,0.0028688376769423485,0.0016543635865673423,0.0012144740903750062,0.00010373834084020928,7.865691441111267e-05,2.508142642909661e-05,0.04651957377791405,0.034132055938243866,0.012387517839670181,0.005454763770103455,0.004836193285882473,0.0006185704842209816,-0.04540318250656128,-0.03272709622979164,0.012676086276769638,-0.04553075507283211,-0.045166779309511185,-0.04628291353583336,-0.033468980342149734,-0.03233696520328522,-0.032788973301649094,0.03838552534580231
389_0.75_1.27.png,weak_baseline_hurts,24.260371564336335,21.790944713330646,-2.4694268510056894,0.75,1.27,0.0036532748490571976,0.006535021588206291,-0.0028817467391490936,6.692281749565154e-05,5.454081474454142e-05,1.2382002751110122e-05,0.05463378503918648,0.07802553474903107,-0.02339174970984459,0.00548042356967926,0.005064598750323057,0.0004158248193562031,-0.05328816547989845,-0.07971299439668655,-0.0264248289167881,-0.052411530166864395,-0.05270228907465935,-0.05860662832856178,-0.07720937579870224,-0.08191246539354324,-0.07495477050542831,-0.07035617530345917
390_0.55_1.07.png,weak_baseline_hurts,26.89309512036992,21.94825291983065,-4.94484220053927,0.55,1.07,0.0019822255708277225,0.0063308528624475,-0.004348627291619778,4.772698230226524e-05,3.743240813491866e-05,1.0294574167346582e-05,0.04073213413357735,0.07557336986064911,-0.03484123572707176,0.004615925718098879,0.004176822956651449,0.00043910276144742966,-0.0362536646425724,-0.07620933651924133,-0.03995567187666893,-0.03678078576922417,-0.034426797181367874,-0.04428086057305336,-0.07517100870609283,-0.07710161805152893,-0.07433886080980301,-0.11112305521965027
391_0.87_1.8.png,weak_baseline_hurts,24.704091946571083,22.4588522634373,-2.245239683133782,0.87,1.8,0.003293147776275873,0.005553023423999548,-0.0022598756477236748,5.6040415074676275e-05,7.820157770765945e-05,-2.2161162632983178e-05,0.048011500388383865,0.06968460232019424,-0.02167310193181038,0.005254579242318869,0.006131815258413553,-0.0008772360160946846,-0.03938108682632446,-0.07158548384904861,-0.03220439702272415,-0.03796779736876488,-0.03936731070280075,-0.04315774887800217,-0.06947173923254013,-0.0738067552447319,-0.06569308787584305,-0.08847873657941818
395_0.95_1.58.png,neutral,30.039937033076704,30.057989088726224,0.018052055649519616,0.95,1.58,0.0009120386675931513,0.0009044829057529569,7.555761840194464e-06,4.490354695008136e-05,4.588972660712898e-05,-9.861796570476145e-07,0.019915785640478134,0.018961450085043907,0.000954335555434227,0.004033772740513086,0.004075539298355579,-4.176655784249306e-05,0.0016982459928840399,-0.00029644183814525604,0.0014018041547387838,0.0022852097172290087,0.001729309093207121,-1.4050021945877234e-06,-0.0007063103839755058,-3.3337379136355594e-05,-0.0005761649808846414,0.0027001111302524805
402_0.5_1.99.png,weak_baseline_helps,17.641570135967516,23.234688606624427,5.593118470656911,0.5,1.99,0.016751641407608986,0.004543912131339312,0.012207729276269674,0.00021421130804810673,0.00010748612112365663,0.0001067251869244501,0.0767487958073616,0.04737513139843941,0.029373664408922195,0.007891664281487465,0.006285081151872873,0.0016065831296145916,-0.06814807653427124,-0.019953014329075813,0.04819506220519543,-0.06991514563560486,-0.06791948527097702,-0.06468456238508224,-0.022041669115424156,-0.019646108150482178,-0.016055405139923096,0.14477601647377014
404_0.71_1.78.png,weak_baseline_helps,27.34154079449688,31.55423185455847,4.212691060061591,0.71,1.78,0.0017053799238055944,0.0005762578803114593,0.0011291220434941351,7.947585254441947e-05,7.735381223028526e-05,2.1220403141342103e-06,0.02834881842136383,0.0197131484746933,0.008635669946670532,0.00578912952914834,0.005727238487452269,6.189104169607162e-05,-0.020217053592205048,0.013183766044676304,0.007033287547528744,-0.021688276901841164,-0.019766252487897873,-0.018678834661841393,0.010388519614934921,0.013962321914732456,0.016506316140294075,0.0192762091755867
409_0.54_1.68.png,weak_baseline_helps,24.084604402860666,26.84651666977247,2.7619122669118035,0.54,1.68,0.0038582293782383204,0.0020335556473582983,0.001824673730880022,3.072953040827997e-05,2.375040276092477e-05,6.979127647355199e-06,0.05730089917778969,0.04139931499958038,0.015901584178209305,0.0038618629332631826,0.003492704825475812,0.0003691581077873707,0.057297319173812866,0.04167864844202995,0.015618670731782913,0.0568050779402256,0.057487085461616516,0.05760958790779114,0.04100215435028076,0.042145464569330215,0.04105077683925629,0.04770335555076599
410_0.98_1.98.png,weak_baseline_helps,21.897143398207003,25.060586456173727,3.163443057966724,0.98,1.98,0.006385321728885174,0.003040804760530591,0.003344516968354583,4.332582466304302e-05,5.2146373491268605e-05,-8.820548828225583e-06,0.06651269644498825,0.04856305569410324,0.01794964075088501,0.004746955819427967,0.005084262695163488,-0.0003373068757355213,0.06567414104938507,0.047193095088005066,0.018481045961380005,0.06478717923164368,0.06619709730148315,0.06530921906232834,0.043344203382730484,0.04864296689629555,0.0498238131403923,0.05448251962661743
411_0.76_1.73.png,weak_baseline_helps,24.199877986245898,29.527511640151882,5.327633653905984,0.76,1.73,0.0037611599545925856,0.0010823963675647974,0.002678763587027788,2.642554863996338e-05,2.2493439246318303e-05,3.932109393645078e-06,0.053703423589468,0.029045479372143745,0.024657944217324257,0.0037361979484558105,0.0034922738559544086,0.0002439240925014019,0.05350843071937561,0.02895481325685978,0.02455361746251583,0.051507994532585144,0.05419019237160683,0.05524446442723274,0.026750067248940468,0.029937580227851868,0.029676852747797966,0.07457814365625381
415_0.56_1.96.png,weak_baseline_helps,28.525802542838676,33.14763204772878,4.621829504890101,0.56,1.96,0.001308849430643022,0.00041058595525100827,0.0008982634753920138,6.228166603250429e-05,5.095707456348464e-05,1.1324591469019651e-05,0.02495402842760086,0.013648965395987034,0.011305063031613827,0.004785214085131884,0.004443268291652203,0.000341945793479681,-0.020823437720537186,-0.0011969581246376038,0.019626479595899582,-0.01961265690624714,-0.02162916772067547,-0.019851356744766235,0.0003433415258768946,-0.0020793385338038206,-0.0006931254756636918,0.05797737464308739
422_0.65_0.92.png,weak_baseline_helps,28.034646871579145,31.664597679907605,3.6299508083284593,0.65,0.92,0.001539486343972385,0.0006487281643785536,0.0008907581795938313,1.919656824611593e-05,1.903903830680065e-05,1.575299393152818e-07,0.03347350284457207,0.020659076049923897,0.01281442679464817,0.0029623631853610277,0.0030052722431719303,-4.2909057810902596e-05,0.0333663672208786,0.019110562279820442,0.014255804941058159,0.03803962841629982,0.032429665327072144,0.025933075696229935,0.024274801835417747,0.018045898526906967,0.011047538369894028,0.04303412511944771
430_0.66_1.24.png,weak_baseline_helps,25.978408448069693,29.23436098785746,3.255952539787767,0.66,1.24,0.0024458791594952345,0.0011316474992781878,0.0013142316602170467,4.7646033635828644e-05,3.3074811653932557e-05,1.4571221981896088e-05,0.03439910337328911,0.02467845194041729,0.009720651432871819,0.0038269427604973316,0.0032900304067879915,0.0005369123537093401,-0.027357038110494614,-0.01526669505983591,0.012090343050658703,-0.027539165690541267,-0.02652047760784626,-0.031187761574983597,-0.014182577840983868,-0.015542510896921158,-0.016690043732523918,0.03883226960897446
433_0.95_1.27.png,weak_baseline_hurts,27.050090815319592,25.398927611336596,-1.6511632039829962,0.95,1.27,0.0017721076728776097,0.0026465756818652153,-0.0008744680089876056,9.742345719132572e-05,0.00011601372534641996,-1.8590268155094236e-05,0.03084186650812626,0.037461262196302414,-0.006619395688176155,0.006306460592895746,0.006908209528774023,-0.0006017489358782768,-0.0038846905808895826,0.006758591625839472,-0.002873901044949889,-0.003682732814922929,-0.004067917354404926,-0.0034709179308265448,0.006542985327541828,0.006788476370275021,0.007170869503170252,-0.009280762635171413
434_0.56_1.76.png,weak_baseline_helps,23.67898099349175,25.864754275917555,2.1857732824258065,0.56,1.76,0.0040137264877557755,0.002339867176488042,0.0016738593112677336,0.0001631270133657381,0.00015393065405078232,9.196359314955771e-06,0.04987317696213722,0.038226883858442307,0.011646293103694916,0.008328679017722607,0.007998716086149216,0.00032996293157339096,-0.04557815566658974,-0.030568312853574753,0.015009842813014984,-0.04571900516748428,-0.046266209334135056,-0.04166485369205475,-0.031057234853506088,-0.031050335615873337,-0.02680211141705513,0.044740378856658936
436_0.98_1.16.png,weak_baseline_hurts,27.033771096830783,25.459826678810185,-1.5739444180205986,0.98,1.16,0.0017909122398123145,0.002620298881083727,-0.0008293866412714124,9.185972157865763e-05,0.00010962484520860016,-1.7765123629942536e-05,0.03096398152410984,0.036616191267967224,-0.005652209743857384,0.006140677724033594,0.006743384525179863,-0.0006027068011462688,0.0013007663656026125,0.0066099404357373714,-0.005309174070134759,0.0015127012738958001,0.0011582693550735712,0.001478869467973709,0.006407145876437426,0.006638454273343086,0.006994469556957483,-0.015890229493379593
442_0.69_0.5.png,neutral,20.7221111512691,20.722563494559154,0.0004523432900533919,0.69,0.5,0.008170537650585175,0.008205669932067394,-3.5132281482219696e-05,0.00021794460189994425,0.00019391829846426845,2.40263034356758e-05,0.08124646544456482,0.0834771916270256,-0.002230726182460785,0.009348948486149311,0.00886018481105566,0.0004887636750936508,-0.07879193127155304,-0.08066879212856293,-0.0018768608570098877,-0.07696544378995895,-0.07913484424352646,-0.08181556314229965,-0.07981545478105545,-0.08067020773887634,-0.08290054649114609,-0.005470365285873413
44_0.73_0.53.png,strong_baseline_hurts,38.421775580663734,36.73348741795419,-1.6882881627095472,0.73,0.53,0.00013011740520596504,0.00019662526028696448,-6.650785508099943e-05,8.57964187161997e-06,8.495533620589413e-06,8.410825103055686e-08,0.009138193912804127,0.011270318180322647,-0.0021321242675185204,0.002019170904532075,0.001974297920241952,4.4872984290122986e-05,0.005716995801776648,0.007449578959494829,-0.0017325831577181816,0.00810270756483078,0.004330698866397142,0.006597996689379215,0.009487832896411419,0.006185635924339294,0.008611892350018024,-0.005253959447145462
453_0.95_0.6.png,neutral,31.12127330070365,31.092971407273062,-0.0283018934305872,0.95,0.6,0.0006989400717429817,0.0007040838827379048,-5.143810994923115e-06,5.021725155529566e-05,4.8858317313715816e-05,1.3589342415798455e-06,0.02059263363480568,0.020182805135846138,0.0004098284989595413,0.004674946889281273,0.0046545155346393585,2.0431354641914368e-05,0.016526298597455025,0.012993819080293179,0.003532479517161846,0.014238971285521984,0.017121531069278717,0.019460754469037056,0.009974553249776363,0.01376116182655096,0.016961444169282913,0.010124102234840393
46_0.57_1.55.png,neutral,30.299027082655037,30.33491858719713,0.03589150454209289,0.57,1.55,0.0008518606191501021,0.0008551006903871894,-3.2400712370872498e-06,5.081592462374829e-05,4.573373371385969e-05,5.082190909888595e-06,0.02320069447159767,0.02379201538860798,-0.0005913209170103073,0.004681290592998266,0.004279026295989752,0.0004022642970085144,0.014345846138894558,0.011250954121351242,0.003094892017543316,0.014746063388884068,0.01449973601847887,0.0125035485252738,0.010965150780975819,0.011244654655456543,0.012032900005578995,0.0075066424906253815
476_0.91_1.92.png,weak_baseline_hurts,28.63386851308097,26.47839881738492,-2.1554696956960484,0.91,1.92,0.0013063165824860334,0.0021819716785103083,-0.0008756550960242748,3.279952215962112e-05,3.441911394475028e-05,-1.6195917851291597e-06,0.026691105216741562,0.03895852342247963,-0.012267418205738068,0.00387133052572608,0.003945603035390377,-7.42725096642971e-05,-0.02329675666987896,-0.03694669157266617,-0.013649934902787209,-0.022803539410233498,-0.02330232784152031,-0.024562232196331024,-0.03753430023789406,-0.036591652780771255,-0.03723342716693878,-0.040691278874874115
480_0.54_0.98.png,weak_baseline_hurts,26.793754202287868,25.185388139722477,-1.6083660625653913,0.54,0.98,0.0020538615062832832,0.0029918644577264786,-0.0009380029514431953,2.8629496227949858e-05,2.9224631362012587e-05,-5.951351340627298e-07,0.03793779015541077,0.044786255806684494,-0.006848465651273727,0.0033711944706737995,0.003493221942335367,-0.00012202747166156769,-0.03599297255277634,-0.03645112365484238,-0.00045815110206604004,-0.03492162376642227,-0.03624562919139862,-0.037501245737075806,-0.03575384244322777,-0.036647383123636246,-0.03727247938513756,-0.0010052099823951721
489_0.55_1.03.png,weak_baseline_hurts,28.411121859822547,27.055441203992302,-1.3556806558302448,0.55,1.03,0.001353106927126646,0.0018478644778952003,-0.0004947575507685542,6.331389886327088e-05,8.660854655317962e-05,-2.3294647689908743e-05,0.026994135230779648,0.03246963769197464,-0.005475502461194992,0.005078244488686323,0.005795306991785765,-0.0007170625030994415,-0.016230519860982895,-0.022745391353964806,-0.006514871492981911,-0.008296876214444637,-0.018203048035502434,-0.026880910620093346,-0.01655489020049572,-0.02428475022315979,-0.03105463832616806,-0.018513448536396027
493_0.69_0.5.png,weak_baseline_helps,27.974788477674576,30.19776743113222,2.2229789534576447,0.69,0.5,0.0015259817009791732,0.0009211713331751525,0.0006048103678040206,4.001237903139554e-05,2.182761818403378e-05,1.818476084736176e-05,0.03260359540581703,0.023582901805639267,0.009020693600177765,0.003956140484660864,0.003034677356481552,0.0009214631281793118,0.01819215901196003,0.01847611926496029,-0.0002839602530002594,0.01951010152697563,0.017507271841168404,0.018260477110743523,0.019325215369462967,0.017944641411304474,0.018985690549016,-0.0009776949882507324
509_0.95_1.52.png,weak_baseline_hurts,27.595496482033013,25.022030386865353,-2.5734660951676602,0.95,1.52,0.0016200642567127943,0.002968486864119768,-0.0013484226074069738,5.980283094686456e-05,8.97499339771457e-05,-2.994710303028114e-05,0.026733972132205963,0.03649749606847763,-0.009763523936271667,0.0047662947326898575,0.005631726235151291,-0.0008654315024614334,-0.01884569227695465,-0.026590222492814064,-0.007744530215859413,-0.01839268207550049,-0.01882617175579071,-0.020132331177592278,-0.026995403692126274,-0.02623211406171322,-0.027370840311050415,-0.023247167468070984
512_0.94_1.48.png,weak_baseline_hurts,27.730955238259718,25.292178008063342,-2.4387772301963757,0.94,1.48,0.001570472726598382,0.0027902647852897644,-0.0012197920586913824,5.788597263745032e-05,8.406305278185755e-05,-2.6177080144407228e-05,0.02615618333220482,0.03540082648396492,-0.009244643151760101,0.004689520690590143,0.0054678102023899555,-0.0007782895117998123,-0.018602591007947922,-0.026595138013362885,-0.007992547005414963,-0.01816265657544136,-0.018583519384264946,-0.019852982833981514,-0.026980603113770485,-0.02624659799039364,-0.027378320693969727,-0.024006366729736328
519_0.58_1.19.png,strong_baseline_helps,41.797841430684805,43.07066650525318,1.2728250745683738,0.58,1.19,5.006121136830188e-05,3.483983891783282e-05,1.5221372450469062e-05,1.24219022836769e-05,1.1866613931488246e-05,5.552883521886542e-07,0.004315022844821215,0.0037788243498653173,0.0005361984949558973,0.002334193093702197,0.0023130527697503567,2.11403239518404e-05,-0.0024823760613799095,-0.0008245519129559398,0.0016578241484239697,-0.003135215723887086,-0.0022005040664225817,-0.0022214404307305813,-0.0007543480605818331,-0.0008595135877840221,-0.0008286424563266337,0.005114655941724777
530_0.62_1.06.png,strong_baseline_helps,38.13667033657505,40.25736791770858,2.120697581133527,0.62,1.06,0.00013154697080608457,7.432485290337354e-05,5.7222117902711034e-05,1.6497273463755846e-05,1.565038473927416e-05,8.46888724481687e-07,0.0065848371013998985,0.005831344984471798,0.0007534921169281006,0.002553607104346156,0.002490198239684105,6.34088646620512e-05,-0.004062127321958542,-0.002177649876102805,0.0018844774458557367,-0.003008377505466342,-0.004516173154115677,-0.004488424398005009,-0.001917182351462543,-0.002331067807972431,-0.002070629270747304,0.005694095976650715
532_0.63_1.43.png,strong_baseline_helps,37.18363032022547,39.42846105551668,2.2448307352912096,0.63,1.43,0.0001631874474696815,8.91285963007249e-05,7.405885116895661e-05,2.019360545091331e-05,1.8970593373524025e-05,1.223012077389285e-06,0.0071449922397732735,0.005853261332958937,0.0012917309068143368,0.0027543948963284492,0.0026511908508837223,0.00010320404544472694,-0.004537750966846943,-0.002234044251963496,0.0023037067148834467,-0.003476978512480855,-0.005011553876101971,-0.0048803770914673805,-0.0020961633417755365,-0.0023384634405374527,-0.002057775156572461,0.0068765077739953995
554_0.96_1.87.png,neutral,35.19015339687761,35.208430870114725,0.01827747323711293,0.96,1.87,0.0002336231991648674,0.00022578745847567916,7.835740689188242e-06,4.37591879745014e-05,4.846642696065828e-05,-4.707238986156881e-06,0.010807950049638748,0.010700203478336334,0.00010774657130241394,0.0032704933546483517,0.003341448726132512,-7.095537148416042e-05,-0.0018471062649041414,-0.003706093179062009,-0.0018589869141578674,-0.0014190496876835823,-0.0019878833554685116,-0.0022449421230703592,-0.003502393141388893,-0.0037605087272822857,-0.003960072994232178,-0.005571099929511547
555_0.75_1.55.png,strong_baseline_hurts,40.996475304260905,39.32322520747827,-1.6732500967826311,0.75,1.55,5.2392777433851734e-05,8.303493086714298e-05,-3.064215343329124e-05,2.0069684978807345e-05,2.4758477593422867e-05,-4.688792614615522e-06,0.0053077638149261475,0.006858217529952526,-0.0015504537150263786,0.0025828133802860975,0.002661430276930332,-7.861689664423466e-05,-0.0012702818494290113,-0.0051188282668590546,-0.0038485464174300432,-0.0005727293319068849,-0.001483280910179019,-0.0020030986052006483,-0.004773000255227089,-0.005201668944209814,-0.005599243566393852,-0.01151480432599783
556_0.61_0.91.png,strong_baseline_hurts,40.99708906624614,38.876032309837065,-2.121056756409075,0.61,0.91,6.226589175639674e-05,0.00010749740613391623,-4.523151437751949e-05,1.323061587754637e-05,1.6380223314627074e-05,-3.1496074370807037e-06,0.006015957333147526,0.008397880010306835,-0.0023819226771593094,0.00229453481733799,0.002360309474170208,-6.577465683221817e-05,-0.004068207927048206,-0.007695698644965887,-0.0036274907179176807,-0.003480820683762431,-0.0042680418118834496,-0.004579724743962288,-0.007297395262867212,-0.007846073247492313,-0.007966026663780212,-0.010780908167362213
557_0.68_0.68.png,strong_baseline_helps,40.07262524026055,42.59165071494656,2.5190254746860106,0.68,0.68,8.360379433725029e-05,4.010653356090188e-05,4.349726077634841e-05,1.2010606042167637e-05,1.2778859854734037e-05,-7.682538125663996e-07,0.006316970568150282,0.0047103906981647015,0.0016065798699855804,0.002312151249498129,0.002317296341061592,-5.145091563463211e-06,-0.004908289294689894,-0.002805332886055112,0.002102956408634782,-0.004746683407574892,-0.00496309669688344,-0.0050492542795836926,-0.0025804731994867325,-0.0028833644464612007,-0.0029932905454188585,0.006301905959844589
560_0.74_1.77.png,strong_baseline_hurts,37.591880122725165,33.86590123024024,-3.7259788924849246,0.74,1.77,0.00013973782188259065,0.0003619024355430156,-0.00022216461366042495,2.4453425794490613e-05,3.2564046705374494e-05,-8.110620910883881e-06,0.00801765639334917,0.011854234151542187,-0.003836577758193016,0.002945517422631383,0.003106089774519205,-0.00016057235188782215,-0.001965184696018696,0.004676409997045994,-0.002711225301027298,-0.0017226178897544742,-0.002093259710818529,-0.0019419395830482244,0.0047937603667378426,0.00462932325899601,0.004611277021467686,-0.008276543579995632
577_0.85_0.68.png,strong_baseline_hurts,36.09408335401354,34.70473344986692,-1.38934990414662,0.85,0.68,0.00019397313008084893,0.00028723254217766225,-9.325941209681332e-05,3.264703263994306e-05,3.288126390543766e-05,-2.3423126549459994e-07,0.010024601593613625,0.012600339017808437,-0.0025757374241948128,0.0034600337967276573,0.0034712685737758875,-1.1234777048230171e-05,0.0009695781045593321,-0.007381601259112358,-0.006412023154553026,0.002990157576277852,0.00018765874847304076,-0.00030397126101888716,-0.006322864443063736,-0.007813437841832638,-0.00793421734124422,-0.018588732928037643
579_0.52_0.61.png,strong_baseline_hurts,38.33241493497182,35.50516901974439,-2.8272459152274294,0.52,0.61,0.00011797776096500456,0.0002448523009661585,-0.00012687454000115395,2.0889408915536478e-05,2.5933273718692362e-05,-5.043864803155884e-06,0.009039678610861301,0.012878184206783772,-0.00383850559592247,0.002914391690865159,0.003164231311529875,-0.00024983962066471577,-0.005968098063021898,-0.010827280580997467,-0.004859182517975569,-0.006378860212862492,-0.005772272124886513,-0.005899179261177778,-0.011197363957762718,-0.010717685334384441,-0.01042015291750431,-0.014284888282418251
583_0.7_0.93.png,strong_baseline_helps,36.57699995003041,38.5439699529121,1.9669700028816877,0.7,0.93,0.00018459639977663755,0.00010525511606829241,7.934128370834514e-05,2.625366505526472e-05,2.617884092614986e-05,7.48241291148588e-08,0.010223097167909145,0.007508141919970512,0.002714955247938633,0.003216726938262582,0.0032342071644961834,-1.748022623360157e-05,0.008159630000591278,0.003291481174528599,0.004868148826062679,0.00882880762219429,0.00802245456725359,0.007111558690667152,0.0028366672340780497,0.0035485136322677135,0.0031609812285751104,0.014416657388210297
586_0.98_1.59.png,weak_baseline_helps,26.66603757327551,29.06376938546671,2.3977318121912,0.98,1.59,0.0019488295074552298,0.0010592868784442544,0.0008895426290109754,0.00012496477575041354,0.00011748396354960278,7.48081220081076e-06,0.03299123793840408,0.02290811575949192,0.010083122178912163,0.005842786747962236,0.00550473527982831,0.0003380514681339264,0.02968769334256649,0.017793146893382072,0.011894546449184418,0.0246135164052248,0.031940869987010956,0.03139511123299599,0.013224683701992035,0.019620459526777267,0.020365992560982704,0.034738361835479736
587_0.87_1.84.png,weak_baseline_helps,26.74989584872307,29.32705767742368,2.5771618287006106,0.87,1.84,0.0019210554892197251,0.00099277519620955,0.0009282802930101752,0.00012207002146169543,0.00011516172526171431,6.908296199981123e-06,0.03304215148091316,0.021490130573511124,0.011552020907402039,0.0057870871387422085,0.005527641158550978,0.0002594459801912308,0.03103802725672722,0.01753276400268078,0.01350526325404644,0.026792561635375023,0.03304063528776169,0.031864359974861145,0.012077567167580128,0.01990749128162861,0.019613170996308327,0.04009933024644852
589_0.81_1.82.png,neutral,36.4985152422556,36.47671933257265,-0.02179590968295031,0.81,1.82,0.0001615320798009634,0.00016285396122839302,-1.3218814274296165e-06,4.5895132643636316e-05,4.621355401468463e-05,-3.1842137104831636e-07,0.008353185839951038,0.008022495545446873,0.00033069029450416565,0.0042259846813976765,0.004166074562817812,5.99101185798645e-05,-0.0017643272876739502,-0.00047384004574269056,0.0012904872419312596,-0.005714332684874535,-0.00029758361051790416,0.0010434221476316452,-0.0037267454899847507,0.0006699165096506476,0.002168334787711501,0.0004903413355350494
592_0.66_1.53.png,strong_baseline_helps,37.45030277935557,39.010837933148075,1.5605351537925074,0.66,1.53,0.00013865853543393314,8.587586489738896e-05,5.2782670536544174e-05,3.173892400809564e-05,3.109435783699155e-05,6.445661711040884e-07,0.00797217059880495,0.006064677610993385,0.0019074929878115654,0.00359627278521657,0.0034808688797056675,0.0001154039055109024,-0.003516380675137043,0.0010171675821766257,0.0024992130929604173,-0.006076693534851074,-0.002589040668681264,-0.0015764740528538823,0.0006050781812518835,0.0010968573624268174,0.0016874335706233978,0.006852838676422834
603_0.9_0.85.png,neutral,32.51716497519213,32.48152136403921,-0.035643611152920585,0.9,0.85,0.0004906713729724288,0.000493158062454313,-2.486689481884241e-06,4.03469312004745e-05,4.160629032412544e-05,-1.2593591236509383e-06,0.011004825122654438,0.01134137250483036,-0.0003365473821759224,0.0038230810314416885,0.0038889525458216667,-6.587151437997818e-05,-0.002701233606785536,-0.0039284382946789265,-0.0012272046878933907,-0.0018772322218865156,-0.002992699621245265,-0.003361618146300316,-0.0030616025906056166,-0.004283186513930559,-0.0043751695193350315,-0.003488408401608467
606_0.55_1.35.png,strong_baseline_helps,36.621936562624285,38.14863970173497,1.526703139110687,0.55,1.35,0.00016949370910879225,0.0001076299959095195,6.186371319927275e-05,3.1898114684736356e-05,3.0103865356068127e-05,1.7942493286682293e-06,0.008771054446697235,0.007503844797611237,0.0012672096490859985,0.0035690199583768845,0.003474604804068804,9.441515430808067e-05,-0.004425347317010164,0.0012131426483392715,0.0032122046686708927,-0.0030173531267791986,-0.005067006219178438,-0.00481450418010354,0.0023385349195450544,0.0006978875026106834,0.0009145159274339676,0.008947925642132759
609_0.88_1.91.png,neutral,26.877188233022334,26.871279404035278,-0.00590882898705658,0.88,1.91,0.0018101850291714072,0.0018155542202293873,-5.369191057980061e-06,0.0001302433229284361,0.0001350345992250368,-4.7912762966006994e-06,0.027355926111340523,0.028033284470438957,-0.0006773583590984344,0.00624754186719656,0.006526832468807697,-0.0002792906016111374,-0.02205418236553669,-0.023681126534938812,-0.0016269441694021225,-0.021911684423685074,-0.022145679220557213,-0.021957388147711754,-0.023814184591174126,-0.023694774135947227,-0.023261822760105133,-0.004756033420562744
624_0.58_0.68.png,strong_baseline_helps,36.24396999964564,39.77791341535677,3.5339434157111285,0.58,0.68,0.0001891201245598495,7.360829476965591e-05,0.00011551182979019359,3.272952017141506e-05,2.2393920517060906e-05,1.0335599654354155e-05,0.009684179909527302,0.006147675681859255,0.003536504227668047,0.003356604604050517,0.0029615801759064198,0.00039502442814409733,-0.0070063089951872826,-0.0017710094107314944,0.005235299584455788,-0.0071976082399487495,-0.006908106151968241,-0.007009879685938358,-0.0019830602686852217,-0.0016991414595395327,-0.0015848889015614986,0.01584850251674652
629_0.58_1.06.png,neutral,37.49853286450417,37.521698415107736,0.023165550603565066,0.58,1.06,0.00013262833817861974,0.0001246559404535219,7.972397725097835e-06,3.096846921835095e-05,3.671330341603607e-05,-5.7448341976851225e-06,0.008528891950845718,0.007609643507748842,0.0009192484430968761,0.003355884924530983,0.0035080427769571543,-0.0001521578524261713,0.0003264743718318641,-0.0003490064409561455,-2.2532069124281406e-05,-0.00037102962960489094,0.0006908379727974534,0.0002798331843223423,-0.0012224497040733695,-6.85309714754112e-05,0.000497646105941385,-0.00044692610390484333
641_0.95_1.18.png,strong_baseline_helps,36.141822291218816,37.42704703901022,1.2852247477914034,0.95,1.18,0.000178293717908673,0.00012241660442668945,5.587711348198354e-05,4.073705349583179e-05,3.8537036743946373e-05,2.200016751885414e-06,0.006022957619279623,0.005594332702457905,0.0004286249168217182,0.0034213282633572817,0.0034626151900738478,-4.1286926716566086e-05,0.00026721213362179697,-0.0011251115938648582,-0.0008578994602430612,0.00019459107716102153,0.00039066330646164715,-0.0001779775629984215,-0.0013916983734816313,-0.0010332816746085882,-0.0008987443870864809,-0.002560492604970932
648_0.94_1.95.png,weak_baseline_hurts,28.468268617982012,26.854588436350284,-1.6136801816317288,0.94,1.95,0.0011970775667577982,0.0018374122446402907,-0.0006403346778824925,0.00012961099855601788,0.00012323055125307292,6.380447302944958e-06,0.021514061838388443,0.025861257687211037,-0.004347195848822594,0.006241966038942337,0.006128023378551006,0.00011394266039133072,0.007696972694247961,0.010719533078372478,-0.0030225603841245174,0.007738417945802212,0.007994827814400196,0.006055459380149841,0.01078582089394331,0.010932848788797855,0.00944565050303936,-0.009375615045428276
650_0.56_0.65.png,strong_baseline_helps,41.17612156830701,44.218716645808655,3.0425950775016446,0.56,0.65,5.6089349527610466e-05,1.9027136659133248e-05,3.706221286847722e-05,1.6575642803218216e-05,1.604924000275787e-05,5.26402800460346e-07,0.0051069362089037895,0.0031292822677642107,0.001977653941139579,0.0027593043632805347,0.002689138287678361,7.01660756021738e-05,-0.0037377893459051847,-0.0002710161788854748,0.00346677316701971,-0.003501998260617256,-0.0037185351829975843,-0.004455288406461477,3.8140249671414495e-05,-0.0003187931433785707,-0.0008358673076145351,0.010483020916581154
660_0.62_1.91.png,neutral,36.00238128813746,35.96627249377191,-0.03610879436554626,0.62,1.91,0.00015344958228524774,0.00015164936485234648,1.8002174329012632e-06,6.797024252591655e-05,6.862921145511791e-05,-6.589689292013645e-07,0.007682959083467722,0.007136428263038397,0.0005465308204293251,0.004545795265585184,0.004463668912649155,8.212635293602943e-05,-0.002208088058978319,1.0610812751110643e-05,0.0021974772462272085,-0.0018348086159676313,-0.0023838153574615717,-0.0022821088787168264,5.9448469983180985e-05,-4.421280027600005e-05,0.00016482241335324943,0.006232249550521374
661_0.7_0.75.png,strong_baseline_hurts,39.966784731172595,38.28370856686954,-1.6830761643030527,0.7,0.75,7.998694491107017e-05,0.00012635847087949514,-4.6371525968424976e-05,1.6460162441944703e-05,1.7434114852221683e-05,-9.739524102769792e-07,0.005545827094465494,0.006236028857529163,-0.0006902017630636692,0.0025640083476901054,0.0026144227012991905,-5.041435360908508e-05,0.0018877021502703428,0.004411425907164812,-0.0025237237568944693,0.0020307835657149553,0.0018488492351025343,0.0017125372542068362,0.004823772702366114,0.0042895786464214325,0.003957604523748159,-0.007478785701096058
668_0.69_1.25.png,neutral,37.52725023247378,37.53123601827329,0.003985785799507369,0.69,1.25,0.00010151979222428054,9.922639583237469e-05,2.293396391905844e-06,5.2716404752573e-05,5.491319461725652e-05,-2.1967898646835238e-06,0.006007722578942776,0.00601898692548275,-1.1264346539974213e-05,0.00402518454939127,0.004097742959856987,-7.255841046571732e-05,-0.0008398172212764621,-0.0014932285994291306,-0.0006534113781526685,-0.0005018306546844542,-0.0010248193284496665,-0.0007736444240435958,-0.000923248240724206,-0.0018141502514481544,-0.00133600109256804,-0.001773105002939701
675_0.78_1.9.png,strong_baseline_helps,36.25440916033593,38.618799967957955,2.364390807622023,0.78,1.9,0.00018660412752069533,9.114433487411588e-05,9.545979264657944e-05,3.2929110602708533e-05,3.220172948203981e-05,7.273811206687242e-07,0.007956620305776596,0.006546309217810631,0.0014103110879659653,0.003459820756688714,0.003436716739088297,2.3104017600417137e-05,0.005650208331644535,0.000994510599412024,0.004655697732232511,0.005884446669369936,0.005621887277811766,0.005181487184017897,0.0016521868528798223,0.0007199134561233222,0.0006834862288087606,0.013632235117256641
678_0.62_0.73.png,strong_baseline_helps,39.886197008574484,42.08610193674842,2.199904928173936,0.62,0.73,7.431786070810631e-05,3.562733400030993e-05,3.869052670779638e-05,2.1319863662938587e-05,2.0594441593857482e-05,7.254220690811053e-07,0.00571154709905386,0.0042562102898955345,0.0014553368091583252,0.0028432749677449465,0.0028072544373571873,3.602053038775921e-05,0.0037568274419754744,-0.0010021582711488008,0.0027546691708266735,0.004628096241503954,0.0035676949191838503,0.0024454134982079268,-0.0005005269777029753,-0.001216352335177362,-0.0012148788664489985,0.007709446828812361
67_0.68_1.12.png,weak_baseline_helps,26.174169945821024,32.62417212133491,6.450002175513884,0.68,1.12,0.002334688324481249,0.0004819252935703844,0.0018527630309108645,4.3362735596019775e-05,3.8507525459863245e-05,4.855210136156529e-06,0.04004701226949692,0.017093654721975327,0.02295335754752159,0.003911760635674,0.0037035176064819098,0.00020824302919209003,-0.03795219585299492,-0.012338298372924328,0.02561389748007059,-0.03741265833377838,-0.038289085030555725,-0.03763305023312569,-0.015467239543795586,-0.01150553859770298,-0.0084202466532588,0.07794176042079926
683_0.65_0.66.png,strong_baseline_helps,39.57510514567772,41.09150985341975,1.5164047077420335,0.65,0.66,7.3109709774144e-05,4.7449691919609904e-05,2.566001785453409e-05,2.596173362690024e-05,2.2423582777264528e-05,3.538150849635713e-06,0.005732150282710791,0.004526741337031126,0.0012054089456796646,0.0031197082716971636,0.002990924986079335,0.00012878328561782837,0.0037057215813547373,0.001247073756530881,0.0024586478248238564,0.004338130354881287,0.0036075643729418516,0.002552706515416503,0.0017537776147946715,0.0011897733202204108,0.000213054139749147,0.0073417965322732925
689_0.67_0.91.png,strong_baseline_hurts,41.99157236527771,39.93225541238723,-2.0593169528904838,0.67,0.91,4.564265691442415e-05,8.253765554400161e-05,-3.689499862957746e-05,1.3315966498339549e-05,1.4286732948676217e-05,-9.707664503366686e-07,0.0050921933725476265,0.006716754753142595,-0.0016245613805949688,0.0024419277906417847,0.002492221537977457,-5.029374733567238e-05,0.00040045243804343045,-0.003020459320396185,-0.0026200068823527545,0.0008415337651968002,0.00037085459916852415,-0.0006040812586434186,-0.002464836463332176,-0.003119052154943347,-0.003970216028392315,-0.0077376351691782475
690_0.62_0.99.png,strong_baseline_hurts,41.9024958141039,39.5971800192925,-2.305315794811399,0.62,0.99,4.64813165308442e-05,8.96166093298234e-05,-4.313529279897921e-05,1.3736888831772376e-05,1.498988967796322e-05,-1.2530008461908437e-06,0.005167637951672077,0.007034781854599714,-0.001867143902927637,0.002466948237270117,0.002544029615819454,-7.708137854933739e-05,0.0005149726057425141,-0.0033436771482229233,-0.002828704542480409,0.000825697963591665,0.0005354374297894537,-0.00040531810373067856,-0.002696922281756997,-0.003477337071672082,-0.0043515292927622795,-0.008759335614740849
696_0.96_1.81.png,neutral,31.599223082141474,31.56343296511703,-0.0357901170244439,0.96,1.81,0.0005635984125547111,0.0005676100263372064,-4.01161378249526e-06,8.194152906071395e-05,8.393637835979462e-05,-1.99484929908067e-06,0.015624865889549255,0.015765957534313202,-0.00014109164476394653,0.0054554566740989685,0.0055321031250059605,-7.664645090699196e-05,-0.010458513163030148,-0.011766030453145504,-0.0013075172901153564,-0.009546241723001003,-0.010663013905286789,-0.011798867024481297,-0.010594388470053673,-0.011890571564435959,-0.014197351410984993,-0.004674188792705536
698_0.51_1.13.png,strong_baseline_helps,37.87303956169889,41.28064936168731,3.407609799988421,0.51,1.13,0.00013366264465730637,4.669909321819432e-05,8.696355143911205e-05,2.290949851158075e-05,2.322999898751732e-05,-3.2050047593656927e-07,0.008581770583987236,0.005118540022522211,0.003463230561465025,0.0031133065931499004,0.003071885323151946,4.142126999795437e-05,-0.006979995407164097,-0.0014007404679432511,0.005579254939220846,-0.008157576434314251,-0.006730040535330772,-0.0051788631826639175,-0.0012480515288189054,-0.0014699972234666348,-0.0014443189138546586,0.01590411365032196
699_0.67_1.68.png,strong_baseline_helps,37.67211847376104,38.928349143396574,1.256230669635535,0.67,1.68,0.0001274942624149844,8.687664376338944e-05,4.061761865159497e-05,3.3782722312025726e-05,3.3145988709293306e-05,6.3673360273242e-07,0.00811863411217928,0.006663646548986435,0.0014549875631928444,0.003701522946357727,0.003635450964793563,6.607198156416416e-05,-0.00623223977163434,-0.0043351417407393456,0.0018970980308949947,-0.006846377160400152,-0.00600056815892458,-0.005814416334033012,-0.0036629370879381895,-0.004514481406658888,-0.005174382124096155,0.005309561267495155
709_0.82_0.76.png,strong_baseline_helps,39.147659152962646,40.737314907768685,1.5896557548060386,0.82,0.76,8.87725836946629e-05,5.638819857267663e-05,3.238438512198627e-05,2.3498127120546997e-05,2.096556818287354e-05,2.532558937673457e-06,0.005138643551617861,0.004444491118192673,0.0006941524334251881,0.002660820260643959,0.002608636161312461,5.2184099331498146e-05,0.003266959683969617,0.001991445664316416,0.001275514019653201,0.003390283090993762,0.003234938718378544,0.0031085950322449207,0.002752663567662239,0.001757004065439105,0.0012018223060294986,0.004022326320409775
714_0.64_1.61.png,strong_baseline_hurts,38.40263921971982,36.53914357346525,-1.8634956462545702,0.64,1.61,0.00011015759810106829,0.0001762195461196825,-6.60619480186142e-05,2.4730574295972474e-05,2.936266719189007e-05,-4.6320928959175944e-06,0.006680688820779324,0.007586305029690266,-0.0009056162089109421,0.0030365397688001394,0.003212320851162076,-0.00017578108236193657,0.004074805416166782,0.005101212300360203,-0.0010264068841934204,0.003388938494026661,0.004432447720319033,0.004032437223941088,0.004337020684033632,0.005496552214026451,0.0050698136910796165,-0.0030495626851916313
715_0.63_1.36.png,strong_baseline_hurts,40.12455150955639,38.172838848277465,-1.9517126612789255,0.63,1.36,7.146556890802458e-05,0.00011720923794200644,-4.574366903398186e-05,1.960959161806386e-05,2.405688792350702e-05,-4.44729630544316e-06,0.005713584367185831,0.006495181005448103,-0.0007815966382622719,0.002820848021656275,0.003011205466464162,-0.00019035744480788708,0.00318921753205359,0.004031842574477196,-0.0008426250424236059,0.0027423265855759382,0.003462802153080702,0.0029527281876653433,0.0035144018474966288,0.0043333456851542,0.003836594754830003,-0.002526485361158848
733_0.65_1.63.png,neutral,31.054206626486447,31.00588205696898,-0.048324569517468774,0.65,1.63,0.0007303598686121404,0.0007314763497561216,-1.1164811439812183e-06,3.595176531234756e-05,4.028428520541638e-05,-4.33251989306882e-06,0.019760921597480774,0.01962306536734104,0.00013785623013973236,0.0036196543369442225,0.0038460574578493834,-0.0002264031209051609,0.018154717981815338,0.017821580171585083,0.0003331378102302551,0.016698019579052925,0.01881570927798748,0.018570872023701668,0.015894077718257904,0.018703211098909378,0.018337810412049294,0.001149497926235199
73_0.54_1.5.png,neutral,22.7673033518225,22.810307361896985,0.04300401007448684,0.54,1.5,0.005195064470171928,0.005117031745612621,7.80327245593071e-05,5.701753616449423e-05,7.75546723161824e-05,-2.0537136151688173e-05,0.06308915466070175,0.0651186853647232,-0.002029530704021454,0.0045505426824092865,0.004841077607125044,-0.00029053492471575737,0.059968721121549606,0.06512489169836044,-0.005156170576810837,0.05673408880829811,0.06078871339559555,0.06423009186983109,0.06275023519992828,0.06625162810087204,0.0655546560883522,-0.012803614139556885
751_0.54_1.86.png,neutral,34.214593450440056,34.2521269425681,0.037533492128041246,0.54,1.86,0.00028621990350075066,0.00029269358492456377,-6.473681423813105e-06,5.551225694944151e-05,5.228328154771589e-05,3.22897540172562e-06,0.012139045633375645,0.011765200644731522,0.0003738449886441231,0.004118370823562145,0.004010315053164959,0.00010805577039718628,0.006509928032755852,0.003333908272907138,0.003176019759848714,0.008566408418118954,0.006081600207835436,0.003321488155052066,0.0051276423037052155,0.0030086024198681116,0.0003043250471819192,0.009528926573693752
756_0.75_1.06.png,strong_baseline_hurts,36.72357043540437,35.32387769264914,-1.399692742755228,0.75,1.06,0.0001727781054796651,0.00024726655101403594,-7.448844553437084e-05,2.665080137376208e-05,2.7847307137562893e-05,-1.1965057638008147e-06,0.00913183018565178,0.00978109147399664,-0.0006492612883448601,0.0031576920300722122,0.003137851133942604,1.9840896129608154e-05,-0.005103205796331167,-0.0022812599781900644,0.002821945818141103,-0.003647424280643463,-0.005600000265985727,-0.006363559048622847,-0.0012584608048200607,-0.002631321782246232,-0.0031610815785825253,0.008560119196772575
770_0.95_0.52.png,strong_baseline_hurts,41.43553428834394,39.18274500836635,-2.252789279977584,0.95,0.52,4.654817166738212e-05,8.670704846736044e-05,-4.0158876799978316e-05,1.8797760276356712e-05,2.1396037482190877e-05,-2.5982772058341652e-06,0.0038967912551015615,0.004759907256811857,-0.0008631160017102957,0.002714996226131916,0.0027977959252893925,-8.279969915747643e-05,-0.0008673547417856753,0.0015336571959778666,-0.0006663024541921914,-0.0004055352765135467,-0.0010080471402034163,-0.0013542199740186334,0.0019324247259646654,0.001376981963403523,0.0012944290647283196,-0.0018360335379838943
771_0.84_0.54.png,strong_baseline_hurts,41.30111710495938,39.30285883309934,-1.9982582718600383,0.84,0.54,4.975804768037051e-05,8.508684550179169e-05,-3.5328797821421176e-05,1.7988124454859644e-05,2.039796527242288e-05,-2.4098408175632358e-06,0.003899074625223875,0.004618135746568441,-0.0007190611213445663,0.0026976766530424356,0.002751822117716074,-5.4145464673638344e-05,0.0001227506436407566,0.0029006581753492355,-0.002777907531708479,0.0008390067960135639,-9.722518734633923e-05,-0.0006231727893464267,0.003427330171689391,0.00270405993796885,0.002531494479626417,-0.007103480398654938
778_0.91_1.51.png,neutral,33.82192592726971,33.85988006024333,0.03795413297361705,0.91,1.51,0.00031003300682641566,0.000308870745357126,1.1622614692896605e-06,6.162033969303593e-05,6.114619463915005e-05,4.7414505388587713e-07,0.012037067674100399,0.012291080318391323,-0.00025401264429092407,0.004669893067330122,0.0046215783804655075,4.831468686461449e-05,-0.006068655289709568,-0.006926017813384533,-0.0008573625236749649,-0.004588953219354153,-0.006659757811576128,-0.006905745714902878,-0.00604443671181798,-0.007334302179515362,-0.007136113476008177,-0.002360396087169647
785_0.54_0.53.png,strong_baseline_hurts,38.10353171429652,36.0437635861408,-2.0597681281557243,0.54,0.53,0.00012712975149042904,0.00022001519391778857,-9.288544242735952e-05,2.0078548914170824e-05,2.0307219529058784e-05,-2.2867061488796026e-07,0.008226634003221989,0.011437103152275085,-0.0032104691490530968,0.0030035176314413548,0.00300242705270648,1.0905787348747253e-06,-0.005664727184921503,-0.010855372995138168,-0.005190645810216665,-0.005287898238748312,-0.0057114362716674805,-0.006411813199520111,-0.010341469198465347,-0.011036760173738003,-0.011268379166722298,-0.01523546315729618
786_0.77_1.16.png,strong_baseline_hurts,36.35524818059053,34.52693487009575,-1.828313310494778,0.77,1.16,0.00017709431995172054,0.0002907144953496754,-0.00011362017539795488,3.7126232200535014e-05,4.057060505147092e-05,-3.444372850935906e-06,0.009568572975695133,0.01284859236329794,-0.003280019387602806,0.003719255095347762,0.003954670391976833,-0.00023541529662907124,-0.005167076364159584,-0.0071326373144984245,-0.0019655609503388405,-0.004352115560323,-0.00545875309035182,-0.005802786443382502,-0.006294869352132082,-0.007458976935595274,-0.007649734150618315,-0.005789926275610924
788_0.69_0.73.png,strong_baseline_hurts,39.081267827425506,36.84089244558351,-2.240375381841993,0.69,0.73,9.326815052190796e-05,0.00017129615298472345,-7.80280024628155e-05,2.2280406483332627e-05,2.492721250746399e-05,-2.646806024131365e-06,0.007302530575543642,0.010205727070569992,-0.00290319649502635,0.0030838255770504475,0.003215288044884801,-0.00013146246783435345,-0.0035431417636573315,-0.007984491065144539,-0.004441349301487207,-0.002878233790397644,-0.0037314617075026035,-0.004317300394177437,-0.007236984558403492,-0.008256391622126102,-0.00854553747922182,-0.013111919164657593
792_0.71_0.8.png,strong_baseline_helps,40.82378939995736,42.92834364466443,2.1045542447070673,0.71,0.8,5.894361311220564e-05,2.8005544663756154e-05,3.0938068448449485e-05,1.891858300950844e-05,1.868870276666712e-05,2.2988024284131825e-07,0.004905401263386011,0.0036174950655549765,0.0012879061978310347,0.002864529611542821,0.0028547351248562336,9.794486686587334e-06,-0.0023950159084051847,-0.00020930722530465573,0.002185708683100529,-0.002628214657306671,-0.002275759121403098,-0.002397353993728757,-1.576781323819887e-05,-0.0002375137119088322,-0.0005716961459256709,0.006476350128650665
797_0.73_0.63.png,strong_baseline_helps,40.25587080283734,41.66416368845447,1.4082928856171293,0.73,0.63,7.724797615082934e-05,5.080342452856712e-05,2.6444551622262225e-05,1.3902767932449933e-05,1.4062281479709782e-05,-1.5951354725984856e-07,0.006739835254848003,0.00520883034914732,0.0015310049057006836,0.0025134002789855003,0.002525445306673646,-1.2045027688145638e-05,-0.0058736298233270645,-0.003996443003416061,0.0018771868199110031,-0.005816061981022358,-0.0058532594703137875,-0.006129354238510132,-0.003682122565805912,-0.004050999414175749,-0.004539230838418007,0.0055263228714466095
799_0.52_1.97.png,weak_baseline_helps,27.215001099890745,31.634322715716397,4.419321615825652,0.52,1.97,0.0017941970145329833,0.00061389448819682,0.0011803025263361633,6.244293035706505e-05,4.749176150653511e-05,1.4951168850529939e-05,0.03024262748658657,0.01701795496046543,0.01322467252612114,0.004809658974409103,0.004299956373870373,0.0005097026005387306,-0.029945487156510353,-0.01482389122247696,0.015121595934033394,-0.032867398113012314,-0.029226284474134445,-0.025984182953834534,-0.01765642873942852,-0.014125407673418522,-0.010992208495736122,0.0453038215637207
800_0.55_1.84.png,weak_baseline_helps,28.81681373285035,34.713213703131764,5.896399970281415,0.55,1.84,0.001231078407727182,0.0002872806799132377,0.0009437977278139442,4.997901851311326e-05,3.478562575764954e-05,1.519339275546372e-05,0.025203239172697067,0.011793876066803932,0.013409363105893135,0.004395150113850832,0.0037765318993479013,0.0006186182145029306,-0.024839309975504875,-0.009072927758097649,0.015766382217407227,-0.026890791952610016,-0.02434832975268364,-0.02198794111609459,-0.010834276676177979,-0.008661237545311451,-0.006573516875505447,0.04715803265571594
810_0.88_1.95.png,neutral,27.480828553452362,27.47628499987924,-0.004543553573121528,0.88,1.95,0.0016959760105237365,0.001684473012574017,1.1502997949719429e-05,4.901529609924182e-05,5.351364961825311e-05,-4.498353519011289e-06,0.02656436152756214,0.024718986824154854,0.0018453747034072876,0.004233206156641245,0.0043383133597671986,-0.00010510720312595367,0.023661501705646515,0.018330883234739304,0.005330618470907211,0.01919100433588028,0.025716522708535194,0.024805421009659767,0.01307863648980856,0.020581716671586037,0.020517535507678986,0.015535056591033936
813_0.58_1.0.png,strong_baseline_helps,36.42243605167617,37.99104609083811,1.568610039161939,0.58,1.0,0.00018873848603107035,0.00012136143777752295,6.73770482535474e-05,2.6996682208846323e-05,2.6851666916627437e-05,1.4501529221888632e-07,0.009982498362660408,0.008058025501668453,0.0019244728609919548,0.0034211932215839624,0.0034356811083853245,-1.4487886801362038e-05,-0.006338960025459528,-0.005450412631034851,0.0008885473944246769,-0.007422216702252626,-0.006187202408909798,-0.004280216991901398,-0.005734915379434824,-0.005526744294911623,-0.004311482422053814,0.0023164935410022736
817_0.59_1.1.png,strong_baseline_helps,36.110769173603586,37.9392997013039,1.828530527700316,0.59,1.1,0.000225902593228966,0.00014164515596348792,8.425743726547807e-05,1.3190321624279022e-05,1.3253491488285363e-05,-6.31698640063405e-08,0.011577322147786617,0.00870569422841072,0.0028716279193758965,0.002458425471559167,0.0024540547747164965,4.370696842670441e-06,-0.010395292192697525,-0.005487636663019657,0.004907655529677868,-0.011472253128886223,-0.010112602263689041,-0.00902688130736351,-0.005373137071728706,-0.005586206912994385,-0.005280348937958479,0.014372043311595917
822_0.64_0.8.png,strong_baseline_helps,37.92168387765195,40.0218205994614,2.1001367218094487,0.64,0.8,0.00014402893430087715,8.354950841749087e-05,6.0479425883386284e-05,1.2909061297250446e-05,1.2330738172749989e-05,5.783231245004572e-07,0.00919772032648325,0.006429548840969801,0.0027681714855134487,0.0024117042776197195,0.0023329281248152256,7.87761528044939e-05,-0.008335310034453869,-0.004438931588083506,0.0038963784463703632,-0.008597055450081825,-0.00820239819586277,-0.008333923295140266,-0.004325405228883028,-0.004498897586017847,-0.004428084474056959,0.011880990117788315
828_0.63_0.64.png,strong_baseline_helps,37.598643136706244,41.54773088393856,3.949087747232319,0.63,0.64,0.00015136218280531466,5.319483170751482e-05,9.816735109779984e-05,1.6437657905044034e-05,1.355594395135995e-05,2.881713953684084e-06,0.009371476247906685,0.005731045734137297,0.003640430513769388,0.0026300884783267975,0.0025449662934988737,8.512218482792377e-05,0.008585596457123756,0.0021484866738319397,0.006437109783291817,0.008915497921407223,0.008490074425935745,0.008211571723222733,0.0031946199014782906,0.001773981493897736,0.0013331437949091196,0.01931539922952652
841_0.56_0.7.png,strong_baseline_helps,41.17125989694291,42.7770223165139,1.6057624195709934,0.56,0.7,6.120061152614653e-05,3.853675298159942e-05,2.266385854454711e-05,1.2458858691388741e-05,1.1702375559252687e-05,7.564831321360543e-07,0.005518081597983837,0.0045134262181818485,0.0010046553798019886,0.002390441717579961,0.0023868740536272526,3.5676639527082443e-06,0.003648430109024048,0.00036850827746093273,0.003279921831563115,0.004336833022534847,0.0033971965312957764,0.003136254847049713,0.0011852801544591784,1.8763772459351458e-05,2.7103626052848995e-05,0.009639136493206024
843_0.54_1.62.png,strong_baseline_helps,37.041928663263846,38.8742977762209,1.8323691129570534,0.54,1.62,0.0001660465932218358,9.91820779745467e-05,6.686451524728909e-05,2.2763939341530204e-05,2.198991205659695e-05,7.740272849332541e-07,0.009500590153038502,0.007277592085301876,0.0022229980677366257,0.0031694769859313965,0.003133548656478524,3.5928329452872276e-05,0.00793495588004589,0.002466443460434675,0.005468512419611216,0.009392066858708858,0.007372272666543722,0.007010315079241991,0.0035594161599874496,0.0019657763186842203,0.0021780007518827915,0.016071461141109467
853_1.0_1.75.png,weak_baseline_hurts,26.94311517893203,25.324051936244153,-1.6190632426878757,1.0,1.75,0.0019217712106183171,0.002811246085911989,-0.0008894748752936721,5.626015627058223e-05,6.642548396484926e-05,-1.0165327694267035e-05,0.03228108212351799,0.03830043971538544,-0.006019357591867447,0.004278971813619137,0.004561219364404678,-0.00028224755078554153,-0.008650506846606731,-0.0223804023116827,-0.01372989546507597,-0.007011460606008768,-0.009460906498134136,-0.008775726892054081,-0.01973915286362171,-0.023725666105747223,-0.022380169481039047,-0.04059688746929169
855_0.94_1.42.png,weak_baseline_hurts,27.88365957365762,26.403131325278927,-1.4805282483786932,0.94,1.42,0.001552313333377242,0.0021904469467699528,-0.0006381336133927107,4.219802576699294e-05,5.247706576483324e-05,-1.02790399978403e-05,0.028957733884453773,0.032896921038627625,-0.003939187154173851,0.003799984697252512,0.004088220652192831,-0.00028823595494031906,-0.010699604637920856,-0.0215423833578825,-0.010842778719961643,-0.009108025580644608,-0.011491857469081879,-0.010794015601277351,-0.019134284928441048,-0.022747864946722984,-0.021652771160006523,-0.03214102238416672
857_0.8_1.07.png,strong_baseline_helps,36.167161206163264,37.59141407091342,1.4242528647501587,0.8,1.07,0.00017725992074701935,0.00012872880324721336,4.853111749980599e-05,5.0405156798660755e-05,2.978347401949577e-05,2.0621682779164985e-05,0.009997950866818428,0.00825868733227253,0.0017392635345458984,0.00408346438780427,0.0034676736686378717,0.000615790719166398,-0.00385509361512959,0.0025708668399602175,0.0012842267751693726,-0.004026091657578945,-0.0039851781912148,-0.0027370003517717123,0.0027754995971918106,0.0025022579357028008,0.002387500135228038,0.0030830129981040955
860_0.84_0.88.png,strong_baseline_helps,36.159269917385764,38.2193896769471,2.0601197595613385,0.84,0.88,0.00018432755314279348,0.00011034227645723149,7.398527668556198e-05,4.4047166738891974e-05,2.5850062229437754e-05,1.819710450945422e-05,0.010339039377868176,0.007751125376671553,0.002587914001196623,0.0038804602809250355,0.0032760847825556993,0.0006043754983693361,-0.0038885625544935465,-0.0014545232988893986,0.002434039255604148,-0.004033349920064211,-0.003990497440099716,-0.0029841868672519922,-0.0016007088124752045,-0.001408180221915245,-0.0013097987975925207,0.0066893454641103745
866_0.62_0.59.png,strong_baseline_hurts,44.319858423354866,42.31374256958259,-2.006115853772279,0.62,0.59,2.5328839910798706e-05,4.60397859569639e-05,-2.071094604616519e-05,9.892098205455113e-06,1.0386185749666765e-05,-4.940875442116521e-07,0.003802537452429533,0.005426912102848291,-0.0016243746504187584,0.0021835300140082836,0.002235949272289872,-5.2419258281588554e-05,0.001119802938774228,-0.0025737278629094362,-0.0014539249241352081,0.0023357542231678963,0.0006791321211494505,0.0001996734063141048,-0.0018658014014363289,-0.0028590960428118706,-0.002960770856589079,-0.004471108317375183
870_0.92_0.7.png,strong_baseline_helps,36.0498688699347,38.45115873234079,2.401289862406088,0.92,0.7,0.00021347224537748843,0.00011426041601225734,9.92118293652311e-05,2.2616235582972877e-05,1.8659571651369333e-05,3.9566639316035435e-06,0.010057731531560421,0.007070071529597044,0.002987660001963377,0.0030068212654441595,0.002811139915138483,0.00019568135030567646,-0.0017725640209391713,-0.0007202987326309085,0.0010522652883082628,-0.00182181631680578,-0.0017570313066244125,-0.0017235588748008013,-0.0008781820652075112,-0.0006871441728435457,-0.00047694434761069715,0.0032601363491266966
89_0.63_1.05.png,weak_baseline_helps,23.795352480130813,26.527898980609933,2.7325465004791205,0.63,1.05,0.004114550072699785,0.002179068746045232,0.0019354813266545534,3.305925929453224e-05,2.641283026605379e-05,6.646429028478451e-06,0.05567864328622818,0.04096084088087082,0.01471780240535736,0.0037206418346613646,0.0034896191209554672,0.00023102271370589733,0.04937322065234184,0.034942805767059326,0.014430414885282516,0.051262903958559036,0.04883993789553642,0.04716334119439125,0.03557894378900528,0.03498677909374237,0.033046647906303406,0.043653808534145355
90_0.89_0.67.png,weak_baseline_helps,25.273437215498156,30.07202589234336,4.798588676845203,0.89,0.67,0.0029244273900985718,0.0009621847420930862,0.0019622426480054855,2.504865733499173e-05,1.2865992175647989e-05,1.2182665159343742e-05,0.042376309633255005,0.02569374442100525,0.016682565212249756,0.0031546785030514,0.0024890904314816,0.0006655880715698004,0.04144439846277237,0.021121734753251076,0.020322663709521294,0.04353455826640129,0.04061748459935188,0.04021809250116348,0.02162046916782856,0.020911863073706627,0.020894570276141167,0.060943230986595154
92_0.97_1.46.png,weak_baseline_helps,25.830522846020266,28.376852900595146,2.546330054574881,0.97,1.46,0.0025317533873021603,0.0013965298421680927,0.0011352235451340675,4.523391544353217e-05,3.0800150852883235e-05,1.4433764590648934e-05,0.03737698495388031,0.029298953711986542,0.008078031241893768,0.004197486210614443,0.0036783695686608553,0.0005191166419535875,0.03483041375875473,0.020919285714626312,0.013911128044128418,0.03660948947072029,0.03420960530638695,0.03336181491613388,0.02170751616358757,0.020607801154255867,0.020455501973628998,0.041410088539123535
933_0.73_1.5.png,strong_baseline_helps,38.40644004785029,40.326637988681185,1.9201979408308958,0.73,1.5,0.0001199156540678814,7.201038533821702e-05,4.7905268729664385e-05,1.76392677531112e-05,1.5927940694382414e-05,1.7113270587287843e-06,0.006596300285309553,0.004903500434011221,0.0016927998512983322,0.002646069275215268,0.002569925505667925,7.614376954734325e-05,-0.003605747129768133,-0.0011222310131415725,0.0024835161166265607,-0.003685933770611882,-0.0035459757782518864,-0.003703352529555559,-0.0011461449321359396,-0.0011552979703992605,-0.000889197108335793,0.007744621951133013
935_0.58_0.55.png,strong_baseline_helps,44.48283111179716,45.857977814441014,1.3751467026438533,0.58,0.55,2.669929563126061e-05,1.734379111439921e-05,9.355504516861401e-06,8.104923836071976e-06,7.901203389337752e-06,2.0372044673422351e-07,0.0031885209027677774,0.0028492887504398823,0.00033923215232789516,0.001919301925227046,0.001890681334771216,2.8620590455830097e-05,-0.0023278328590095043,0.001641810405999422,0.0006860224530100822,-0.002403260674327612,-0.002236217027530074,-0.0026015809271484613,0.001940269023180008,0.0015619605546817183,0.0012702159583568573,0.0024686125107109547
941_0.67_0.92.png,neutral,32.582610404592174,32.617385907570394,0.03477550297822063,0.67,0.92,0.0005103821749798954,0.000507752934936434,2.6292400434613228e-06,2.4995499188662507e-05,2.4096763809211552e-05,8.987353794509545e-07,0.01870681531727314,0.017089638859033585,0.0016171764582395554,0.0031819927971810102,0.0030765000265091658,0.00010549277067184448,-0.014811957255005836,-0.005501015577465296,0.00931094167754054,-0.014000033028423786,-0.015041726641356945,-0.015758993104100227,-0.005153854843229055,-0.0056598000228405,-0.005594068672508001,0.028393026441335678
946_0.65_0.58.png,strong_baseline_hurts,41.9176709542146,35.693831478693646,-6.223839475520954,0.65,0.58,5.103196599520743e-05,0.00025141870719380677,-0.00020038674119859934,1.0513575034565292e-05,1.236251864611404e-05,-1.8489436115487479e-06,0.005002414807677269,0.011061524040997028,-0.006059109233319759,0.00218886137008667,0.0023169356863945723,-0.00012807431630790234,0.002814984181895852,0.010292074643075466,-0.007477090461179614,0.0032997142989188433,0.0027044592425227165,0.0021128859370946884,0.01080282498151064,0.010051986202597618,0.010187865234911442,-0.022925617173314095
94_0.95_1.64.png,weak_baseline_hurts,27.348963309642215,26.207650239452242,-1.1413130701899732,0.95,1.64,0.001688617398031056,0.002222431357949972,-0.0005338139599189162,8.977096149465069e-05,0.00010129352449439466,-1.1522562999743968e-05,0.03051951341331005,0.03399825096130371,-0.00347873754799366,0.005534800700843334,0.005607137456536293,-7.233675569295883e-05,0.02732747234404087,0.031843043863773346,-0.004515571519732475,0.031380705535411835,0.026110617443919182,0.022964172065258026,0.03576591610908508,0.03057512827217579,0.028082391247153282,-0.013967938721179962
950_0.57_1.28.png,strong_baseline_hurts,37.10638791468064,33.22181503471172,-3.884572879968921,0.57,1.28,0.00017089118773583323,0.00043812967487610877,-0.00026723848714027554,1.6459187463624403e-05,2.318495899089612e-05,-6.725771527271718e-06,0.010359423235058784,0.017487697303295135,-0.007128274068236351,0.0025488603860139847,0.002888056915253401,-0.0003391965292394161,-0.005827314220368862,-0.015191118232905865,-0.009363804012537003,-0.005030032247304916,-0.005940897855907679,-0.007333173882216215,-0.014876959845423698,-0.015235145576298237,-0.015788860619068146,-0.027596862986683846
951_0.57_0.85.png,strong_baseline_hurts,39.31612560108042,36.129862184748625,-3.1862634163317978,0.57,0.85,9.905981278279796e-05,0.0002198047295678407,-0.00012074491678504273,1.3412485714070499e-05,1.580989919602871e-05,-2.3974134819582105e-06,0.0075889634899795055,0.012351087294518948,-0.004762123804539442,0.002321791835129261,0.002497793873772025,-0.0001760020386427641,-0.002516315085813403,-0.010144497267901897,-0.007628182182088494,-0.001476437202654779,-0.002686314983293414,-0.0043684346601367,-0.009682826697826385,-0.010161439888179302,-0.011268284171819687,-0.02258136495947838
953_0.96_1.7.png,neutral,28.602078513558165,28.636248218541933,0.0341697049837677,0.96,1.7,0.0013005159562453628,0.0012796722585335374,2.084369771182537e-05,4.0228791476693004e-05,4.6650278818560764e-05,-6.42148734186776e-06,0.023521410301327705,0.022622322663664818,0.0008990876376628876,0.003725561546161771,0.003768814029172063,-4.325248301029205e-05,0.008057933300733566,0.008062003180384636,-4.069879651069641e-06,0.008827703073620796,0.008726674132049084,0.00259604025632143,0.008038773201406002,0.009103910997509956,0.0027572468388825655,0.00025048479437828064
957_0.55_0.69.png,strong_baseline_helps,37.9072568232678,40.51646751636548,2.6092106930976797,0.55,0.69,0.0001345997443422675,5.6321816373383626e-05,7.827792796888389e-05,2.0541492631309666e-05,2.8361539079924114e-05,-7.820046448614448e-06,0.00918495375663042,0.005570303648710251,0.00361465010792017,0.0030607471708208323,0.0033608083613216877,-0.00030006119050085545,-0.008159135468304157,-0.003862669924274087,0.00429646554403007,-0.007540404796600342,-0.008404016494750977,-0.008521121926605701,-0.0026630691718310118,-0.004473905079066753,-0.0038615476805716753,0.013467020355165005
958_0.9_0.64.png,strong_baseline_hurts,36.936343683996185,33.34147215389305,-3.594871530103134,0.9,0.64,0.00016750095528550446,0.00041056732879951596,-0.0002430663735140115,2.516751737857703e-05,3.908659709850326e-05,-1.391907971992623e-05,0.009247926995158195,0.013306116685271263,-0.004058189690113068,0.0033153460826724768,0.003980847541242838,-0.0006655014585703611,-0.0036027340684086084,-0.009724756702780724,-0.006122022634372115,-0.0031252626795321703,-0.0037478029262274504,-0.004108095541596413,-0.008534946478903294,-0.010343052446842194,-0.009661287069320679,-0.017558123916387558
960_0.78_0.97.png,strong_baseline_hurts,36.51669668898481,33.71727007405244,-2.799426614932365,0.78,0.97,0.00018135111895389855,0.00036562466993927956,-0.000184273550985381,2.9891149097238667e-05,4.514657484833151e-05,-1.5255425751092844e-05,0.009912552312016487,0.012875418178737164,-0.0029628658667206764,0.0035877327900379896,0.004269701428711414,-0.0006819686386734247,-0.0069259959273040295,-0.010519282892346382,-0.0035932869650423527,-0.006701087113469839,-0.006990072783082724,-0.00718630151823163,-0.009261424653232098,-0.011172199621796608,-0.010455737821757793,-0.010011900216341019
966_0.54_1.62.png,strong_baseline_hurts,39.51679098086811,37.23101081336207,-2.28578016750604,0.54,1.62,7.043264486128464e-05,0.00014684261986985803,-7.640997500857338e-05,3.09594688587822e-05,3.14522985718213e-05,-4.928297130391002e-07,0.0060036214999854565,0.008608830161392689,-0.0026052086614072323,0.003747969400137663,0.003777064150199294,-2.9094750061631203e-05,0.00043805851601064205,-0.006170653272420168,-0.005732594756409526,0.0018340923124924302,-6.806985766161233e-05,-0.0006174122099764645,-0.00552778597921133,-0.006362602114677429,-0.006868246477097273,-0.01623906008899212
97_0.61_1.21.png,neutral,35.24146263236416,35.19537682596558,-0.04608580639857962,0.61,1.21,0.00023549584147986025,0.0002473928907420486,-1.1897049262188375e-05,4.6473975089611486e-05,4.0889579395297915e-05,5.584395694313571e-06,0.012408285401761532,0.01315478514879942,-0.0007464997470378876,0.004482877906411886,0.004262138623744249,0.00022073928266763687,-0.004301964305341244,-0.0029680149164050817,0.001333949388936162,-0.0029121669940650463,-0.004747429396957159,-0.005653372034430504,-0.0021600250620394945,-0.003186335787177086,-0.003963190130889416,0.004003417678177357
983_0.6_1.97.png,neutral,37.740963887029004,37.700227946971964,-0.040735940057039954,0.6,1.97,0.00012823411088902503,0.00012986946967430413,-1.6353587852790952e-06,2.6123610950889997e-05,2.580716864031274e-05,3.1644231057725847e-07,0.00827089138329029,0.007849056273698807,0.00042183510959148407,0.003211789997294545,0.003147765528410673,6.402446888387203e-05,0.004758763127028942,0.0032201155554503202,0.0015386475715786219,0.006232462823390961,0.0040902490727603436,0.004336059559136629,0.004272270016372204,0.0027010610792785883,0.0031332424841821194,0.004552198573946953
984_0.75_1.79.png,neutral,35.793551546872266,35.80024700926808,0.0066954623958110915,0.75,1.79,0.00021563090558629483,0.0002109493943862617,4.681511200033128e-06,3.083890987909399e-05,3.18908023473341e-05,-1.051892468240112e-06,0.010601106099784374,0.009952642023563385,0.0006484640762209892,0.0034073246642947197,0.0033562236931174994,5.1100971177220345e-05,0.006474417634308338,0.005690183490514755,0.0007842341437935829,0.008322548121213913,0.0056353602558374405,0.005947486497461796,0.006738829426467419,0.005109324585646391,0.0059309303760528564,0.002126311883330345
986_0.75_1.85.png,neutral,36.64396890800806,36.60383628829127,-0.04013261971679327,0.75,1.85,0.00016777144628576934,0.00016700233391020447,7.691123755648732e-07,3.268417640356347e-05,3.460032166913152e-05,-1.9161452655680478e-06,0.008775112219154835,0.008696638979017735,7.847324013710022e-05,0.0035743110347539186,0.00367269990965724,-9.838887490332127e-05,0.00648461002856493,0.0007737281266599894,0.005710881901904941,0.007544341962784529,0.006100696045905352,0.005682580638676882,0.0018185514491051435,0.00020584638696163893,0.0009574455907568336,0.01634577475488186
