filename,diagnosis_groups,baseline_psnr,current_psnr,delta_psnr,baseline_ssim,current_ssim,delta_ssim,input_psnr,input_ssim,airlight,beta,airlight_bin,beta_bin
102_0.67_1.36.png,neutral,25.43641408109729,25.386512653192476,-0.049901427904814,0.9698611497879028,0.9676603674888611,-0.002200782299041748,11.457589744981323,0.7599693536758423,0.67,1.36,0.65<=A<0.75,1.1<=beta<1.4
112_0.54_0.98.png,neutral,26.023734152150286,26.071701501743338,0.04796734959305127,0.989223301410675,0.9917392134666443,0.0025159120559692383,24.955849219672803,0.9711683988571167,0.54,0.98,A<0.65,0.8<=beta<1.1
176_0.77_0.84.png,neutral,21.542172596018474,21.517602189542163,-0.024570406476311035,0.9820160269737244,0.983081042766571,0.0010650157928466797,23.042713457659477,0.9717004299163818,0.77,0.84,0.75<=A<0.85,0.8<=beta<1.1
235_0.9_0.72.png,neutral,24.976481838193813,24.96644232592748,-0.010039512266331485,0.9675696492195129,0.964683473110199,-0.002886176109313965,18.454864360197494,0.9491826891899109,0.9,0.72,0.85<=A<0.95,beta<0.8
274_0.71_1.95.png,neutral,29.129181227923844,29.16495533264817,0.035774104724325184,0.9824828505516052,0.9847378730773926,0.0022550225257873535,10.892575127631531,0.7097625136375427,0.71,1.95,0.65<=A<0.75,beta>=1.7
336_0.94_1.46.png,neutral,25.024634397188766,25.04349733005856,0.018862932869794236,0.972851574420929,0.9752268195152283,0.0023752450942993164,13.686080784747281,0.8548880815505981,0.94,1.46,0.85<=A<0.95,1.4<=beta<1.7
380_0.53_1.36.png,neutral,23.469432531291133,23.426930646360972,-0.04250188493016083,0.9632329940795898,0.9630725383758545,-0.00016045570373535156,18.306467459585157,0.9615881443023682,0.53,1.36,A<0.65,1.1<=beta<1.4
395_0.95_1.58.png,neutral,30.039937033076704,30.057989088726224,0.018052055649519616,0.9695462584495544,0.9655964970588684,-0.003949761390686035,12.231045596442113,0.6859041452407837,0.95,1.58,A>=0.95,1.4<=beta<1.7
442_0.69_0.5.png,neutral,20.7221111512691,20.722563494559154,0.0004523432900533919,0.9403567314147949,0.9447020292282104,0.004345297813415527,25.46004423398491,0.9893390536308289,0.69,0.5,0.65<=A<0.75,beta<0.8
453_0.95_0.6.png,neutral,31.12127330070365,31.092971407273062,-0.0283018934305872,0.9889408946037292,0.9890535473823547,0.00011265277862548828,14.667473576933201,0.8325104713439941,0.95,0.6,A>=0.95,beta<0.8
46_0.57_1.55.png,neutral,30.299027082655037,30.33491858719713,0.03589150454209289,0.9749182462692261,0.9760273694992065,0.0011091232299804688,11.799133400219599,0.7513036727905273,0.57,1.55,A<0.65,1.4<=beta<1.7
554_0.96_1.87.png,neutral,35.19015339687761,35.208430870114725,0.01827747323711293,0.9920729994773865,0.9929072260856628,0.0008342266082763672,18.499143463897273,0.8799609541893005,0.96,1.87,A>=0.95,beta>=1.7
589_0.81_1.82.png,neutral,36.4985152422556,36.47671933257265,-0.02179590968295031,0.9751866459846497,0.9741135835647583,-0.0010730624198913574,8.770056755999919,0.4353843927383423,0.81,1.82,0.75<=A<0.85,beta>=1.7
603_0.9_0.85.png,neutral,32.51716497519213,32.48152136403921,-0.035643611152920585,0.9878118634223938,0.9877817630767822,-3.0100345611572266e-05,17.641243988047194,0.8965344429016113,0.9,0.85,0.85<=A<0.95,0.8<=beta<1.1
609_0.88_1.91.png,neutral,26.877188233022334,26.871279404035278,-0.00590882898705658,0.9636166095733643,0.9621157646179199,-0.001500844955444336,12.770754502050941,0.784955620765686,0.88,1.91,0.85<=A<0.95,beta>=1.7
629_0.58_1.06.png,neutral,37.49853286450417,37.521698415107736,0.023165550603565066,0.9941161274909973,0.9940372705459595,-7.88569450378418e-05,21.306166583415312,0.9105690121650696,0.58,1.06,A<0.65,0.8<=beta<1.1
660_0.62_1.91.png,neutral,36.00238128813746,35.96627249377191,-0.03610879436554626,0.9844546318054199,0.9846675992012024,0.0002129673957824707,15.697974910760792,0.729274332523346,0.62,1.91,A<0.65,beta>=1.7
668_0.69_1.25.png,neutral,37.52725023247378,37.53123601827329,0.003985785799507369,0.9932368397712708,0.9931482076644897,-8.863210678100586e-05,18.80151133867027,0.8847453594207764,0.69,1.25,0.65<=A<0.75,1.1<=beta<1.4
696_0.96_1.81.png,neutral,31.599223082141474,31.56343296511703,-0.0357901170244439,0.981024980545044,0.9805363416671753,-0.0004886388778686523,8.743694233329887,0.6232584714889526,0.96,1.81,A>=0.95,beta>=1.7
733_0.65_1.63.png,neutral,31.054206626486447,31.00588205696898,-0.048324569517468774,0.9924941658973694,0.9929994940757751,0.0005053281784057617,20.83643529334885,0.9120296835899353,0.65,1.63,0.65<=A<0.75,1.4<=beta<1.7
73_0.54_1.5.png,neutral,22.7673033518225,22.810307361896985,0.04300401007448684,0.9839721322059631,0.9834454655647278,-0.0005266666412353516,23.111221687551673,0.9650609493255615,0.54,1.5,A<0.65,1.4<=beta<1.7
751_0.54_1.86.png,neutral,34.214593450440056,34.2521269425681,0.037533492128041246,0.9920223355293274,0.992058277130127,3.594160079956055e-05,22.236993164850603,0.9433640241622925,0.54,1.86,A<0.65,beta>=1.7
778_0.91_1.51.png,neutral,33.82192592726971,33.85988006024333,0.03795413297361705,0.9849535226821899,0.9849404096603394,-1.3113021850585938e-05,12.546109820112317,0.757883608341217,0.91,1.51,0.85<=A<0.95,1.4<=beta<1.7
810_0.88_1.95.png,neutral,27.480828553452362,27.47628499987924,-0.004543553573121528,0.9738885164260864,0.9747375845909119,0.0008490681648254395,10.444451699052369,0.6558341383934021,0.88,1.95,0.85<=A<0.95,beta>=1.7
941_0.67_0.92.png,neutral,32.582610404592174,32.617385907570394,0.03477550297822063,0.9936231970787048,0.9925899505615234,-0.0010332465171813965,22.904219497505608,0.9409797787666321,0.67,0.92,0.65<=A<0.75,0.8<=beta<1.1
953_0.96_1.7.png,neutral,28.602078513558165,28.636248218541933,0.0341697049837677,0.9686365127563477,0.969177782535553,0.0005412697792053223,15.995082796351024,0.8710479140281677,0.96,1.7,A>=0.95,beta>=1.7
97_0.61_1.21.png,neutral,35.24146263236416,35.19537682596558,-0.04608580639857962,0.9913522005081177,0.990517795085907,-0.0008344054222106934,17.065765393491105,0.7973477840423584,0.61,1.21,A<0.65,1.1<=beta<1.4
983_0.6_1.97.png,neutral,37.740963887029004,37.700227946971964,-0.040735940057039954,0.9865307807922363,0.9858638644218445,-0.0006669163703918457,16.704878604571853,0.74403977394104,0.6,1.97,A<0.65,beta>=1.7
984_0.75_1.79.png,neutral,35.793551546872266,35.80024700926808,0.0066954623958110915,0.9841764569282532,0.9843867421150208,0.00021028518676757812,14.938064133312645,0.7214066982269287,0.75,1.79,0.75<=A<0.85,beta>=1.7
986_0.75_1.85.png,neutral,36.64396890800806,36.60383628829127,-0.04013261971679327,0.9885870218276978,0.9892910718917847,0.0007040500640869141,14.105118098097364,0.7302121520042419,0.75,1.85,0.75<=A<0.85,beta>=1.7
519_0.58_1.19.png,strong_baseline_helps,41.797841430684805,43.07066650525318,1.2728250745683738,0.993187427520752,0.9932894110679626,0.00010198354721069336,18.677436253745675,0.7035165429115295,0.58,1.19,A<0.65,1.1<=beta<1.4
530_0.62_1.06.png,strong_baseline_helps,38.13667033657505,40.25736791770858,2.120697581133527,0.9936507940292358,0.9954102039337158,0.0017594099044799805,22.54146617289338,0.9429011344909668,0.62,1.06,A<0.65,0.8<=beta<1.1
532_0.63_1.43.png,strong_baseline_helps,37.18363032022547,39.42846105551668,2.2448307352912096,0.9926985502243042,0.9946172833442688,0.0019187331199645996,20.344387662461507,0.9130447506904602,0.63,1.43,A<0.65,1.4<=beta<1.7
557_0.68_0.68.png,strong_baseline_helps,40.07262524026055,42.59165071494656,2.5190254746860106,0.9962121248245239,0.996252179145813,4.00543212890625e-05,26.28256777112552,0.9072145223617554,0.68,0.68,0.65<=A<0.75,beta<0.8
583_0.7_0.93.png,strong_baseline_helps,36.57699995003041,38.5439699529121,1.9669700028816877,0.9953017830848694,0.9954651594161987,0.0001633763313293457,20.195944394835287,0.9149928092956543,0.7,0.93,0.65<=A<0.75,0.8<=beta<1.1
592_0.66_1.53.png,strong_baseline_helps,37.45030277935557,39.010837933148075,1.5605351537925074,0.9819736480712891,0.982043981552124,7.033348083496094e-05,11.512773735091063,0.49668383598327637,0.66,1.53,0.65<=A<0.75,1.4<=beta<1.7
606_0.55_1.35.png,strong_baseline_helps,36.621936562624285,38.14863970173497,1.526703139110687,0.9921483397483826,0.9930269718170166,0.0008786320686340332,18.640762569596006,0.8776274919509888,0.55,1.35,A<0.65,1.1<=beta<1.4
624_0.58_0.68.png,strong_baseline_helps,36.24396999964564,39.77791341535677,3.5339434157111285,0.9947202205657959,0.9955535531044006,0.0008333325386047363,23.274284474143077,0.9414940476417542,0.58,0.68,A<0.65,beta<0.8
641_0.95_1.18.png,strong_baseline_helps,36.141822291218816,37.42704703901022,1.2852247477914034,0.9822943806648254,0.9828289151191711,0.0005345344543457031,12.17254655881229,0.4626326560974121,0.95,1.18,A>=0.95,1.1<=beta<1.4
650_0.56_0.65.png,strong_baseline_helps,41.17612156830701,44.218716645808655,3.0425950775016446,0.9959729909896851,0.996466875076294,0.0004938840866088867,19.209165750995435,0.824536144733429,0.56,0.65,A<0.65,beta<0.8
675_0.78_1.9.png,strong_baseline_helps,36.25440916033593,38.618799967957955,2.364390807622023,0.9915146231651306,0.9923010468482971,0.0007864236831665039,15.54035822635516,0.7590535283088684,0.78,1.9,0.75<=A<0.85,beta>=1.7
678_0.62_0.73.png,strong_baseline_helps,39.886197008574484,42.08610193674842,2.199904928173936,0.9964263439178467,0.9966713190078735,0.00024497509002685547,22.854494511230932,0.9556617140769958,0.62,0.73,A<0.65,beta<0.8
683_0.65_0.66.png,strong_baseline_helps,39.57510514567772,41.09150985341975,1.5164047077420335,0.9966704845428467,0.9970338940620422,0.00036340951919555664,24.093577868029094,0.9609918594360352,0.65,0.66,0.65<=A<0.75,beta<0.8
698_0.51_1.13.png,strong_baseline_helps,37.87303956169889,41.28064936168731,3.407609799988421,0.995132565498352,0.9955348372459412,0.00040227174758911133,18.88084484728037,0.8385675549507141,0.51,1.13,A<0.65,1.1<=beta<1.4
699_0.67_1.68.png,strong_baseline_helps,37.67211847376104,38.928349143396574,1.256230669635535,0.992423951625824,0.9926700592041016,0.0002461075782775879,14.203328772470545,0.7472817897796631,0.67,1.68,0.65<=A<0.75,1.4<=beta<1.7
709_0.82_0.76.png,strong_baseline_helps,39.147659152962646,40.737314907768685,1.5896557548060386,0.995756983757019,0.9959344863891602,0.00017750263214111328,24.697094888833995,0.9381549954414368,0.82,0.76,0.75<=A<0.85,beta<0.8
792_0.71_0.8.png,strong_baseline_helps,40.82378939995736,42.92834364466443,2.1045542447070673,0.9938209652900696,0.9937416911125183,-7.927417755126953e-05,15.773020198266103,0.7110897898674011,0.71,0.8,0.65<=A<0.75,0.8<=beta<1.1
797_0.73_0.63.png,strong_baseline_helps,40.25587080283734,41.66416368845447,1.4082928856171293,0.9969101548194885,0.9969684481620789,5.829334259033203e-05,20.823255409023858,0.8976485133171082,0.73,0.63,0.65<=A<0.75,beta<0.8
813_0.58_1.0.png,strong_baseline_helps,36.42243605167617,37.99104609083811,1.568610039161939,0.9962301254272461,0.9962302446365356,1.1920928955078125e-07,20.615567499295267,0.9240666031837463,0.58,1.0,A<0.65,0.8<=beta<1.1
817_0.59_1.1.png,strong_baseline_helps,36.110769173603586,37.9392997013039,1.828530527700316,0.9950526356697083,0.9952132105827332,0.00016057491302490234,22.221501455442834,0.9253959655761719,0.59,1.1,A<0.65,1.1<=beta<1.4
822_0.64_0.8.png,strong_baseline_helps,37.92168387765195,40.0218205994614,2.1001367218094487,0.9928408861160278,0.992260217666626,-0.0005806684494018555,25.24036354324965,0.8389394283294678,0.64,0.8,A<0.65,0.8<=beta<1.1
828_0.63_0.64.png,strong_baseline_helps,37.598643136706244,41.54773088393856,3.949087747232319,0.9950757026672363,0.9957437515258789,0.0006680488586425781,20.486432945659814,0.8922421336174011,0.63,0.64,A<0.65,beta<0.8
841_0.56_0.7.png,strong_baseline_helps,41.17125989694291,42.7770223165139,1.6057624195709934,0.9960681200027466,0.9965015053749084,0.00043338537216186523,24.04411118280807,0.9102330207824707,0.56,0.7,A<0.65,beta<0.8
843_0.54_1.62.png,strong_baseline_helps,37.041928663263846,38.8742977762209,1.8323691129570534,0.9929567575454712,0.9934582710266113,0.0005015134811401367,18.306850608905187,0.8253265619277954,0.54,1.62,A<0.65,1.4<=beta<1.7
857_0.8_1.07.png,strong_baseline_helps,36.167161206163264,37.59141407091342,1.4242528647501587,0.9886321425437927,0.9887039065361023,7.176399230957031e-05,15.986429251156185,0.8186748623847961,0.8,1.07,0.75<=A<0.85,0.8<=beta<1.1
860_0.84_0.88.png,strong_baseline_helps,36.159269917385764,38.2193896769471,2.0601197595613385,0.9897329807281494,0.9895360469818115,-0.00019693374633789062,16.682550174869846,0.8365838527679443,0.84,0.88,0.75<=A<0.85,0.8<=beta<1.1
870_0.92_0.7.png,strong_baseline_helps,36.0498688699347,38.45115873234079,2.401289862406088,0.9932544231414795,0.9942905306816101,0.0010361075401306152,20.82228702851873,0.8996132016181946,0.92,0.7,0.85<=A<0.95,beta<0.8
933_0.73_1.5.png,strong_baseline_helps,38.40644004785029,40.326637988681185,1.9201979408308958,0.9871640801429749,0.9877330660820007,0.0005689859390258789,13.974518165598457,0.5653198957443237,0.73,1.5,0.65<=A<0.75,1.4<=beta<1.7
935_0.58_0.55.png,strong_baseline_helps,44.48283111179716,45.857977814441014,1.3751467026438533,0.9938414692878723,0.9936826229095459,-0.00015884637832641602,23.45516325689219,0.7609660029411316,0.58,0.55,A<0.65,beta<0.8
957_0.55_0.69.png,strong_baseline_helps,37.9072568232678,40.51646751636548,2.6092106930976797,0.9957199692726135,0.9952124357223511,-0.0005075335502624512,21.617857190530252,0.8755776882171631,0.55,0.69,A<0.65,beta<0.8
127_0.57_0.92.png,strong_baseline_hurts,36.19220857561447,32.1807747408825,-4.0114338347319745,0.9939585328102112,0.9921483993530273,-0.0018101334571838379,17.4635706871789,0.8673653602600098,0.57,0.92,A<0.65,0.8<=beta<1.1
128_0.65_0.67.png,strong_baseline_hurts,37.02456745363627,34.700168442278006,-2.324399011358267,0.9943735599517822,0.9939680695533752,-0.0004054903984069824,19.36721281038843,0.9020578265190125,0.65,0.67,0.65<=A<0.75,beta<0.8
254_0.7_0.56.png,strong_baseline_hurts,39.54804684195017,37.1300187367753,-2.4180281051748693,0.9960156083106995,0.9944514632225037,-0.0015641450881958008,23.702585665769583,0.9611066579818726,0.7,0.56,0.65<=A<0.75,beta<0.8
287_0.77_1.14.png,strong_baseline_hurts,36.23766930955419,33.264499133010844,-2.9731701765433485,0.9914846420288086,0.9913365244865417,-0.0001481175422668457,12.978465800365758,0.7728320360183716,0.77,1.14,0.75<=A<0.85,1.1<=beta<1.4
288_0.82_1.17.png,strong_baseline_hurts,35.96092079819797,33.51535662765501,-2.4455641705429585,0.9909683465957642,0.9911094903945923,0.000141143798828125,12.393492841588534,0.7575480341911316,0.82,1.17,0.75<=A<0.85,1.1<=beta<1.4
300_0.92_0.72.png,strong_baseline_hurts,36.7708911937647,35.23425142503055,-1.5366397687341475,0.9949012994766235,0.9949530959129333,5.179643630981445e-05,16.651775041436107,0.8930976390838623,0.92,0.72,0.85<=A<0.95,beta<0.8
44_0.73_0.53.png,strong_baseline_hurts,38.421775580663734,36.73348741795419,-1.6882881627095472,0.9928805828094482,0.9852511882781982,-0.00762939453125,21.468364868464572,0.90814208984375,0.73,0.53,0.65<=A<0.75,beta<0.8
555_0.75_1.55.png,strong_baseline_hurts,40.996475304260905,39.32322520747827,-1.6732500967826311,0.9956600069999695,0.9956480860710144,-1.1920928955078125e-05,22.900331386960985,0.9075355529785156,0.75,1.55,0.75<=A<0.85,1.4<=beta<1.7
556_0.61_0.91.png,strong_baseline_hurts,40.99708906624614,38.876032309837065,-2.121056756409075,0.9970586895942688,0.9968124032020569,-0.00024628639221191406,28.357701125035618,0.9413047432899475,0.61,0.91,A<0.65,0.8<=beta<1.1
560_0.74_1.77.png,strong_baseline_hurts,37.591880122725165,33.86590123024024,-3.7259788924849246,0.992255449295044,0.9888830184936523,-0.0033724308013916016,18.52707604522805,0.821342945098877,0.74,1.77,0.65<=A<0.75,beta>=1.7
577_0.85_0.68.png,strong_baseline_hurts,36.09408335401354,34.70473344986692,-1.38934990414662,0.9934031963348389,0.9930558800697327,-0.00034731626510620117,18.743747659632145,0.923039972782135,0.85,0.68,0.85<=A<0.95,beta<0.8
579_0.52_0.61.png,strong_baseline_hurts,38.33241493497182,35.50516901974439,-2.8272459152274294,0.996168851852417,0.9955592155456543,-0.0006096363067626953,25.193700348699373,0.9626089334487915,0.52,0.61,A<0.65,beta<0.8
661_0.7_0.75.png,strong_baseline_hurts,39.966784731172595,38.28370856686954,-1.6830761643030527,0.9962792992591858,0.9957789182662964,-0.0005003809928894043,23.025031070478942,0.9491544961929321,0.7,0.75,0.65<=A<0.75,beta<0.8
689_0.67_0.91.png,strong_baseline_hurts,41.99157236527771,39.93225541238723,-2.0593169528904838,0.9963971972465515,0.9961568713188171,-0.000240325927734375,22.622308808526665,0.9269591569900513,0.67,0.91,0.65<=A<0.75,0.8<=beta<1.1
690_0.62_0.99.png,strong_baseline_hurts,41.9024958141039,39.5971800192925,-2.305315794811399,0.9962446093559265,0.9960107803344727,-0.00023382902145385742,22.612565460896388,0.9265893697738647,0.62,0.99,A<0.65,0.8<=beta<1.1
714_0.64_1.61.png,strong_baseline_hurts,38.40263921971982,36.53914357346525,-1.8634956462545702,0.9958661794662476,0.9949467182159424,-0.0009194612503051758,21.010687134336447,0.9395342469215393,0.64,1.61,A<0.65,1.4<=beta<1.7
715_0.63_1.36.png,strong_baseline_hurts,40.12455150955639,38.172838848277465,-1.9517126612789255,0.9965767860412598,0.9958339929580688,-0.000742793083190918,21.94958906337768,0.9514430165290833,0.63,1.36,A<0.65,1.1<=beta<1.4
756_0.75_1.06.png,strong_baseline_hurts,36.72357043540437,35.32387769264914,-1.399692742755228,0.9948657751083374,0.9935095310211182,-0.0013562440872192383,22.284391546040013,0.9450931549072266,0.75,1.06,0.75<=A<0.85,0.8<=beta<1.1
770_0.95_0.52.png,strong_baseline_hurts,41.43553428834394,39.18274500836635,-2.252789279977584,0.9923427104949951,0.9908025860786438,-0.0015401244163513184,19.243233801936725,0.7698010206222534,0.95,0.52,A>=0.95,beta<0.8
771_0.84_0.54.png,strong_baseline_hurts,41.30111710495938,39.30285883309934,-1.9982582718600383,0.9927945137023926,0.9907349944114685,-0.0020595192909240723,20.24100468826979,0.7828521132469177,0.84,0.54,0.75<=A<0.85,beta<0.8
785_0.54_0.53.png,strong_baseline_hurts,38.10353171429652,36.0437635861408,-2.0597681281557243,0.9970903396606445,0.9966528415679932,-0.0004374980926513672,25.63632341805054,0.9465720057487488,0.54,0.53,A<0.65,beta<0.8
786_0.77_1.16.png,strong_baseline_hurts,36.35524818059053,34.52693487009575,-1.828313310494778,0.9936673045158386,0.993026852607727,-0.0006404519081115723,16.947885920078694,0.8656273484230042,0.77,1.16,0.75<=A<0.85,1.1<=beta<1.4
788_0.69_0.73.png,strong_baseline_hurts,39.081267827425506,36.84089244558351,-2.240375381841993,0.9961684942245483,0.995893657207489,-0.00027483701705932617,21.258726693008096,0.9149977564811707,0.69,0.73,0.65<=A<0.75,beta<0.8
866_0.62_0.59.png,strong_baseline_hurts,44.319858423354866,42.31374256958259,-2.006115853772279,0.9972066283226013,0.9968717694282532,-0.00033485889434814453,27.830855672515046,0.9625121355056763,0.62,0.59,A<0.65,beta<0.8
946_0.65_0.58.png,strong_baseline_hurts,41.9176709542146,35.693831478693646,-6.223839475520954,0.9927020072937012,0.9889920353889465,-0.0037099719047546387,22.22495365008527,0.8258258700370789,0.65,0.58,0.65<=A<0.75,beta<0.8
950_0.57_1.28.png,strong_baseline_hurts,37.10638791468064,33.22181503471172,-3.884572879968921,0.9944716095924377,0.9938653111457825,-0.0006062984466552734,20.746032358054816,0.9347694516181946,0.57,1.28,A<0.65,1.1<=beta<1.4
951_0.57_0.85.png,strong_baseline_hurts,39.31612560108042,36.129862184748625,-3.1862634163317978,0.9951928853988647,0.9952505230903625,5.7637691497802734e-05,23.68113479594095,0.9550599455833435,0.57,0.85,A<0.65,0.8<=beta<1.1
958_0.9_0.64.png,strong_baseline_hurts,36.936343683996185,33.34147215389305,-3.594871530103134,0.9945400357246399,0.9931398034095764,-0.0014002323150634766,17.14002048469987,0.8437485098838806,0.9,0.64,0.85<=A<0.95,beta<0.8
960_0.78_0.97.png,strong_baseline_hurts,36.51669668898481,33.71727007405244,-2.799426614932365,0.993308961391449,0.9919849038124084,-0.0013240575790405273,16.14852971077773,0.805455207824707,0.78,0.97,0.75<=A<0.85,0.8<=beta<1.1
966_0.54_1.62.png,strong_baseline_hurts,39.51679098086811,37.23101081336207,-2.28578016750604,0.9929115176200867,0.9937593936920166,0.0008478760719299316,18.017356505429206,0.8462769985198975,0.54,1.62,A<0.65,1.4<=beta<1.7
13_0.52_1.9.png,weak_baseline_helps,25.925987441654428,29.06742330530808,3.1414358636536512,0.9812366366386414,0.9846063852310181,0.003369748592376709,17.32064733079445,0.7858678698539734,0.52,1.9,A<0.65,beta>=1.7
177_0.65_1.52.png,weak_baseline_helps,24.657934331170075,27.283881220764332,2.625946889594257,0.9856621026992798,0.9872947931289673,0.0016326904296875,16.9312543520919,0.8757264018058777,0.65,1.52,0.65<=A<0.75,1.4<=beta<1.7
178_0.64_1.88.png,weak_baseline_helps,22.59654374400645,25.773418929702032,3.1768751856955824,0.9783858060836792,0.9822472929954529,0.0038614869117736816,15.587535282123177,0.8431252837181091,0.64,1.88,A<0.65,beta>=1.7
195_0.61_1.47.png,weak_baseline_helps,26.80599894460704,28.96898891391533,2.1629899693082884,0.985252857208252,0.9876977205276489,0.0024448633193969727,16.511716874570865,0.8435496091842651,0.61,1.47,A<0.65,1.4<=beta<1.7
197_0.88_1.9.png,weak_baseline_helps,27.207999233680784,29.521257847942273,2.313258614261489,0.9617409706115723,0.9671367406845093,0.005395770072937012,9.268437160058271,0.6013458967208862,0.88,1.9,0.85<=A<0.95,beta>=1.7
212_0.54_1.78.png,weak_baseline_helps,25.92166876854378,30.44893722405384,4.527268455510061,0.9843587279319763,0.9873750805854797,0.003016352653503418,16.17461354988308,0.8584255576133728,0.54,1.78,A<0.65,beta>=1.7
261_0.79_1.66.png,weak_baseline_helps,20.475058548951242,22.60081094118252,2.125752392231277,0.9601085186004639,0.965869128704071,0.005760610103607178,12.955422942283619,0.8364942669868469,0.79,1.66,0.75<=A<0.85,1.4<=beta<1.7
330_0.6_0.81.png,weak_baseline_helps,23.936731483130803,26.014622040887563,2.07789055775676,0.9633965492248535,0.9720361828804016,0.008639633655548096,22.546907776983886,0.9673973321914673,0.6,0.81,A<0.65,0.8<=beta<1.1
341_0.68_1.62.png,weak_baseline_helps,25.23056744009562,27.431693343012977,2.201125902917358,0.9708282947540283,0.9765488505363464,0.005720555782318115,13.656097190678988,0.7945029139518738,0.68,1.62,0.65<=A<0.75,1.4<=beta<1.7
359_0.5_1.58.png,weak_baseline_helps,17.21977199176029,19.659143836208163,2.439371844447873,0.9602577090263367,0.9713888764381409,0.0111311674118042,15.344539411090025,0.929787278175354,0.5,1.58,A<0.65,1.4<=beta<1.7
361_0.51_1.62.png,weak_baseline_helps,17.191342724787052,19.483546482840385,2.2922037580533328,0.9397258162498474,0.9583807587623596,0.018654942512512207,12.426325418382953,0.8163831830024719,0.51,1.62,A<0.65,1.4<=beta<1.7
387_0.66_1.81.png,weak_baseline_helps,25.161289512275392,27.46156359298564,2.300274080710249,0.9774185419082642,0.9835353493690491,0.006116807460784912,14.554690728566397,0.8709344863891602,0.66,1.81,0.65<=A<0.75,beta>=1.7
402_0.5_1.99.png,weak_baseline_helps,17.641570135967516,23.234688606624427,5.593118470656911,0.9183050394058228,0.9330747723579407,0.01476973295211792,11.195037258434903,0.47856464982032776,0.5,1.99,A<0.65,beta>=1.7
404_0.71_1.78.png,weak_baseline_helps,27.34154079449688,31.55423185455847,4.212691060061591,0.9539551138877869,0.936259388923645,-0.017695724964141846,9.260857951496359,0.4456545114517212,0.71,1.78,0.65<=A<0.75,beta>=1.7
409_0.54_1.68.png,weak_baseline_helps,24.084604402860666,26.84651666977247,2.7619122669118035,0.9813941121101379,0.9865522384643555,0.005158126354217529,14.185440358934848,0.7710492014884949,0.54,1.68,A<0.65,1.4<=beta<1.7
410_0.98_1.98.png,weak_baseline_helps,21.897143398207003,25.060586456173727,3.163443057966724,0.9763468503952026,0.9790059328079224,0.0026590824127197266,8.55170975174611,0.635169267654419,0.98,1.98,A>=0.95,beta>=1.7
411_0.76_1.73.png,weak_baseline_helps,24.199877986245898,29.527511640151882,5.327633653905984,0.9839848875999451,0.989717960357666,0.005733072757720947,11.281655854465292,0.7115141749382019,0.76,1.73,0.75<=A<0.85,beta>=1.7
415_0.56_1.96.png,weak_baseline_helps,28.525802542838676,33.14763204772878,4.621829504890101,0.9819060564041138,0.9891724586486816,0.007266402244567871,17.348032316655587,0.8914294838905334,0.56,1.96,A<0.65,beta>=1.7
422_0.65_0.92.png,weak_baseline_helps,28.034646871579145,31.664597679907605,3.6299508083284593,0.9918501973152161,0.9927791357040405,0.0009289383888244629,19.222798187443757,0.9105566740036011,0.65,0.92,0.65<=A<0.75,0.8<=beta<1.1
430_0.66_1.24.png,weak_baseline_helps,25.978408448069693,29.23436098785746,3.255952539787767,0.9820736050605774,0.9895349740982056,0.007461369037628174,25.99199215899487,0.9783449769020081,0.66,1.24,0.65<=A<0.75,1.1<=beta<1.4
434_0.56_1.76.png,weak_baseline_helps,23.67898099349175,25.864754275917555,2.1857732824258065,0.954071044921875,0.9551457166671753,0.001074671745300293,15.301746633912906,0.7386762499809265,0.56,1.76,A<0.65,beta>=1.7
493_0.69_0.5.png,weak_baseline_helps,27.974788477674576,30.19776743113222,2.2229789534576447,0.9510191679000854,0.9651743769645691,0.014155209064483643,23.040768496403736,0.9142971634864807,0.69,0.5,0.65<=A<0.75,beta<0.8
586_0.98_1.59.png,weak_baseline_helps,26.66603757327551,29.06376938546671,2.3977318121912,0.9731014370918274,0.9790368676185608,0.0059354305267333984,11.044951857386938,0.7807598114013672,0.98,1.59,A>=0.95,1.4<=beta<1.7
587_0.87_1.84.png,weak_baseline_helps,26.74989584872307,29.32705767742368,2.5771618287006106,0.9725815653800964,0.9779877662658691,0.005406200885772705,11.9041492467892,0.7796000242233276,0.87,1.84,0.85<=A<0.95,beta>=1.7
67_0.68_1.12.png,weak_baseline_helps,26.174169945821024,32.62417212133491,6.450002175513884,0.983041524887085,0.9891663789749146,0.00612485408782959,19.290104366866235,0.9420136213302612,0.68,1.12,0.65<=A<0.75,1.1<=beta<1.4
799_0.52_1.97.png,weak_baseline_helps,27.215001099890745,31.634322715716397,4.419321615825652,0.9876565933227539,0.9916759729385376,0.004019379615783691,15.360527389130336,0.7792377471923828,0.52,1.97,A<0.65,beta>=1.7
800_0.55_1.84.png,weak_baseline_helps,28.81681373285035,34.713213703131764,5.896399970281415,0.9899126887321472,0.9932740926742554,0.0033614039421081543,15.623246685554042,0.7878499627113342,0.55,1.84,A<0.65,beta>=1.7
89_0.63_1.05.png,weak_baseline_helps,23.795352480130813,26.527898980609933,2.7325465004791205,0.9610490202903748,0.9771170616149902,0.01606804132461548,14.797750801760268,0.8317185044288635,0.63,1.05,A<0.65,0.8<=beta<1.1
90_0.89_0.67.png,weak_baseline_helps,25.273437215498156,30.07202589234336,4.798588676845203,0.9733715057373047,0.9869827628135681,0.013611257076263428,16.49949762152489,0.8718492388725281,0.89,0.67,0.85<=A<0.95,beta<0.8
92_0.97_1.46.png,weak_baseline_helps,25.830522846020266,28.376852900595146,2.546330054574881,0.9737630486488342,0.9802613258361816,0.006498277187347412,10.8014759517865,0.7122363448143005,0.97,1.46,A>=0.95,1.4<=beta<1.7
107_0.89_1.5.png,weak_baseline_hurts,27.87759836047469,23.85805361085584,-4.0195447496188486,0.9823389649391174,0.9720098376274109,-0.010329127311706543,12.54811371449331,0.8407064080238342,0.89,1.5,0.85<=A<0.95,1.4<=beta<1.7
108_0.73_1.27.png,weak_baseline_hurts,27.24645269367477,25.237109903276092,-2.0093427903986765,0.9827321767807007,0.977318525314331,-0.005413651466369629,18.199268428950226,0.9230210185050964,0.73,1.27,0.65<=A<0.75,1.1<=beta<1.4
109_0.74_1.74.png,weak_baseline_hurts,28.09817576841244,26.47204624508927,-1.6261295233231685,0.983495831489563,0.9828289747238159,-0.0006668567657470703,14.103398922125699,0.8613152503967285,0.74,1.74,0.65<=A<0.75,beta>=1.7
117_0.69_1.13.png,weak_baseline_hurts,28.04887948821717,25.994225204383095,-2.0546542838340756,0.9866617321968079,0.9863414168357849,-0.0003203153610229492,20.858106456432594,0.9190354347229004,0.69,1.13,0.65<=A<0.75,1.1<=beta<1.4
118_0.68_1.96.png,weak_baseline_hurts,26.58907851973174,24.912778572753382,-1.6762999469783573,0.9797402024269104,0.9787298440933228,-0.0010103583335876465,17.137817356880298,0.8440964818000793,0.68,1.96,0.65<=A<0.75,beta>=1.7
153_0.96_1.61.png,weak_baseline_hurts,28.24611664843314,27.084591414605477,-1.161525233827664,0.9685911536216736,0.9599723815917969,-0.008618772029876709,11.460543639899164,0.7872135639190674,0.96,1.61,A>=0.95,1.4<=beta<1.7
170_0.96_1.28.png,weak_baseline_hurts,25.433685791434833,23.87270057154609,-1.5609852198887424,0.9228552579879761,0.9111039042472839,-0.011751353740692139,9.286438153474242,0.5651288032531738,0.96,1.28,A>=0.95,1.1<=beta<1.4
171_0.81_0.74.png,weak_baseline_hurts,26.757207073565393,25.362857515730663,-1.3943495578347296,0.9372380971908569,0.9263609647750854,-0.010877132415771484,14.10760982146786,0.7250635027885437,0.81,0.74,0.75<=A<0.85,beta<0.8
172_0.86_1.47.png,weak_baseline_hurts,25.1352735299735,23.799169953040817,-1.3361035769326826,0.9212587475776672,0.9094584584236145,-0.011800289154052734,9.209361562143927,0.5478372573852539,0.86,1.47,0.85<=A<0.95,1.4<=beta<1.7
210_0.63_1.2.png,weak_baseline_hurts,26.2542535798514,25.05252524746203,-1.2017283323893722,0.9881522059440613,0.9882670044898987,0.00011479854583740234,17.94015613796985,0.9005948901176453,0.63,1.2,A<0.65,1.1<=beta<1.4
268_0.7_1.83.png,weak_baseline_hurts,27.18981828920118,25.874210017785572,-1.3156082714156092,0.9849156141281128,0.9828287959098816,-0.002086818218231201,15.687631263008289,0.8553687334060669,0.7,1.83,0.65<=A<0.75,beta>=1.7
290_0.66_1.66.png,weak_baseline_hurts,28.777016460577887,27.467770866955384,-1.309245593622503,0.9887169003486633,0.9856145977973938,-0.0031023025512695312,16.543256500216454,0.8554443717002869,0.66,1.66,0.65<=A<0.75,1.4<=beta<1.7
303_0.89_1.94.png,weak_baseline_hurts,25.786815032280906,23.998504427149644,-1.7883106051312616,0.9614222049713135,0.950883150100708,-0.010539054870605469,9.795707625666903,0.7717025876045227,0.89,1.94,0.85<=A<0.95,beta>=1.7
346_0.77_1.92.png,weak_baseline_hurts,25.824111381366713,23.896336855242964,-1.9277745261237484,0.9736698865890503,0.9591675400733948,-0.014502346515655518,13.83716055787657,0.8172554969787598,0.77,1.92,0.75<=A<0.85,beta>=1.7
347_0.92_1.53.png,weak_baseline_hurts,25.21189768519608,24.08375007515868,-1.1281476100374022,0.9745601415634155,0.9631224870681763,-0.011437654495239258,14.110963806120525,0.8311777710914612,0.92,1.53,0.85<=A<0.95,1.4<=beta<1.7
348_0.72_1.07.png,weak_baseline_hurts,25.72445029601139,24.216049016394198,-1.5084012796171926,0.9758332371711731,0.9659063816070557,-0.009926855564117432,22.703545045758315,0.9552996158599854,0.72,1.07,0.65<=A<0.75,0.8<=beta<1.1
389_0.75_1.27.png,weak_baseline_hurts,24.260371564336335,21.790944713330646,-2.4694268510056894,0.9735732078552246,0.9640846848487854,-0.009488523006439209,14.860442583942021,0.8151103854179382,0.75,1.27,0.75<=A<0.85,1.1<=beta<1.4
390_0.55_1.07.png,weak_baseline_hurts,26.89309512036992,21.94825291983065,-4.94484220053927,0.9824028611183167,0.9653652310371399,-0.017037630081176758,21.00829378372663,0.8891355395317078,0.55,1.07,A<0.65,0.8<=beta<1.1
391_0.87_1.8.png,weak_baseline_hurts,24.704091946571083,22.4588522634373,-2.245239683133782,0.9771550297737122,0.9652222990989685,-0.011932730674743652,10.82386441146239,0.7010100483894348,0.87,1.8,0.85<=A<0.95,beta>=1.7
433_0.95_1.27.png,weak_baseline_hurts,27.050090815319592,25.398927611336596,-1.6511632039829962,0.9536672234535217,0.9467839002609253,-0.0068833231925964355,10.892108998069807,0.7176221609115601,0.95,1.27,A>=0.95,1.1<=beta<1.4
436_0.98_1.16.png,weak_baseline_hurts,27.033771096830783,25.459826678810185,-1.5739444180205986,0.9532672762870789,0.950355589389801,-0.002911686897277832,11.035116426521206,0.7286959290504456,0.98,1.16,A>=0.95,1.1<=beta<1.4
476_0.91_1.92.png,weak_baseline_hurts,28.63386851308097,26.47839881738492,-2.1554696956960484,0.9813620448112488,0.9740688800811768,-0.0072931647300720215,10.033578939491985,0.7012248635292053,0.91,1.92,0.85<=A<0.95,beta>=1.7
480_0.54_0.98.png,weak_baseline_hurts,26.793754202287868,25.185388139722477,-1.6083660625653913,0.9865531325340271,0.982197642326355,-0.004355490207672119,18.213231202468354,0.8940433859825134,0.54,0.98,A<0.65,0.8<=beta<1.1
489_0.55_1.03.png,weak_baseline_hurts,28.411121859822547,27.055441203992302,-1.3556806558302448,0.985887885093689,0.9866904616355896,0.0008025765419006348,17.013595815927843,0.8526729345321655,0.55,1.03,A<0.65,0.8<=beta<1.1
509_0.95_1.52.png,weak_baseline_hurts,27.595496482033013,25.022030386865353,-2.5734660951676602,0.9823422431945801,0.9761316180229187,-0.006210625171661377,14.15255172564545,0.8437962532043457,0.95,1.52,A>=0.95,1.4<=beta<1.7
512_0.94_1.48.png,weak_baseline_hurts,27.730955238259718,25.292178008063342,-2.4387772301963757,0.9827993512153625,0.9771851897239685,-0.005614161491394043,14.475734797497816,0.8485710024833679,0.94,1.48,0.85<=A<0.95,1.4<=beta<1.7
648_0.94_1.95.png,weak_baseline_hurts,28.468268617982012,26.854588436350284,-1.6136801816317288,0.9541574716567993,0.9494121074676514,-0.004745364189147949,10.784964810507613,0.7381727695465088,0.94,1.95,0.85<=A<0.95,beta>=1.7
853_1.0_1.75.png,weak_baseline_hurts,26.94311517893203,25.324051936244153,-1.6190632426878757,0.9808207154273987,0.9737599492073059,-0.0070607662200927734,13.264050408643849,0.8543428182601929,1.0,1.75,A>=0.95,beta>=1.7
855_0.94_1.42.png,weak_baseline_hurts,27.88365957365762,26.403131325278927,-1.4805282483786932,0.9856659173965454,0.9814834594726562,-0.00418245792388916,15.28310234027715,0.8788685202598572,0.94,1.42,0.85<=A<0.95,1.4<=beta<1.7
94_0.95_1.64.png,weak_baseline_hurts,27.348963309642215,26.207650239452242,-1.1413130701899732,0.9484239816665649,0.9420035481452942,-0.006420433521270752,7.720275667640219,0.48265939950942993,0.95,1.64,A>=0.95,1.4<=beta<1.7
