confidence_corr_mean,confidence_corr_std,cr_psnr_mean,cr_psnr_std,eligible_for_pass,feature_set,head,ignored_n_mean,ignored_n_std,intervention_precision_mean,intervention_precision_std,intervention_rate_mean,intervention_rate_std,labeled_n_mean,labeled_n_std,lfv1_gain_preservation_mean,lfv1_gain_preservation_std,lfv1_psnr_mean,lfv1_psnr_std,lfv1_regression_rescue_mean,lfv1_regression_rescue_std,passes_heldout_line,passes_random_line,precision_gap_vs_shuffled,sim_delta_vs_cr_mean,sim_delta_vs_cr_std,sim_delta_vs_lfv1_mean,sim_delta_vs_lfv1_std,sim_psnr_mean,sim_psnr_std,split_family,split_group,splits,strong_q4_false_intervention_rate_mean,strong_q4_false_intervention_rate_std,strong_q4_preserve_recall_mean,strong_q4_preserve_recall_std
-0.010577252272996787,0.05823988535500424,31.956312033341487,1.0648926492171205,1,A_output,calibrated_logistic,0.8,0.7483314773547883,0.43875706214689264,0.1467442100862789,0.22902765504827363,0.3855570795534398,199.2,55.722167940596144,0.21745647969052223,0.3918047783848962,32.13952772049234,1.1232109325274193,0.7737571851889589,0.38742431664541244,False,False,0.0730095238095238,0.06529883482024917,0.14415449306179556,-0.11791685233060104,0.07222132834914675,32.02161086816174,1.1691082416629905,airlight_bin,airlight_bin,5,0.22957393483709274,0.3858781922562147,0.7704260651629072,0.3858781922562147
0.008787690091030847,0.08504787781214812,32.27759028649185,1.6484107624305353,1,A_output,calibrated_logistic,0.8,0.4000000000000001,0.4247679476332228,0.056346810223920754,0.6298513845824869,0.4533890611706856,199.2,9.620810776644555,0.6406436398945762,0.4406508424213903,32.47665864840711,1.6426370042719598,0.3775396825396825,0.4624662217922687,False,False,0.07893447812096122,0.1775293302675688,0.1243331365276141,-0.021539031647687796,0.040339385015211046,32.45511961675942,1.6393573514877164,beta_bin,beta_bin,5,0.6278716216216216,0.4564099164895282,0.37212837837837837,0.45640991648952817
0.13466769149830837,0.0,34.04503071047144,0.0,1,A_output,calibrated_logistic,2.0,0.0,0.5555555555555556,0.0,0.036,0.0,248.0,0.0,0.04807692307692308,0.0,34.02203298411348,0.0,0.9789473684210527,0.0,False,False,0.18862007168458783,0.01235814992348017,0.0,0.03535587628144411,0.0,34.057388860394916,0.0,cr_strength_bin,cr_strength_bin=midhigh_cr_q3,1,0.0,0.0,0.0,0.0
0.06510682452298988,0.0,30.608817918382723,0.0,1,A_output,calibrated_logistic,2.0,0.0,0.5192307692307693,0.0,0.212,0.0,248.0,0.0,0.23622047244094488,0.0,31.001063936872356,0.0,0.8409090909090909,0.0,False,False,0.25000000000000006,0.14667013824824032,0.0,-0.2455758802413929,0.0,30.755488056630966,0.0,cr_strength_bin,cr_strength_bin=midlow_cr_q2,1,0.0,0.0,0.0,0.0
-0.191676181903894,0.0,38.6090236085328,0.0,1,A_output,calibrated_logistic,0.0,0.0,0.324,0.0,1.0,0.0,250.0,0.0,1.0,0.0,38.5569258688665,0.0,0.0,0.0,False,False,-0.003731092436974781,-0.052097739666305445,0.0,0.0,0.0,38.5569258688665,0.0,cr_strength_bin,cr_strength_bin=strong_cr_q4,1,1.0,0.0,0.0,0.0
0.13288832520191407,0.0,25.638930021630642,0.0,1,A_output,calibrated_logistic,0.0,0.0,0.5158730158730159,0.0,0.504,0.0,250.0,0.0,0.5433070866141733,0.0,26.132728469466894,0.0,0.5942028985507246,0.0,False,False,0.02995752291526943,0.3568241669001343,0.0,-0.1369742809361215,0.0,25.99575418853078,0.0,cr_strength_bin,cr_strength_bin=weak_cr_q1,1,0.0,0.0,0.0,0.0
-0.032044041845633114,0.018617434911636543,32.12310956760292,0.06396826329518289,1,A_output,calibrated_logistic,0.6666666666666666,0.4714045207910317,0.25117536813922353,0.17765037918385268,0.668,0.46951890270786756,249.33333333333334,0.4714045207910317,0.6696696696696697,0.4671576332163377,32.335156247883724,0.1484563968456966,0.3333333333333333,0.4714045207910317,False,False,-0.1338688085676038,0.11806822200215661,0.10620018404599232,-0.09397845827864737,0.13290561026857717,32.241177789605075,0.14874517043443475,random,random,3,0.6666666666666666,0.4714045207910317,0.3333333333333333,0.4714045207910317
0.3252260681568923,0.06056128146693765,31.956312033341487,1.0648926492171205,1,A_output,hgb,0.8,0.7483314773547883,0.4819945833682377,0.0442673274800369,0.6469663984645637,0.06673264802524032,199.2,55.722167940596144,0.7383290103282767,0.05620819921378241,32.13952772049234,1.1232109325274193,0.4364742428418772,0.08039138032395159,False,False,0.07253198531107952,0.25879497251940575,0.08966494389658183,0.07557928536855553,0.047958069043200595,32.215107005860894,1.1383754472232401,airlight_bin,airlight_bin,5,0.5265940808304915,0.15011748394989397,0.47340591916950847,0.15011748394989397
0.35906865734116045,0.05983509927916726,32.27759028649185,1.6484107624305353,1,A_output,hgb,0.8,0.4000000000000001,0.4908656975613856,0.06967788444376466,0.6916675012616013,0.06111832662724755,199.2,9.620810776644555,0.8189142554948935,0.05186933243304646,32.47665864840711,1.6426370042719598,0.43004261919821685,0.0861430136905606,False,False,0.07837839973051447,0.3114114372708267,0.06103168726593111,0.11234307535557016,0.058043246234705394,32.58900172376268,1.627495084809688,beta_bin,beta_bin,5,0.5636084014815357,0.12709193765296534,0.4363915985184642,0.1270919376529653
0.2957441749375306,0.0,34.04503071047144,0.0,1,A_output,hgb,2.0,0.0,0.43352601156069365,0.0,0.7,0.0,248.0,0.0,0.8076923076923077,0.0,34.02203298411348,0.0,0.3894736842105263,0.0,False,False,0.045770909519877334,0.12737674187266024,0.0,0.1503744682306242,0.0,34.1724074523441,0.0,cr_strength_bin,cr_strength_bin=midhigh_cr_q3,1,0.0,0.0,0.0,0.0
0.16507960776384917,0.0,30.608817918382723,0.0,1,A_output,hgb,2.0,0.0,0.41968911917098445,0.0,0.772,0.0,248.0,0.0,0.7795275590551181,0.0,31.001063936872356,0.0,0.2727272727272727,0.0,False,False,0.0066456409101148806,0.37883803417135786,0.0,-0.013407984318275354,0.0,30.98765595255408,0.0,cr_strength_bin,cr_strength_bin=midlow_cr_q2,1,0.0,0.0,0.0,0.0
0.28162068343113694,0.0,38.6090236085328,0.0,1,A_output,hgb,0.0,0.0,0.3389121338912134,0.0,0.956,0.0,250.0,0.0,0.9578947368421052,0.0,38.5569258688665,0.0,0.06,0.0,False,False,0.008333621494519161,-0.028893451455119134,0.0,0.023204288211186308,0.0,38.58013015707768,0.0,cr_strength_bin,cr_strength_bin=strong_cr_q4,1,0.9349112426035503,0.0,0.0650887573964497,0.0
0.11018163695288004,0.0,25.638930021630642,0.0,1,A_output,hgb,0.0,0.0,0.5798319327731093,0.0,0.476,0.0,250.0,0.0,0.5354330708661418,0.0,26.132728469466894,0.0,0.6231884057971014,0.0,False,False,0.0580928023383267,0.32735873390610726,0.0,-0.16643971393014848,0.0,25.96628875553675,0.0,cr_strength_bin,cr_strength_bin=weak_cr_q1,1,0.0,0.0,0.0,0.0
0.3350527538592131,0.024699072169265934,32.12310956760292,0.06396826329518289,1,A_output,hgb,0.6666666666666666,0.4714045207910317,0.4921814296814297,0.007029670035573123,0.68,0.03680579664491268,249.33333333333334,0.4714045207910317,0.7731436239261388,0.02397651401201125,32.335156247883724,0.1484563968456966,0.4273879142300195,0.038406561834782374,False,False,0.07219873947220229,0.2902263622188956,0.06423683690196334,0.07817968193809159,0.027670386328189578,32.41333592982182,0.12711350803664775,random,random,3,0.6401151457455007,0.1070174314249125,0.3598848542544993,0.1070174314249125
0.1064112427832045,0.0856896265515999,31.956312033341487,1.0648926492171205,1,A_output,logistic,0.8,0.7483314773547883,0.46727709103266635,0.13556181442596565,0.2831598146160439,0.05435848705367879,199.2,55.722167940596144,0.32906663850537654,0.04341300461634412,32.13952772049234,1.1232109325274193,0.7625896857456057,0.08995652275840867,False,False,0.08206992107507527,0.10506731768366744,0.062158595307264294,-0.07814836946718279,0.07985506540151942,32.06137935102516,1.0964761128145797,airlight_bin,airlight_bin,5,0.2745245627730528,0.10317745569578614,0.7254754372269472,0.10317745569578615
0.14223982112851213,0.058155333792719366,32.27759028649185,1.6484107624305353,1,A_output,logistic,0.8,0.4000000000000001,0.4965384508297138,0.06589037463127329,0.3098204635658223,0.06414932234379256,199.2,9.620810776644555,0.3652474889492422,0.07278539723834371,32.47665864840711,1.6426370042719598,0.7534193247191349,0.04578821376948092,False,False,0.07716168088135467,0.14319266279295934,0.0865092672600316,-0.055875699122297284,0.05682530500405601,32.420782949284806,1.6038632643558481,beta_bin,beta_bin,5,0.3409959569474495,0.20319706694554324,0.6590040430525506,0.20319706694554326
0.15490962038115524,0.0,34.04503071047144,0.0,1,A_output,logistic,2.0,0.0,0.4631578947368421,0.0,0.38,0.0,248.0,0.0,0.4519230769230769,0.0,34.02203298411348,0.0,0.6631578947368421,0.0,False,False,0.07030075187969925,0.05073867907502717,0.0,0.0737364054329911,0.0,34.09576938954647,0.0,cr_strength_bin,cr_strength_bin=midhigh_cr_q3,1,0.0,0.0,0.0,0.0
-0.024109865124339564,0.0,30.608817918382723,0.0,1,A_output,logistic,2.0,0.0,0.42857142857142855,0.0,0.224,0.0,248.0,0.0,0.2125984251968504,0.0,31.001063936872356,0.0,0.7272727272727273,0.0,False,False,0.13186813186813184,0.08104869282400672,0.0,-0.3111973256656265,0.0,30.689866611206728,0.0,cr_strength_bin,cr_strength_bin=midlow_cr_q2,1,0.0,0.0,0.0,0.0
0.21219851687148286,0.0,38.6090236085328,0.0,1,A_output,logistic,0.0,0.0,0.3404255319148936,0.0,0.94,0.0,250.0,0.0,0.968421052631579,0.0,38.5569258688665,0.0,0.09,0.0,False,False,-0.027995520716685318,-0.00027662209373542624,0.0,0.05182111757257002,0.0,38.60874698643907,0.0,cr_strength_bin,cr_strength_bin=strong_cr_q4,1,0.9171597633136095,0.0,0.08284023668639054,0.0
0.08842239932077614,0.0,25.638930021630642,0.0,1,A_output,logistic,0.0,0.0,0.6111111111111112,0.0,0.144,0.0,250.0,0.0,0.2047244094488189,0.0,26.132728469466894,0.0,0.8840579710144928,0.0,False,False,0.016516516516516533,0.12573889242461445,0.0,-0.3680595554116413,0.0,25.764668914055257,0.0,cr_strength_bin,cr_strength_bin=weak_cr_q1,1,0.0,0.0,0.0,0.0
0.141771315650419,0.021362826143570685,32.12310956760292,0.06396826329518289,1,A_output,logistic,0.6666666666666666,0.4714045207910317,0.5214582548912968,0.03692797210052063,0.29866666666666664,0.06182412330330469,249.33333333333334,0.4714045207910317,0.3512257535463148,0.07848285259083264,32.335156247883724,0.1484563968456966,0.7515062909799752,0.08210090326564053,False,False,0.11609552623884861,0.14173470412497213,0.03692369583932263,-0.07031197615583189,0.06441287047843361,32.264844271727895,0.08607511037256868,random,random,3,0.2702933043202321,0.09387459271129606,0.7297066956797679,0.09387459271129603
0.10526958454085762,0.08853619969326329,31.956312033341487,1.0648926492171205,1,A_output,ridge_classifier,0.8,0.7483314773547883,0.4604256854256854,0.10850445216440661,0.2847567459624073,0.06205240614430717,199.2,55.722167940596144,0.33208869077174286,0.057950047457856334,32.13952772049234,1.1232109325274193,0.7652471028023796,0.08085844026560367,False,False,0.05796423768869585,0.10190831945573234,0.03311346367868981,-0.08130736769511789,0.0786672050271666,32.05822035279722,1.092183863315322,airlight_bin,airlight_bin,5,0.2940438528014024,0.09805919247535888,0.7059561471985976,0.09805919247535891
0.13866884075278735,0.05211589290937619,32.27759028649185,1.6484107624305353,1,A_output,ridge_classifier,0.8,0.4000000000000001,0.522088948787062,0.07014076332830257,0.24598597404075115,0.04955250280506406,199.2,9.620810776644555,0.30119372435979763,0.053685273449445264,32.47665864840711,1.6426370042719598,0.8248840396373603,0.06501605748603444,False,False,0.10530029003081581,0.11272293716098387,0.04667024632023578,-0.08634542475427275,0.0810453300440731,32.39031322365283,1.6348319212676283,beta_bin,beta_bin,5,0.22663532766144706,0.07583489754035407,0.773364672338553,0.07583489754035407
0.14647274903256868,0.0,34.04503071047144,0.0,1,A_output,ridge_classifier,2.0,0.0,0.47959183673469385,0.0,0.392,0.0,248.0,0.0,0.46153846153846156,0.0,34.02203298411348,0.0,0.6421052631578947,0.0,False,False,0.058163265306122425,0.03974577310908234,0.0,0.06274349946704627,0.0,34.08477648358053,0.0,cr_strength_bin,cr_strength_bin=midhigh_cr_q3,1,0.0,0.0,0.0,0.0
-0.00376231689462771,0.0,30.608817918382723,0.0,1,A_output,ridge_classifier,2.0,0.0,0.49019607843137253,0.0,0.204,0.0,248.0,0.0,0.2047244094488189,0.0,31.001063936872356,0.0,0.7954545454545454,0.0,False,False,0.08683473389355739,0.11726891826102402,0.0,-0.27497710022860916,0.0,30.726086836643745,0.0,cr_strength_bin,cr_strength_bin=midlow_cr_q2,1,0.0,0.0,0.0,0.0
0.12528295891431973,0.0,38.6090236085328,0.0,1,A_output,ridge_classifier,0.0,0.0,0.352112676056338,0.0,0.852,0.0,250.0,0.0,0.9052631578947369,0.0,38.5569258688665,0.0,0.21,0.0,False,False,-0.02910279355692169,0.024595199855796352,0.0,0.0766929395221018,0.0,38.633618808388604,0.0,cr_strength_bin,cr_strength_bin=strong_cr_q4,1,0.8165680473372781,0.0,0.1834319526627219,0.0
0.014643221860138608,0.0,25.638930021630642,0.0,1,A_output,ridge_classifier,0.0,0.0,0.48484848484848486,0.0,0.132,0.0,250.0,0.0,0.14173228346456693,0.0,26.132728469466894,0.0,0.8405797101449275,0.0,False,False,-0.041013584117032376,0.045839020141148525,0.0,-0.44795942769510727,0.0,25.68476904177179,0.0,cr_strength_bin,cr_strength_bin=weak_cr_q1,1,0.0,0.0,0.0,0.0
0.14268531884741598,0.03997690698158341,32.12310956760292,0.06396826329518289,1,A_output,ridge_classifier,0.6666666666666666,0.4714045207910317,0.5372619047619048,0.01866353836760582,0.268,0.05027922035990613,249.33333333333334,0.4714045207910317,0.3241330915373009,0.05780463872477576,32.335156247883724,0.1484563968456966,0.8022993088782563,0.05793090301329942,False,False,0.10847951260888011,0.1422813943966215,0.042829029334824645,-0.06976528588418247,0.05339781989707188,32.26539096199954,0.09639106496257044,random,random,3,0.21502334647989482,0.08690430601869543,0.7849766535201051,0.08690430601869541
0.013306525895448123,0.14489929828108294,31.956312033341487,1.0648926492171205,1,D_feature_contrast,calibrated_logistic,0.8,0.7483314773547883,0.4294858402245968,0.12399973021378921,0.5342884878338312,0.3946326418993555,199.2,55.722167940596144,0.5627975153837224,0.37811939159274216,32.13952772049234,1.1232109325274193,0.5031678129756998,0.41659447541109956,False,False,0.06373830188722795,0.1166412501420538,0.07623236084729759,-0.06657443700879642,0.060230018382525306,32.07295328348354,1.1106062690351086,airlight_bin,airlight_bin,5,0.5113817330210773,0.4245986143980944,0.48861826697892263,0.4245986143980943
0.00947505346562964,0.2474069849667845,32.27759028649185,1.6484107624305353,1,D_feature_contrast,calibrated_logistic,0.8,0.4000000000000001,0.49052681363894174,0.09077431354287219,0.4536553056125837,0.44667964170367136,199.2,9.620810776644555,0.4681386828555808,0.4353088733865153,32.47665864840711,1.6426370042719598,0.5564336917562724,0.4546225891777893,False,False,0.14469334412668017,0.10962356747923321,0.09078443603153646,-0.08944479443602338,0.13088591443893594,32.38721385397108,1.7248829588341863,beta_bin,beta_bin,5,0.44605343980343976,0.45301435574300014,0.5539465601965602,0.45301435574300014
-0.2137853129376262,0.0,34.04503071047144,0.0,1,D_feature_contrast,calibrated_logistic,2.0,0.0,0.36693548387096775,0.0,1.0,0.0,248.0,0.0,1.0,0.0,34.02203298411348,0.0,0.0,0.0,False,False,0.0,-0.022997726357963943,0.0,0.0,0.0,34.02203298411348,0.0,cr_strength_bin,cr_strength_bin=midhigh_cr_q3,1,0.0,0.0,0.0,0.0
0.147451119827655,0.0,30.608817918382723,0.0,1,D_feature_contrast,calibrated_logistic,2.0,0.0,0.5,0.0,0.4,0.0,248.0,0.0,0.4409448818897638,0.0,31.001063936872356,0.0,0.6704545454545454,0.0,False,False,0.23076923076923078,0.2744315838299651,0.0,-0.11781443465966814,0.0,30.88324950221269,0.0,cr_strength_bin,cr_strength_bin=midlow_cr_q2,1,0.0,0.0,0.0,0.0
-0.24087002134208535,0.0,38.6090236085328,0.0,1,D_feature_contrast,calibrated_logistic,0.0,0.0,0.324,0.0,1.0,0.0,250.0,0.0,1.0,0.0,38.5569258688665,0.0,0.0,0.0,False,False,-0.003731092436974781,-0.052097739666305445,0.0,0.0,0.0,38.5569258688665,0.0,cr_strength_bin,cr_strength_bin=strong_cr_q4,1,1.0,0.0,0.0,0.0
-0.053406441605868195,0.0,25.638930021630642,0.0,1,D_feature_contrast,calibrated_logistic,0.0,0.0,0.5833333333333334,0.0,0.048,0.0,250.0,0.0,0.05511811023622047,0.0,26.132728469466894,0.0,0.9710144927536232,0.0,False,False,0.09741784037558687,0.05129512936427099,0.0,-0.4425033184719848,0.0,25.69022515099491,0.0,cr_strength_bin,cr_strength_bin=weak_cr_q1,1,0.0,0.0,0.0,0.0
0.042546425698001565,0.1437415209515319,32.12310956760292,0.06396826329518289,1,D_feature_contrast,calibrated_logistic,0.6666666666666666,0.4714045207910317,0.4026905196543751,0.03687263999917064,0.6813333333333333,0.4506627218762263,249.33333333333334,0.4714045207910317,0.6816816816816816,0.4501700829175618,32.335156247883724,0.1484563968456966,0.3289473684210526,0.4652018297279918,False,False,0.017646342947547744,0.1252147285117606,0.09884723396368363,-0.0868319517690434,0.12279892383910763,32.24832429611468,0.14449051562340193,random,random,3,0.6929824561403509,0.4341883744127923,0.30701754385964913,0.4341883744127923
0.2992396049511279,0.06880262905701261,31.956312033341487,1.0648926492171205,1,D_feature_contrast,hgb,0.8,0.7483314773547883,0.48328085282566635,0.05274252069722565,0.6740399557341721,0.01778640349477458,199.2,55.722167940596144,0.7700062498301679,0.01976134306691221,32.13952772049234,1.1232109325274193,0.44178221022057435,0.10963652381577002,False,False,0.07381825476850817,0.26742581131328086,0.0824472721732531,0.08421012416243064,0.07785026585632697,32.22373784465477,1.1240262128004974,airlight_bin,airlight_bin,5,0.5689086103236232,0.1302332834522241,0.4310913896763767,0.1302332834522241
0.346956806303033,0.06225120892492398,32.27759028649185,1.6484107624305353,1,D_feature_contrast,hgb,0.8,0.4000000000000001,0.5050631725501636,0.056530352909953695,0.6754707600874101,0.03740487897819424,199.2,9.620810776644555,0.803345485356231,0.039548695273397896,32.47665864840711,1.6426370042719598,0.484089184060721,0.05462653309247231,False,False,0.09257587471929252,0.32419148791110375,0.04980926834466344,0.12512312599584718,0.05858037727375769,32.60178177440296,1.634000212421329,beta_bin,beta_bin,5,0.6073414408302469,0.07699324237497467,0.3926585591697532,0.07699324237497467
0.2828991319906178,0.0,34.04503071047144,0.0,1,D_feature_contrast,hgb,2.0,0.0,0.4393063583815029,0.0,0.696,0.0,248.0,0.0,0.7980769230769231,0.0,34.02203298411348,0.0,0.42105263157894735,0.0,False,False,0.05155125634068658,0.10592415636304053,0.0,0.12892188272100447,0.0,34.15095486683448,0.0,cr_strength_bin,cr_strength_bin=midhigh_cr_q3,1,0.0,0.0,0.0,0.0
0.1853447594039251,0.0,30.608817918382723,0.0,1,D_feature_contrast,hgb,2.0,0.0,0.4393063583815029,0.0,0.692,0.0,248.0,0.0,0.7401574803149606,0.0,31.001063936872356,0.0,0.3977272727272727,0.0,False,False,0.026262880120633325,0.3815581104354809,0.0,-0.010687908054152316,0.0,30.990376028818204,0.0,cr_strength_bin,cr_strength_bin=midlow_cr_q2,1,0.0,0.0,0.0,0.0
0.30707436970084756,0.0,38.6090236085328,0.0,1,D_feature_contrast,hgb,0.0,0.0,0.34177215189873417,0.0,0.948,0.0,250.0,0.0,0.968421052631579,0.0,38.5569258688665,0.0,0.09,0.0,False,False,0.011193639502039943,-0.009556885479534913,0.0,0.04254085418677053,0.0,38.59946672305327,0.0,cr_strength_bin,cr_strength_bin=strong_cr_q4,1,0.9230769230769231,0.0,0.07692307692307693,0.0
0.05404284187974508,0.0,25.638930021630642,0.0,1,D_feature_contrast,hgb,0.0,0.0,0.5754716981132075,0.0,0.424,0.0,250.0,0.0,0.44881889763779526,0.0,26.132728469466894,0.0,0.5942028985507246,0.0,False,False,0.053732567678424936,0.24498201775178552,0.0,-0.2488164300844703,0.0,25.883912039382427,0.0,cr_strength_bin,cr_strength_bin=weak_cr_q1,1,0.0,0.0,0.0,0.0
0.365582009868111,0.03368656755789367,32.12310956760292,0.06396826329518289,1,D_feature_contrast,hgb,0.6666666666666666,0.4714045207910317,0.5152640910721115,0.013066223387711559,0.6613333333333333,0.008219218670625309,249.33333333333334,0.4714045207910317,0.7701957218956679,0.013212790347735337,32.335156247883724,0.1484563968456966,0.49674375332270065,0.031188249987846972,False,False,0.09528140086288406,0.3256150593701445,0.06048918935705714,0.11356837908934048,0.0423850188702656,32.44872462697307,0.11236188938781907,random,random,3,0.5958973661544041,0.012814919604524026,0.4041026338455959,0.012814919604524013
0.29940053854807747,0.052912471054650814,31.956312033341487,1.0648926492171205,1,D_feature_contrast,logistic,0.8,0.7483314773547883,0.5988397407949125,0.054880567163608944,0.43473440780587386,0.0549309843366541,199.2,55.722167940596144,0.5816634305885956,0.04319576074007317,32.13952772049234,1.1232109325274193,0.7383916569500157,0.08563450553069661,False,False,0.21363257083732146,0.2714334506633384,0.042448526134420524,0.08821776351248825,0.06412635348191255,32.22774548400483,1.0958480346345236,airlight_bin,airlight_bin,5,0.2772554336661325,0.14456707824838638,0.7227445663338674,0.14456707824838638
0.3477072603536754,0.08455013008622378,32.27759028649185,1.6484107624305353,1,D_feature_contrast,logistic,0.8,0.4000000000000001,0.6145081782528617,0.02006280701852548,0.4368201598686866,0.04418151160745494,199.2,9.620810776644555,0.6148399263393685,0.06192353712078363,32.47665864840711,1.6426370042719598,0.7662254148971416,0.03538722576518825,False,False,0.1951314083045026,0.3201353168227005,0.057332654518507574,0.12106695490744399,0.10515775151027063,32.59772560331455,1.682425242912439,beta_bin,beta_bin,5,0.29840776156074666,0.05574994117826215,0.7015922384392532,0.055749941178262166
0.34424165465934686,0.0,34.04503071047144,0.0,1,D_feature_contrast,logistic,2.0,0.0,0.5431034482758621,0.0,0.472,0.0,248.0,0.0,0.6442307692307693,0.0,34.02203298411348,0.0,0.7368421052631579,0.0,False,False,0.15024630541871925,0.24194733527103784,0.0,0.2649450616290018,0.0,34.28697804574248,0.0,cr_strength_bin,cr_strength_bin=midhigh_cr_q3,1,0.0,0.0,0.0,0.0
0.22364315631804677,0.0,30.608817918382723,0.0,1,D_feature_contrast,logistic,2.0,0.0,0.5585585585585585,0.0,0.448,0.0,248.0,0.0,0.5275590551181102,0.0,31.001063936872356,0.0,0.6931818181818182,0.0,False,False,0.2618552618552618,0.35449528901668526,0.0,-0.03775072947294797,0.0,30.96331320739941,0.0,cr_strength_bin,cr_strength_bin=midlow_cr_q2,1,0.0,0.0,0.0,0.0
0.34077919747079477,0.0,38.6090236085328,0.0,1,D_feature_contrast,logistic,0.0,0.0,0.38333333333333336,0.0,0.72,0.0,250.0,0.0,0.8210526315789474,0.0,38.5569258688665,0.0,0.44,0.0,False,False,0.014912280701754432,0.13863514796888451,0.0,0.19073288763518997,0.0,38.747658756501686,0.0,cr_strength_bin,cr_strength_bin=strong_cr_q4,1,0.6568047337278107,0.0,0.3431952662721893,0.0
-0.04888236641045272,0.0,25.638930021630642,0.0,1,D_feature_contrast,logistic,0.0,0.0,0.5096153846153846,0.0,0.416,0.0,250.0,0.0,0.4409448818897638,0.0,26.132728469466894,0.0,0.6231884057971014,0.0,False,False,-0.08497920997921005,0.18830167608506196,0.0,-0.30549677175119383,0.0,25.827231697715703,0.0,cr_strength_bin,cr_strength_bin=weak_cr_q1,1,0.0,0.0,0.0,0.0
0.30987372376960504,0.01514832833915648,32.12310956760292,0.06396826329518289,1,D_feature_contrast,logistic,0.6666666666666666,0.4714045207910317,0.6332922311183181,0.0195652307508155,0.42533333333333334,0.026398653164297774,249.33333333333334,0.4714045207910317,0.5949414065981794,0.041044254883692684,32.335156247883724,0.1484563968456966,0.7831162502215134,0.03153060690300796,False,False,0.2279295024658699,0.30399025819698583,0.026677973056403348,0.0919435779161818,0.06233244923468054,32.42709982579991,0.08662681570733037,random,random,3,0.28786436375175667,0.04658782738662621,0.7121356362482434,0.046587827386626215
0.25811464889861213,0.06216391655671632,31.956312033341487,1.0648926492171205,1,D_feature_contrast,ridge_classifier,0.8,0.7483314773547883,0.5624642969603031,0.03791182716027328,0.47651733328895657,0.08831648874647223,199.2,55.722167940596144,0.6098087379048495,0.06976887899642764,32.13952772049234,1.1232109325274193,0.6926705566697283,0.12933561715360398,False,False,0.16000284922331354,0.27051887759630927,0.0924019727078599,0.08730319044545902,0.07554271742318878,32.22683091093779,1.1510691210255504,airlight_bin,airlight_bin,5,0.3117005628826163,0.14719166372208983,0.6882994371173836,0.14719166372208983
0.28185272814149637,0.04168576076891612,32.27759028649185,1.6484107624305353,1,D_feature_contrast,ridge_classifier,0.8,0.4000000000000001,0.5341706279818488,0.048931132894128204,0.521548659013296,0.09061696614383513,199.2,9.620810776644555,0.6764268050356715,0.11599201622078147,32.47665864840711,1.6426370042719598,0.6427622661968012,0.10558899388699124,False,False,0.11738196922560257,0.29883962096345124,0.053293111385660084,0.09977125904819459,0.0813081580571008,32.57642990745531,1.6229488622115982,beta_bin,beta_bin,5,0.2994529043969342,0.08056734268499123,0.7005470956030657,0.08056734268499124
0.2525728274598166,0.0,34.04503071047144,0.0,1,D_feature_contrast,ridge_classifier,2.0,0.0,0.5333333333333333,0.0,0.368,0.0,248.0,0.0,0.5096153846153846,0.0,34.02203298411348,0.0,0.8,0.0,False,False,0.1119047619047619,0.15314631053957958,0.0,0.17614403689754352,0.0,34.19817702101102,0.0,cr_strength_bin,cr_strength_bin=midhigh_cr_q3,1,0.0,0.0,0.0,0.0
0.2681773698069696,0.0,30.608817918382723,0.0,1,D_feature_contrast,ridge_classifier,2.0,0.0,0.47770700636942676,0.0,0.628,0.0,248.0,0.0,0.7086614173228346,0.0,31.001063936872356,0.0,0.48863636363636365,0.0,False,False,0.07434566183161162,0.43026921521139816,0.0,0.03802319672176492,0.0,31.03908713359412,0.0,cr_strength_bin,cr_strength_bin=midlow_cr_q2,1,0.0,0.0,0.0,0.0
0.30374524874185777,0.0,38.6090236085328,0.0,1,D_feature_contrast,ridge_classifier,0.0,0.0,0.4276729559748428,0.0,0.636,0.0,250.0,0.0,0.7473684210526316,0.0,38.5569258688665,0.0,0.5,0.0,False,False,0.04645748636158309,0.16296801691462978,0.0,0.2150657565809352,0.0,38.771991625447434,0.0,cr_strength_bin,cr_strength_bin=strong_cr_q4,1,0.5384615384615384,0.0,0.46153846153846156,0.0
0.046576808626330825,0.0,25.638930021630642,0.0,1,D_feature_contrast,ridge_classifier,0.0,0.0,0.5,0.0,0.52,0.0,250.0,0.0,0.5433070866141733,0.0,26.132728469466894,0.0,0.5217391304347826,0.0,False,False,-0.025862068965517238,0.2879875273702173,0.0,-0.20581092046603852,0.0,25.926917549000855,0.0,cr_strength_bin,cr_strength_bin=weak_cr_q1,1,0.0,0.0,0.0,0.0
0.25864208408127287,0.08641551253071031,32.12310956760292,0.06396826329518289,1,D_feature_contrast,ridge_classifier,0.6666666666666666,0.4714045207910317,0.608338195118162,0.0494995811109192,0.4306666666666667,0.05239168721170267,249.33333333333334,0.4714045207910317,0.5809417080329115,0.03405854374783764,32.335156247883724,0.1484563968456966,0.7421584263689528,0.09924430295000915,False,False,0.1795558029651373,0.27704780285629366,0.02946017376243688,0.06500112257548968,0.07592790804437269,32.40015737045922,0.07407671486580905,random,random,3,0.2517430527222449,0.0321206308621737,0.748256947277755,0.0321206308621737
0.03866247814639491,0.20105278101799517,31.956312033341487,1.0648926492171205,1,E_abstention_risk,calibrated_logistic,0.8,0.7483314773547883,0.4610490730499138,0.10734448841760427,0.6264619788156395,0.3463564735729817,199.2,55.722167940596144,0.6639875275128393,0.32949826110395125,32.13952772049234,1.1232109325274193,0.4356433857743444,0.3878713943806548,False,False,0.09530153471254499,0.15348878357241888,0.08845910334795154,-0.02972690357843134,0.07127834996055402,32.1098008169139,1.103667225978999,airlight_bin,airlight_bin,5,0.6398438719750195,0.3540404949366282,0.3601561280249805,0.3540404949366282
0.1028002234993127,0.15976500314663553,32.27759028649185,1.6484107624305353,1,E_abstention_risk,calibrated_logistic,0.8,0.4000000000000001,0.4738914680091151,0.06244108531867869,0.34798913700708445,0.35988319629190446,199.2,9.620810776644555,0.38078906216480923,0.3544697782076698,32.47665864840711,1.6426370042719598,0.6924372759856631,0.3653255337968938,False,False,0.1280579984968535,0.11168530738756359,0.0743308462602875,-0.087383054527693,0.12182950259783579,32.38927559387942,1.7100372860088837,beta_bin,beta_bin,5,0.3237788331071913,0.3639018464753004,0.6762211668928086,0.36390184647530044
-0.1662630108382332,0.0,34.04503071047144,0.0,1,E_abstention_risk,calibrated_logistic,2.0,0.0,0.36693548387096775,0.0,1.0,0.0,248.0,0.0,1.0,0.0,34.02203298411348,0.0,0.0,0.0,False,False,0.0,-0.022997726357963943,0.0,0.0,0.0,34.02203298411348,0.0,cr_strength_bin,cr_strength_bin=midhigh_cr_q3,1,0.0,0.0,0.0,0.0
0.20080678876596003,0.0,30.608817918382723,0.0,1,E_abstention_risk,calibrated_logistic,2.0,0.0,0.543859649122807,0.0,0.46,0.0,248.0,0.0,0.5669291338582677,0.0,31.001063936872356,0.0,0.6704545454545454,0.0,False,False,0.2746288798920378,0.36011844942323257,0.0,-0.032127569066400664,0.0,30.968936367805952,0.0,cr_strength_bin,cr_strength_bin=midlow_cr_q2,1,0.0,0.0,0.0,0.0
-0.24906191413361373,0.0,38.6090236085328,0.0,1,E_abstention_risk,calibrated_logistic,0.0,0.0,0.324,0.0,1.0,0.0,250.0,0.0,1.0,0.0,38.5569258688665,0.0,0.0,0.0,False,False,-0.003731092436974781,-0.052097739666305445,0.0,0.0,0.0,38.5569258688665,0.0,cr_strength_bin,cr_strength_bin=strong_cr_q4,1,1.0,0.0,0.0,0.0
-0.001962160922800578,0.0,25.638930021630642,0.0,1,E_abstention_risk,calibrated_logistic,0.0,0.0,0.3333333333333333,0.0,0.024,0.0,250.0,0.0,0.031496062992125984,0.0,26.132728469466894,0.0,0.9855072463768116,0.0,False,False,-0.15258215962441318,0.020898474807598176,0.0,-0.4728999730286576,0.0,25.65982849643824,0.0,cr_strength_bin,cr_strength_bin=weak_cr_q1,1,0.0,0.0,0.0,0.0
0.011877198866903268,0.1718607862286686,32.12310956760292,0.06396826329518289,1,E_abstention_risk,calibrated_logistic,0.6666666666666666,0.4714045207910317,0.6423268832907387,0.26161763097770846,0.3786666666666667,0.44244572799635234,249.33333333333334,0.4714045207910317,0.39365836424659956,0.43377988407882206,32.335156247883724,0.1484563968456966,0.6578947368421053,0.4653258670131524,False,False,0.2572827065839114,0.13110133491986423,0.10377088792852696,-0.08094534536093977,0.06567449815211071,32.25421090252278,0.16665897551658476,random,random,3,0.3947368421052631,0.4345426693509065,0.6052631578947368,0.4345426693509065
0.3207187163442026,0.06778233793689897,31.956312033341487,1.0648926492171205,1,E_abstention_risk,hgb,0.8,0.7483314773547883,0.49210455139569065,0.059980313671626574,0.6541485678784299,0.04371947529441398,199.2,55.722167940596144,0.744274612102932,0.05018701569958835,32.13952772049234,1.1232109325274193,0.44616403165503504,0.10698729605389772,False,False,0.08264195333853247,0.24525760612167619,0.07567342495776361,0.062041918970825984,0.08093929846410117,32.20156963946316,1.1051311428086614,airlight_bin,airlight_bin,5,0.5644154101099744,0.1069675805466406,0.4355845898900256,0.10696758054664059
0.34012548854949765,0.06755415034952376,32.27759028649185,1.6484107624305353,1,E_abstention_risk,hgb,0.8,0.4000000000000001,0.5053210382412467,0.05000478594124728,0.6626779901731525,0.05108952429826814,199.2,9.620810776644555,0.7988137749391472,0.051261547690939505,32.47665864840711,1.6426370042719598,0.494747146170296,0.09305691966980653,False,False,0.09283374041037562,0.31746023891643593,0.08191721112167193,0.1183918770011793,0.05063890653224435,32.59505052540829,1.6074894942072055,beta_bin,beta_bin,5,0.5945615900839781,0.13681099029334468,0.40543840991602187,0.13681099029334462
0.24432724715630116,0.0,34.04503071047144,0.0,1,E_abstention_risk,hgb,2.0,0.0,0.42857142857142855,0.0,0.704,0.0,248.0,0.0,0.7788461538461539,0.0,34.02203298411348,0.0,0.37894736842105264,0.0,False,False,0.040816326530612235,0.07305977179602108,0.0,0.09605749815398502,0.0,34.11809048226746,0.0,cr_strength_bin,cr_strength_bin=midhigh_cr_q3,1,0.0,0.0,0.0,0.0
0.12456752544906115,0.0,30.608817918382723,0.0,1,E_abstention_risk,hgb,2.0,0.0,0.4418604651162791,0.0,0.688,0.0,248.0,0.0,0.7165354330708661,0.0,31.001063936872356,0.0,0.36363636363636365,0.0,False,False,0.02881698685540951,0.3361468202196304,0.0,-0.05609919827000279,0.0,30.944964738602355,0.0,cr_strength_bin,cr_strength_bin=midlow_cr_q2,1,0.0,0.0,0.0,0.0
0.30858849902114066,0.0,38.6090236085328,0.0,1,E_abstention_risk,hgb,0.0,0.0,0.34913793103448276,0.0,0.928,0.0,250.0,0.0,0.9789473684210527,0.0,38.5569258688665,0.0,0.15,0.0,False,False,0.01855941863778854,0.06054810979798364,0.0,0.11264584946428909,0.0,38.669571718330786,0.0,cr_strength_bin,cr_strength_bin=strong_cr_q4,1,0.893491124260355,0.0,0.10650887573964497,0.0
0.03276953062936952,0.0,25.638930021630642,0.0,1,E_abstention_risk,hgb,0.0,0.0,0.6043956043956044,0.0,0.364,0.0,250.0,0.0,0.41732283464566927,0.0,26.132728469466894,0.0,0.7246376811594203,0.0,False,False,0.08265647396082176,0.2558375945732117,0.0,-0.23796085326304411,0.0,25.894767616203854,0.0,cr_strength_bin,cr_strength_bin=weak_cr_q1,1,0.0,0.0,0.0,0.0
0.3495437502911774,0.02969791973984354,32.12310956760292,0.06396826329518289,1,E_abstention_risk,hgb,0.6666666666666666,0.4714045207910317,0.5318800754044916,0.025498860662809347,0.624,0.023551362310207612,249.33333333333334,0.4714045207910317,0.7425285512171643,0.008965528092265468,32.335156247883724,0.1484563968456966,0.5717481835902888,0.07534619921636634,False,False,0.11189738519526415,0.3222084023434173,0.0526088676636869,0.11016172206261332,0.04161295821005992,32.44531796994633,0.10823449248144519,random,random,3,0.5129470964232286,0.047464084009991005,0.48705290357677145,0.047464084009991026
0.33514837609750214,0.06467461104020662,31.956312033341487,1.0648926492171205,1,E_abstention_risk,logistic,0.8,0.7483314773547883,0.605077183162033,0.06901617055882099,0.4428150514909208,0.079208128445885,199.2,55.722167940596144,0.611738687930911,0.06207277841793573,32.13952772049234,1.1232109325274193,0.7525574015444518,0.10504367022416554,False,False,0.21987001320444188,0.31011751394861287,0.07492491665136983,0.12690182679776268,0.06464145664836017,32.2664295472901,1.1311032689305294,airlight_bin,airlight_bin,5,0.3070271306682006,0.15027250400692177,0.6929728693317994,0.15027250400692177
0.3752177369796673,0.07329029297561189,32.27759028649185,1.6484107624305353,1,E_abstention_risk,logistic,0.8,0.4000000000000001,0.602755480048272,0.041942926065006006,0.4644880829552199,0.07003417561845288,199.2,9.620810776644555,0.6500035881297918,0.0873453702387634,32.47665864840711,1.6426370042719598,0.7369022017409114,0.07142370713515035,True,False,0.1833787100999128,0.33512726187436737,0.045592090813842245,0.13605889995911075,0.09579411301040339,32.61271754836621,1.6790733045800117,beta_bin,beta_bin,5,0.24954412519711028,0.06163008142849081,0.7504558748028897,0.06163008142849084
0.3226286866699528,0.0,34.04503071047144,0.0,1,E_abstention_risk,logistic,2.0,0.0,0.5652173913043478,0.0,0.376,0.0,248.0,0.0,0.5192307692307693,0.0,34.02203298411348,0.0,0.8,0.0,False,False,0.17236024844720493,0.19290517941724003,0.0,0.21590290577520396,0.0,34.237935889888675,0.0,cr_strength_bin,cr_strength_bin=midhigh_cr_q3,1,0.0,0.0,0.0,0.0
0.25983777284001264,0.0,30.608817918382723,0.0,1,E_abstention_risk,logistic,2.0,0.0,0.5645161290322581,0.0,0.496,0.0,248.0,0.0,0.6062992125984252,0.0,31.001063936872356,0.0,0.6931818181818182,0.0,False,False,0.2678128323289614,0.40006907347265264,0.0,0.007823054983019433,0.0,31.008886991855377,0.0,cr_strength_bin,cr_strength_bin=midlow_cr_q2,1,0.0,0.0,0.0,0.0
0.3374297945211934,0.0,38.6090236085328,0.0,1,E_abstention_risk,logistic,0.0,0.0,0.37435897435897436,0.0,0.78,0.0,250.0,0.0,0.8842105263157894,0.0,38.5569258688665,0.0,0.36,0.0,False,False,0.005937921727395434,0.13684196377373545,0.0,0.18893970344004088,0.0,38.74586557230653,0.0,cr_strength_bin,cr_strength_bin=strong_cr_q4,1,0.7218934911242604,0.0,0.2781065088757396,0.0
-0.005478351887539762,0.0,25.638930021630642,0.0,1,E_abstention_risk,logistic,0.0,0.0,0.4732142857142857,0.0,0.448,0.0,250.0,0.0,0.4566929133858268,0.0,26.132728469466894,0.0,0.5507246376811594,0.0,False,False,-0.12138030888030893,0.23167196821266112,0.0,-0.2621264796235947,0.0,25.8706019898433,0.0,cr_strength_bin,cr_strength_bin=weak_cr_q1,1,0.0,0.0,0.0,0.0
0.34979379891934137,0.009642530132778118,32.12310956760292,0.06396826329518289,1,E_abstention_risk,logistic,0.6666666666666666,0.4714045207910317,0.6631454913389333,0.017935353293309808,0.40399999999999997,0.024657656011875903,249.33333333333334,0.4714045207910317,0.5951618104883081,0.03294859543581183,32.335156247883724,0.1484563968456966,0.8168970405812511,0.04777944492012035,False,False,0.2577827626864851,0.3294396317771542,0.034768818200847894,0.11739295149635019,0.057177034821324364,32.45254919938008,0.0986744709415986,random,random,3,0.26154857427807243,0.045669733783204054,0.7384514257219276,0.045669733783204054
0.23496781836432232,0.07129785064109005,31.956312033341487,1.0648926492171205,1,E_abstention_risk,ridge_classifier,0.8,0.7483314773547883,0.5340918350797341,0.022918243948953955,0.5246581740623327,0.1161918958521689,199.2,55.722167940596144,0.6446586925750536,0.1005690463401278,32.13952772049234,1.1232109325274193,0.623106995213419,0.12420142393161417,False,False,0.13163038734274457,0.2651380375768763,0.1006301294632001,0.08192235042602611,0.05628543761740929,32.22145007091836,1.1560213627407703,airlight_bin,airlight_bin,5,0.39759453278003754,0.1369059612891707,0.6024054672199625,0.13690596128917074
0.2479300538893062,0.04033995271318415,32.27759028649185,1.6484107624305353,1,E_abstention_risk,ridge_classifier,0.8,0.4000000000000001,0.5186065551183074,0.03673938824478944,0.5401615840519107,0.09570313450911758,199.2,9.620810776644555,0.6774621880633223,0.06918220369311379,32.47665864840711,1.6426370042719598,0.5980849974398361,0.12047786862367087,False,False,0.10181789636206123,0.2630266361249375,0.05090592054494279,0.06395827420968085,0.06709541000021303,32.54061692261679,1.6357777755634957,beta_bin,beta_bin,5,0.36472711687263926,0.14734517445607098,0.6352728831273606,0.147345174456071
0.3080392996051989,0.0,34.04503071047144,0.0,1,E_abstention_risk,ridge_classifier,2.0,0.0,0.5225225225225225,0.0,0.452,0.0,248.0,0.0,0.6057692307692307,0.0,34.02203298411348,0.0,0.7157894736842105,0.0,False,False,0.10109395109395108,0.19793664116065773,0.0,0.2209343675186217,0.0,34.242967351632096,0.0,cr_strength_bin,cr_strength_bin=midhigh_cr_q3,1,0.0,0.0,0.0,0.0
0.21996853016383638,0.0,30.608817918382723,0.0,1,E_abstention_risk,ridge_classifier,2.0,0.0,0.47619047619047616,0.0,0.588,0.0,248.0,0.0,0.6535433070866141,0.0,31.001063936872356,0.0,0.5,0.0,False,False,0.07282913165266103,0.36238064417420407,0.0,-0.02986537431542912,0.0,30.97119856255692,0.0,cr_strength_bin,cr_strength_bin=midlow_cr_q2,1,0.0,0.0,0.0,0.0
0.2684184220565787,0.0,38.6090236085328,0.0,1,E_abstention_risk,ridge_classifier,0.0,0.0,0.42948717948717946,0.0,0.624,0.0,250.0,0.0,0.6947368421052632,0.0,38.5569258688665,0.0,0.45,0.0,False,False,0.048271709873919766,0.12734713397300823,0.0,0.17944487363931366,0.0,38.73637074250582,0.0,cr_strength_bin,cr_strength_bin=strong_cr_q4,1,0.5266272189349113,0.0,0.47337278106508873,0.0
0.07959654632648881,0.0,25.638930021630642,0.0,1,E_abstention_risk,ridge_classifier,0.0,0.0,0.5,0.0,0.368,0.0,250.0,0.0,0.4251968503937008,0.0,26.132728469466894,0.0,0.6811594202898551,0.0,False,False,-0.025862068965517238,0.25829164705341373,0.0,-0.23550680078284206,0.0,25.897221668684054,0.0,cr_strength_bin,cr_strength_bin=weak_cr_q1,1,0.0,0.0,0.0,0.0
0.30075905841502126,0.04698038100266648,32.12310956760292,0.06396826329518289,1,E_abstention_risk,ridge_classifier,0.6666666666666666,0.4714045207910317,0.5480789039212758,0.06048181192780323,0.516,0.08242976808572658,249.33333333333334,0.4714045207910317,0.6527917555980157,0.06798425507100157,32.335156247883724,0.1484563968456966,0.6492778663831297,0.12829155005652676,False,False,0.11929651176825107,0.2968861278330505,0.024887991489025207,0.08483944755224648,0.09057583586105204,32.41999569543597,0.05883541402231436,random,random,3,0.38212067636792235,0.10147451157076785,0.6178793236320775,0.10147451157076784
0.037481588688673656,0.04628734826156784,31.956312033341487,1.0648926492171205,0,E_abstention_risk_shuffled,calibrated_logistic,0.8,0.7483314773547883,0.36574753833736884,0.08868937859593036,0.628818851251841,0.45501963757843356,199.2,55.722167940596144,0.6363636363636364,0.4458833742931826,32.13952772049234,1.1232109325274193,0.3729907773386034,0.4574682907647324,False,False,0.0,0.1300980828221852,0.1165589558731396,-0.05311760432866497,0.07763832143065012,32.08641011616368,1.1126754376958135,airlight_bin,airlight_bin,5,0.6535338345864662,0.4270958372580762,0.3464661654135338,0.4270958372580762
-0.026512952416796555,0.07278880610377675,32.27759028649185,1.6484107624305353,0,E_abstention_risk_shuffled,calibrated_logistic,0.8,0.4000000000000001,0.34583346951226157,0.07306586243472851,0.6272741257306944,0.45671127947079204,199.2,9.620810776644555,0.6269061583577712,0.45748084911515885,32.47665864840711,1.6426370042719598,0.37000933706816064,0.45317553726521265,False,False,0.0,0.1168392118423596,0.13468138568970114,-0.08222915007289702,0.10842930898456804,32.39442949833421,1.5683123568066242,beta_bin,beta_bin,5,0.6301221166892809,0.45311352248993886,0.36987788331071914,0.45311352248993886
0.040388701438813984,0.0,34.04503071047144,0.0,0,E_abstention_risk_shuffled,calibrated_logistic,2.0,0.0,0.36693548387096775,0.0,1.0,0.0,248.0,0.0,1.0,0.0,34.02203298411348,0.0,0.0,0.0,False,False,0.0,-0.022997726357963943,0.0,0.0,0.0,34.02203298411348,0.0,cr_strength_bin,cr_strength_bin=midhigh_cr_q3,1,0.0,0.0,0.0,0.0
0.12956373488473946,0.0,30.608817918382723,0.0,0,E_abstention_risk_shuffled,calibrated_logistic,2.0,0.0,0.2692307692307692,0.0,0.208,0.0,248.0,0.0,0.2047244094488189,0.0,31.001063936872356,0.0,0.75,0.0,False,False,0.0,0.11906159793672697,0.0,-0.27318442055290626,0.0,30.72787951631945,0.0,cr_strength_bin,cr_strength_bin=midlow_cr_q2,1,0.0,0.0,0.0,0.0
0.10646678678182053,0.0,38.6090236085328,0.0,0,E_abstention_risk_shuffled,calibrated_logistic,0.0,0.0,0.3277310924369748,0.0,0.952,0.0,250.0,0.0,0.9473684210526315,0.0,38.5569258688665,0.0,0.05,0.0,False,False,0.0,-0.0401390160737065,0.0,0.011958723592598943,0.0,38.5688845924591,0.0,cr_strength_bin,cr_strength_bin=strong_cr_q4,1,0.9467455621301775,0.0,0.05325443786982249,0.0
0.14365739654075646,0.0,25.638930021630642,0.0,0,E_abstention_risk_shuffled,calibrated_logistic,0.0,0.0,0.4859154929577465,0.0,0.568,0.0,250.0,0.0,0.5433070866141733,0.0,26.132728469466894,0.0,0.4057971014492754,0.0,False,False,0.0,0.2902374880498061,0.0,-0.20356095978644975,0.0,25.929167509680447,0.0,cr_strength_bin,cr_strength_bin=weak_cr_q1,1,0.0,0.0,0.0,0.0
-0.002452430450946131,0.06281080478934642,32.12310956760292,0.06396826329518289,0,E_abstention_risk_shuffled,calibrated_logistic,0.6666666666666666,0.4714045207910317,0.38504417670682733,0.012340117103653413,1.0,0.0,249.33333333333334,0.4714045207910317,1.0,0.0,32.335156247883724,0.1484563968456966,0.0,0.0,False,False,0.0,0.212046680280804,0.08816146866505356,0.0,0.0,32.335156247883724,0.1484563968456966,random,random,3,1.0,0.0,0.0,0.0
0.12182432381029511,0.05434054840431671,31.956312033341487,1.0648926492171205,0,E_abstention_risk_shuffled,hgb,0.8,0.7483314773547883,0.4094625980571582,0.0503156667263978,0.7786767512876197,0.0482242873978327,199.2,55.722167940596144,0.8320646178092985,0.027163877830707416,32.13952772049234,1.1232109325274193,0.28727674476087744,0.0828411156026366,False,False,0.0,0.19878967737208164,0.10918646400390455,0.015573990221231408,0.017423065178822535,32.155101710713566,1.1259436576031643,airlight_bin,airlight_bin,5,0.7681334483750359,0.0663392643933039,0.23186655162496406,0.06633926439330387
0.12638902101694766,0.06927276602130485,32.27759028649185,1.6484107624305353,0,E_abstention_risk_shuffled,hgb,0.8,0.4000000000000001,0.4124872978308711,0.03922039182483571,0.7878820328702755,0.02195200851626747,199.2,9.620810776644555,0.822713652430657,0.05532203837141775,32.47665864840711,1.6426370042719598,0.24151064726966057,0.0351909330654571,False,False,0.0,0.20328423344048105,0.06685218247391553,0.004215871525224499,0.05438137300827905,32.48087451993233,1.648218751322937,beta_bin,beta_bin,5,0.7706560104881001,0.0623408116882276,0.22934398951189996,0.062340811688227575
0.09824057035948748,0.0,34.04503071047144,0.0,0,E_abstention_risk_shuffled,hgb,2.0,0.0,0.3877551020408163,0.0,0.788,0.0,248.0,0.0,0.8461538461538461,0.0,34.02203298411348,0.0,0.22105263157894736,0.0,False,False,0.0,0.029916647256112427,0.0,0.05291437361407637,0.0,34.07494735772755,0.0,cr_strength_bin,cr_strength_bin=midhigh_cr_q3,1,0.0,0.0,0.0,0.0
0.036312572972867545,0.0,30.608817918382723,0.0,0,E_abstention_risk_shuffled,hgb,2.0,0.0,0.41304347826086957,0.0,0.74,0.0,248.0,0.0,0.7716535433070866,0.0,31.001063936872356,0.0,0.2840909090909091,0.0,False,False,0.0,0.3605753232858404,0.0,-0.0316706952037928,0.0,30.969393241668563,0.0,cr_strength_bin,cr_strength_bin=midlow_cr_q2,1,0.0,0.0,0.0,0.0
0.16919988756909363,0.0,38.6090236085328,0.0,0,E_abstention_risk_shuffled,hgb,0.0,0.0,0.3305785123966942,0.0,0.968,0.0,250.0,0.0,0.968421052631579,0.0,38.5569258688665,0.0,0.04,0.0,False,False,0.0,-0.03077401894023643,0.0,0.02132372072606901,0.0,38.578249589592566,0.0,cr_strength_bin,cr_strength_bin=strong_cr_q4,1,0.9585798816568047,0.0,0.04142011834319527,0.0
0.07970054883851889,0.0,25.638930021630642,0.0,0,E_abstention_risk_shuffled,hgb,0.0,0.0,0.5217391304347826,0.0,0.46,0.0,250.0,0.0,0.5118110236220472,0.0,26.132728469466894,0.0,0.5507246376811594,0.0,False,False,0.0,0.2570203801954873,0.0,-0.2367780676407685,0.0,25.89595040182613,0.0,cr_strength_bin,cr_strength_bin=weak_cr_q1,1,0.0,0.0,0.0,0.0
0.14860927254862197,0.03398094392561341,32.12310956760292,0.06396826329518289,0,E_abstention_risk_shuffled,hgb,0.6666666666666666,0.4714045207910317,0.4199826902092274,0.0024348320236589867,0.7920000000000001,0.02612789058968721,249.33333333333334,0.4714045207910317,0.8420903364238496,0.015424408730923333,32.335156247883724,0.1484563968456966,0.2212697146907673,0.029350731745717694,False,False,0.0,0.22536287256120527,0.0695883468856527,0.013316192280401264,0.03368598301086653,32.34847244016412,0.13343502330473755,random,random,3,0.8257627272315154,0.04382227156559651,0.17423727276848452,0.043822271565596496
0.04744911374380657,0.06333966118192152,31.956312033341487,1.0648926492171205,0,E_abstention_risk_shuffled,logistic,0.8,0.7483314773547883,0.3852071699575911,0.07796434615707853,0.4115578409592039,0.04432445508025125,199.2,55.722167940596144,0.4283694736556072,0.07138210212721761,32.13952772049234,1.1232109325274193,0.6112594168169351,0.01764031974246265,False,False,0.0,0.11035182494280978,0.08924058168360675,-0.07286386220804045,0.03890749715829741,32.0666638582843,1.119063734949447,airlight_bin,airlight_bin,5,0.4341591684128354,0.07227254305116586,0.5658408315871646,0.07227254305116586
0.08579318392053373,0.06926662104247863,32.27759028649185,1.6484107624305353,0,E_abstention_risk_shuffled,logistic,0.8,0.4000000000000001,0.41937676994835915,0.03611336689721421,0.38898646170576495,0.05690727283512689,199.2,9.620810776644555,0.4270666550803216,0.07815430912250916,32.47665864840711,1.6426370042719598,0.6510912321918014,0.06499148480124806,False,False,0.0,0.13953562817894022,0.0987103703251088,-0.059532733736316415,0.052101576605190325,32.417125914670784,1.6490390502593137,beta_bin,beta_bin,5,0.3723293850159522,0.10601777810244231,0.627670614984048,0.10601777810244233
0.02218247332271729,0.0,34.04503071047144,0.0,0,E_abstention_risk_shuffled,logistic,2.0,0.0,0.39285714285714285,0.0,0.452,0.0,248.0,0.0,0.46153846153846156,0.0,34.02203298411348,0.0,0.5368421052631579,0.0,False,False,0.0,-0.01128214326706494,0.0,0.011715583090899002,0.0,34.03374856720438,0.0,cr_strength_bin,cr_strength_bin=midhigh_cr_q3,1,0.0,0.0,0.0,0.0
0.03755055308055335,0.0,30.608817918382723,0.0,0,E_abstention_risk_shuffled,logistic,2.0,0.0,0.2967032967032967,0.0,0.364,0.0,248.0,0.0,0.36220472440944884,0.0,31.001063936872356,0.0,0.6363636363636364,0.0,False,False,0.0,0.17182644044175727,0.0,-0.22041957804787599,0.0,30.780644358824482,0.0,cr_strength_bin,cr_strength_bin=midlow_cr_q2,1,0.0,0.0,0.0,0.0
0.07878892330490443,0.0,38.6090236085328,0.0,0,E_abstention_risk_shuffled,logistic,0.0,0.0,0.3684210526315789,0.0,0.608,0.0,250.0,0.0,0.6736842105263158,0.0,38.5569258688665,0.0,0.45,0.0,False,False,0.0,0.017108300734906663,0.0,0.0692060404012121,0.0,38.626131909267706,0.0,cr_strength_bin,cr_strength_bin=strong_cr_q4,1,0.5680473372781065,0.0,0.4319526627218935,0.0
0.1599102587265288,0.0,25.638930021630642,0.0,0,E_abstention_risk_shuffled,logistic,0.0,0.0,0.5945945945945946,0.0,0.296,0.0,250.0,0.0,0.36220472440944884,0.0,26.132728469466894,0.0,0.7681159420289855,0.0,False,False,0.0,0.2444543440533443,0.0,-0.24934410378291147,0.0,25.883384365683987,0.0,cr_strength_bin,cr_strength_bin=weak_cr_q1,1,0.0,0.0,0.0,0.0
0.02703195300328702,0.05168495621136469,32.12310956760292,0.06396826329518289,0,E_abstention_risk_shuffled,logistic,0.6666666666666666,0.4714045207910317,0.4053627286524482,0.0239978703118605,0.4666666666666666,0.029634814361190497,249.33333333333334,0.4714045207910317,0.4832241847892145,0.05499366170644356,32.335156247883724,0.1484563968456966,0.53985025695552,0.02017842204535593,False,False,0.0,0.11488647020923815,0.020091995463009094,-0.09716021007156585,0.08347369639283148,32.23799603781216,0.07955630021347161,random,random,3,0.49002221315562805,0.0660011050742548,0.5099777868443719,0.06600110507425483
0.08510559488337857,0.06339307969534937,31.956312033341487,1.0648926492171205,0,E_abstention_risk_shuffled,ridge_classifier,0.8,0.7483314773547883,0.40246144773698955,0.07148879921093411,0.5824867632416121,0.041814596892203855,199.2,55.722167940596144,0.6197763524212533,0.052787058877711554,32.13952772049234,1.1232109325274193,0.45458066486731197,0.07677880274182788,False,False,0.0,0.14368440657986917,0.10725536207741534,-0.039531280570981056,0.04035017041090927,32.099996439921355,1.14990715797217,airlight_bin,airlight_bin,5,0.5675719353027378,0.07976438607243523,0.4324280646972623,0.07976438607243523
0.10120148456789901,0.10059288938145748,32.27759028649185,1.6484107624305353,0,E_abstention_risk_shuffled,ridge_classifier,0.8,0.4000000000000001,0.4167886587562462,0.027385143554159837,0.5794580136157449,0.05204497719163536,199.2,9.620810776644555,0.6227261755898872,0.040791437353108286,32.47665864840711,1.6426370042719598,0.4371630372579139,0.07570336202528692,False,False,0.0,0.1643837195912184,0.0795308917345802,-0.03468464232403824,0.06302861588717903,32.44197400608307,1.6733802352407972,beta_bin,beta_bin,5,0.5177062323517547,0.05269092935410434,0.4822937676482453,0.05269092935410432
0.10843929953963352,0.0,34.04503071047144,0.0,0,E_abstention_risk_shuffled,ridge_classifier,2.0,0.0,0.42142857142857143,0.0,0.564,0.0,248.0,0.0,0.625,0.0,34.02203298411348,0.0,0.5263157894736842,0.0,False,False,0.0,0.06162447343207991,0.0,0.08462219979004384,0.0,34.10665518390353,0.0,cr_strength_bin,cr_strength_bin=midhigh_cr_q3,1,0.0,0.0,0.0,0.0
0.01844007321498593,0.0,30.608817918382723,0.0,0,E_abstention_risk_shuffled,ridge_classifier,2.0,0.0,0.40336134453781514,0.0,0.48,0.0,248.0,0.0,0.4645669291338583,0.0,31.001063936872356,0.0,0.5340909090909091,0.0,False,False,0.0,0.1897935135541971,0.0,-0.20245250493543615,0.0,30.798611431936916,0.0,cr_strength_bin,cr_strength_bin=midlow_cr_q2,1,0.0,0.0,0.0,0.0
0.1984165925593032,0.0,38.6090236085328,0.0,0,E_abstention_risk_shuffled,ridge_classifier,0.0,0.0,0.3812154696132597,0.0,0.724,0.0,250.0,0.0,0.8,0.0,38.5569258688665,0.0,0.36,0.0,False,False,0.0,0.06724808797280962,0.0,0.11934582763911507,0.0,38.676271696505616,0.0,cr_strength_bin,cr_strength_bin=strong_cr_q4,1,0.6627218934911243,0.0,0.33727810650887574,0.0
0.048874484693938694,0.0,25.638930021630642,0.0,0,E_abstention_risk_shuffled,ridge_classifier,0.0,0.0,0.5258620689655172,0.0,0.464,0.0,250.0,0.0,0.4881889763779528,0.0,26.132728469466894,0.0,0.5072463768115942,0.0,False,False,0.0,0.23699461435648522,0.0,-0.25680383347977054,0.0,25.875924635987126,0.0,cr_strength_bin,cr_strength_bin=weak_cr_q1,1,0.0,0.0,0.0,0.0
0.04392426619240856,0.04639313585075336,32.12310956760292,0.06396826329518289,0,E_abstention_risk_shuffled,ridge_classifier,0.6666666666666666,0.4714045207910317,0.4287823921530247,0.006695479581949442,0.62,0.0385054108751831,249.33333333333334,0.4714045207910317,0.6450751885182539,0.026783988188257626,32.335156247883724,0.1484563968456966,0.405103668261563,0.05464411365342868,False,False,0.0,0.1530258206645504,0.05733435672015854,-0.059020859616253606,0.05045437032236799,32.27613538826747,0.1210729070518637,random,random,3,0.6228886168910649,0.06428244620990466,0.37711138310893516,0.06428244620990466
0.5815774442645795,0.053066006610308324,31.956312033341487,1.0648926492171205,0,F_diagnostic_leakage,calibrated_logistic,0.8,0.7483314773547883,0.8982798808281471,0.039318915430108896,0.422521521346613,0.03753055628858092,199.2,55.722167940596144,0.7445565584927287,0.0566494720084932,32.13952772049234,1.1232109325274193,0.9903614457831325,0.01927710843373496,False,False,0.5325323424907783,0.5137154149542733,0.11593310609087222,0.3304997278034232,0.06348992252915302,32.47002744829576,1.1541485470780832,airlight_bin,airlight_bin,5,0.062211813687223526,0.059642445913172866,0.9377881863127765,0.059642445913172866
0.5893476180544511,0.05452349951715753,32.27759028649185,1.6484107624305353,0,F_diagnostic_leakage,calibrated_logistic,0.8,0.4000000000000001,0.9000874252699951,0.041959530716141565,0.4305522631622261,0.033906050342324454,199.2,9.620810776644555,0.7479667771006634,0.0671256305302019,32.47665864840711,1.6426370042719598,0.9694724556489263,0.03287347004649326,False,False,0.5542539557577335,0.5282732679935757,0.06653141096781012,0.32920490607831904,0.0838181985110125,32.80586355448542,1.6631535195515568,beta_bin,beta_bin,5,0.06792924199640618,0.016145146898215994,0.9320707580035938,0.01614514689821601
0.6268490018847651,0.0,34.04503071047144,0.0,0,F_diagnostic_leakage,calibrated_logistic,2.0,0.0,0.9479166666666666,0.0,0.392,0.0,248.0,0.0,0.7788461538461539,0.0,34.02203298411348,0.0,0.9894736842105263,0.0,False,False,0.5809811827956989,0.45209452391018146,0.0,0.47509225026814533,0.0,34.49712523438161,0.0,cr_strength_bin,cr_strength_bin=midhigh_cr_q3,1,0.0,0.0,0.0,0.0
0.5669061051183009,0.0,30.608817918382723,0.0,0,F_diagnostic_leakage,calibrated_logistic,2.0,0.0,0.8785046728971962,0.0,0.436,0.0,248.0,0.0,0.7244094488188977,0.0,31.001063936872356,0.0,0.9886363636363636,0.0,False,False,0.609273903666427,0.6455098866084111,0.0,0.2532638681187779,0.0,31.25432780499113,0.0,cr_strength_bin,cr_strength_bin=midlow_cr_q2,1,0.0,0.0,0.0,0.0
0.6392748922917831,0.0,38.6090236085328,0.0,0,F_diagnostic_leakage,calibrated_logistic,0.0,0.0,0.5328947368421053,0.0,0.608,0.0,250.0,0.0,0.8842105263157894,0.0,38.5569258688665,0.0,0.73,0.0,False,False,0.20516364440513052,0.33346981150757443,0.0,0.3855675511738799,0.0,38.94249342004038,0.0,cr_strength_bin,cr_strength_bin=strong_cr_q4,1,0.42011834319526625,0.0,0.5798816568047337,0.0
0.5785708358683417,0.0,25.638930021630642,0.0,0,F_diagnostic_leakage,calibrated_logistic,0.0,0.0,0.8053691275167785,0.0,0.596,0.0,250.0,0.0,0.905511811023622,0.0,26.132728469466894,0.0,0.927536231884058,0.0,False,False,0.319453634559032,0.7580513526614469,0.0,0.264252904825191,0.0,26.39698137429209,0.0,cr_strength_bin,cr_strength_bin=weak_cr_q1,1,0.0,0.0,0.0,0.0
0.5465844062227636,0.03302133504177865,32.12310956760292,0.06396826329518289,0,F_diagnostic_leakage,calibrated_logistic,0.6666666666666666,0.4714045207910317,0.9021317588392529,0.03395710218674768,0.42933333333333334,0.029454296045832697,249.33333333333334,0.4714045207910317,0.7293464538472634,0.019382045844612155,32.335156247883724,0.1484563968456966,0.978114478114478,0.018594883867318602,False,False,0.5170875821324256,0.5061042095906475,0.016556980031837584,0.2940575293098434,0.07246699088260856,32.62921377719356,0.07701802909827334,random,random,3,0.07246928691237137,0.035435421185352554,0.9275307130876286,0.035435421185352534
0.5587144402657777,0.0588331480909288,31.956312033341487,1.0648926492171205,0,F_diagnostic_leakage,hgb,0.8,0.7483314773547883,1.0,0.0,0.37693215623951254,0.046138475729474604,199.2,55.722167940596144,0.684490712949994,0.07864360331953417,32.13952772049234,1.1232109325274193,1.0,0.0,False,False,0.5905374019428418,0.4728775855928487,0.11042148559719168,0.2896618984419984,0.07824083625713696,32.42918961893433,1.1509690085545359,airlight_bin,airlight_bin,5,0.0,0.0,1.0,0.0
0.5662998177162241,0.05822651689684645,32.27759028649185,1.6484107624305353,0,F_diagnostic_leakage,hgb,0.8,0.4000000000000001,1.0,0.0,0.38583743008845295,0.03556773860324885,199.2,9.620810776644555,0.7002302618583383,0.05993861176880538,32.47665864840711,1.6426370042719598,1.0,0.0,False,False,0.5875127021691289,0.49562610576810434,0.06467918246146287,0.2965577438528478,0.08333928706640127,32.773216392259954,1.6592683286957124,beta_bin,beta_bin,5,0.0,0.0,1.0,0.0
0.6125220394538025,0.0,34.04503071047144,0.0,0,F_diagnostic_leakage,hgb,2.0,0.0,1.0,0.0,0.364,0.0,248.0,0.0,0.75,0.0,34.02203298411348,0.0,1.0,0.0,False,False,0.6122448979591837,0.43904862015329144,0.0,0.46204634651125537,0.0,34.48407933062473,0.0,cr_strength_bin,cr_strength_bin=midhigh_cr_q3,1,0.0,0.0,0.0,0.0
0.5255354117960598,0.0,30.608817918382723,0.0,0,F_diagnostic_leakage,hgb,2.0,0.0,1.0,0.0,0.376,0.0,248.0,0.0,0.6299212598425197,0.0,31.001063936872356,0.0,1.0,0.0,False,False,0.5869565217391304,0.5600379186785905,0.0,0.16779190018895732,0.0,31.168855837061315,0.0,cr_strength_bin,cr_strength_bin=midlow_cr_q2,1,0.0,0.0,0.0,0.0
0.5936929631439027,0.0,38.6090236085328,0.0,0,F_diagnostic_leakage,hgb,0.0,0.0,1.0,0.0,0.324,0.0,250.0,0.0,0.6736842105263158,0.0,38.5569258688665,0.0,1.0,0.0,False,False,0.6694214876033058,0.3507234360712308,0.0,0.4028211757375363,0.0,38.95974704460403,0.0,cr_strength_bin,cr_strength_bin=strong_cr_q4,1,0.0,0.0,1.0,0.0
0.5140698244151312,0.0,25.638930021630642,0.0,0,F_diagnostic_leakage,hgb,0.0,0.0,1.0,0.0,0.48,0.0,250.0,0.0,0.7480314960629921,0.0,26.132728469466894,0.0,1.0,0.0,False,False,0.4782608695652174,0.6337736613138308,0.0,0.13997521347757508,0.0,26.27270368294447,0.0,cr_strength_bin,cr_strength_bin=weak_cr_q1,1,0.0,0.0,0.0,0.0
0.5271230213102829,0.036289679824155756,32.12310956760292,0.06396826329518289,0,F_diagnostic_leakage,hgb,0.6666666666666666,0.4714045207910317,1.0,0.0,0.38400000000000006,0.011775681155103806,249.33333333333334,0.4714045207910317,0.6804378582576099,0.014811838987885515,32.335156247883724,0.1484563968456966,1.0,0.0,False,False,0.5800173097907726,0.4740774304417559,0.005041969794140474,0.26203075016095184,0.09308863318246197,32.59718699804467,0.06008445409008903,random,random,3,0.0,0.0,1.0,0.0
0.5695161347489786,0.05844134616372053,31.956312033341487,1.0648926492171205,0,F_diagnostic_leakage,logistic,0.8,0.7483314773547883,0.9479349800961991,0.020901772830001025,0.40027242899023435,0.04496818765828644,199.2,55.722167940596144,0.7112474833934849,0.07463627407038032,32.13952772049234,1.1232109325274193,0.9975903614457831,0.004819277108433751,False,False,0.5627278101386081,0.4922091546808117,0.1194455453898566,0.3089934675299615,0.07300599686692959,32.4485211880223,1.160328108269704,airlight_bin,airlight_bin,5,0.03216237314597971,0.029626336660688236,0.9678376268540202,0.029626336660688223
0.5801975284198371,0.0563969793241886,32.27759028649185,1.6484107624305353,0,F_diagnostic_leakage,logistic,0.8,0.4000000000000001,0.947938996058366,0.030469318809934927,0.40899963252466404,0.03722470189536491,199.2,9.620810776644555,0.7298353195587914,0.07063789537604659,32.47665864840711,1.6426370042719598,0.989234360410831,0.010340211763823036,False,False,0.5285622261100068,0.5211530523479986,0.06095631910482001,0.322084690432742,0.08792396690197883,32.79874333883985,1.647910983249539,beta_bin,beta_bin,5,0.023587223587223587,0.035250921738498184,0.9764127764127764,0.0352509217384982
0.6205384837162113,0.0,34.04503071047144,0.0,0,F_diagnostic_leakage,logistic,2.0,0.0,0.978494623655914,0.0,0.376,0.0,248.0,0.0,0.7596153846153846,0.0,34.02203298411348,0.0,1.0,0.0,False,False,0.5856374807987712,0.4454519965421258,0.0,0.46844972290008974,0.0,34.49048270701356,0.0,cr_strength_bin,cr_strength_bin=midhigh_cr_q3,1,0.0,0.0,0.0,0.0
0.5481804905159188,0.0,30.608817918382723,0.0,0,F_diagnostic_leakage,logistic,2.0,0.0,0.9306930693069307,0.0,0.408,0.0,248.0,0.0,0.6850393700787402,0.0,31.001063936872356,0.0,1.0,0.0,False,False,0.6339897726036341,0.6276797437483661,0.0,0.235433725258733,0.0,31.23649766213109,0.0,cr_strength_bin,cr_strength_bin=midlow_cr_q2,1,0.0,0.0,0.0,0.0
0.6090496324036583,0.0,38.6090236085328,0.0,0,F_diagnostic_leakage,logistic,0.0,0.0,0.84375,0.0,0.384,0.0,250.0,0.0,0.7263157894736842,0.0,38.5569258688665,0.0,1.0,0.0,False,False,0.4753289473684211,0.37011506280981066,0.0,0.42221280247611603,0.0,38.97913867134262,0.0,cr_strength_bin,cr_strength_bin=strong_cr_q4,1,0.08875739644970414,0.0,0.9112426035502958,0.0
0.5528240552287021,0.0,25.638930021630642,0.0,0,F_diagnostic_leakage,logistic,0.0,0.0,0.8759124087591241,0.0,0.548,0.0,250.0,0.0,0.8267716535433071,0.0,26.132728469466894,0.0,0.9420289855072463,0.0,False,False,0.2813178141645295,0.6749562690054631,0.0,0.18115782116920737,0.0,26.313886290636102,0.0,cr_strength_bin,cr_strength_bin=weak_cr_q1,1,0.0,0.0,0.0,0.0
0.5357123990657159,0.035158798372049216,32.12310956760292,0.06396826329518289,0,F_diagnostic_leakage,logistic,0.6666666666666666,0.4714045207910317,0.9572861263263741,0.019653712564245838,0.4026666666666667,0.01611072796479275,249.33333333333334,0.4714045207910317,0.6956732771627537,0.0014789329641241536,32.335156247883724,0.1484563968456966,0.9890572390572391,0.009297441933659304,False,False,0.551923397673926,0.4881728682238468,0.008140865023685443,0.2761261879430428,0.08200402049877262,32.61128243582677,0.07190843801385909,random,random,3,0.040110612448433745,0.012377949939877004,0.9598893875515663,0.012377949939876997
0.5613943557321265,0.05957925301603012,31.956312033341487,1.0648926492171205,0,F_diagnostic_leakage,ridge_classifier,0.8,0.7483314773547883,0.7401752500373189,0.05941158325977299,0.5160387187317118,0.06683883816871894,199.2,55.722167940596144,0.7769096442537382,0.0830338667377801,32.13952772049234,1.1232109325274193,0.8178449421009144,0.07105841107010001,False,False,0.3377138023003293,0.44364647743145824,0.12579841271175451,0.26043079028060795,0.09619317403685816,32.39995851077295,1.1684027213789199,airlight_bin,airlight_bin,5,0.18867496610378404,0.14370996737090813,0.8113250338962159,0.14370996737090813
0.5680592246605152,0.059781453028099764,32.27759028649185,1.6484107624305353,0,F_diagnostic_leakage,ridge_classifier,0.8,0.4000000000000001,0.8011598464428653,0.11694115244644336,0.4963015950575539,0.08807883451708941,199.2,9.620810776644555,0.7523461373693058,0.07248963650786304,32.47665864840711,1.6426370042719598,0.8357013342971596,0.0960214946318708,False,False,0.3843711876866191,0.44810518662990173,0.04693701108519609,0.2490368247146452,0.07384037550306576,32.725695473121746,1.6319009491070777,beta_bin,beta_bin,5,0.16409430122116692,0.0840890207519353,0.835905698778833,0.0840890207519353
0.6137984482830507,0.0,34.04503071047144,0.0,0,F_diagnostic_leakage,ridge_classifier,2.0,0.0,0.8053097345132744,0.0,0.46,0.0,248.0,0.0,0.7788461538461539,0.0,34.02203298411348,0.0,0.8947368421052632,0.0,False,False,0.38388116308470294,0.41828903253716104,0.0,0.44128675889512503,0.0,34.4633197430086,0.0,cr_strength_bin,cr_strength_bin=midhigh_cr_q3,1,0.0,0.0,0.0,0.0
0.5338728874219685,0.0,30.608817918382723,0.0,0,F_diagnostic_leakage,ridge_classifier,2.0,0.0,0.6266666666666667,0.0,0.608,0.0,248.0,0.0,0.7952755905511811,0.0,31.001063936872356,0.0,0.6818181818181818,0.0,False,False,0.22330532212885157,0.561872275347515,0.0,0.1696262568578818,0.0,31.170690193730234,0.0,cr_strength_bin,cr_strength_bin=midlow_cr_q2,1,0.0,0.0,0.0,0.0
0.5984394974059527,0.0,38.6090236085328,0.0,0,F_diagnostic_leakage,ridge_classifier,0.0,0.0,0.6090225563909775,0.0,0.532,0.0,250.0,0.0,0.7368421052631579,0.0,38.5569258688665,0.0,0.75,0.0,False,False,0.22780708677771777,0.2636639698873413,0.0,0.3157617095536467,0.0,38.87268757842014,0.0,cr_strength_bin,cr_strength_bin=strong_cr_q4,1,0.3076923076923077,0.0,0.6923076923076923,0.0
0.5248203730488908,0.0,25.638930021630642,0.0,0,F_diagnostic_leakage,ridge_classifier,0.0,0.0,0.7894736842105263,0.0,0.608,0.0,250.0,0.0,0.8582677165354331,0.0,26.132728469466894,0.0,0.8115942028985508,0.0,False,False,0.2636116152450091,0.6617518929712675,0.0,0.16795344513501176,0.0,26.300681914601906,0.0,cr_strength_bin,cr_strength_bin=weak_cr_q1,1,0.0,0.0,0.0,0.0
0.5289613191861733,0.03511793090415452,32.12310956760292,0.06396826329518289,0,F_diagnostic_leakage,ridge_classifier,0.6666666666666666,0.4714045207910317,0.7819142293647513,0.04669279167016427,0.49466666666666664,0.016438437341250618,249.33333333333334,0.4714045207910317,0.7456417561652317,0.011301780218897361,32.335156247883724,0.1484563968456966,0.8498803827751197,0.07032536633894099,False,False,0.3531318372117266,0.43504937531555615,0.028816093440355132,0.22300269503475212,0.06324339488421146,32.558158942918475,0.0852157806644045,random,random,3,0.17150822793417653,0.0675764648880809,0.8284917720658235,0.06757646488808093
