active_feature_count,confidence_corr,feature_count,feature_set,head,intervention_count,intervention_precision,lf_mse_gain_mean,lf_mse_improved_count,lf_mse_improved_rate,lf_mse_regressed_count,lfv1_gain_case_count,lfv1_gain_preservation_recall,mean_residual_cosine,median_residual_cosine,n,residual_error_ratio_mean,residual_norm_ratio_mean,split,split_family,strong_cr_case_count,strong_cr_preservation_recall,train_lf_mse_improved_rate,train_mean_residual_cosine,train_n,valid_n,wrong_direction_count,wrong_direction_rate
240,0.4766234891549622,254,A_output,ridge,586,0.6399317406143344,3.139771069982089e-05,441,0.588,309,281,0.6725978647686833,0.33236172795295715,0.36237630248069763,750,1.0070887804031372,0.5806688070297241,random_1,random,178,0.2752808988764045,0.6515555555555556,0.4003489017486572,2250,750,117,0.156
240,0.44221235216033244,254,A_output,ridge,587,0.6286201022146508,3.5506589483702555e-05,437,0.5826666666666667,313,292,0.678082191780822,0.33487051725387573,0.3572198152542114,750,1.0104342699050903,0.5821262001991272,random_2,random,195,0.2512820512820513,0.6635555555555556,0.40368524193763733,2250,750,113,0.15066666666666667
240,0.44025685549987115,254,A_output,ridge,569,0.616871704745167,2.7401531042414717e-05,413,0.5506666666666666,337,301,0.5946843853820598,0.31395941972732544,0.33080723881721497,750,1.0120481252670288,0.5882157683372498,random_3,random,189,0.2857142857142857,0.6604444444444444,0.40708622336387634,2250,750,116,0.15466666666666667
240,0.4675957647957888,254,A_output,ridge,411,0.656934306569343,3.129820106551051e-05,322,0.5951940850277264,219,224,0.6696428571428571,0.3540729880332947,0.37522009015083313,541,1.010938286781311,0.6007237434387207,airlight_bin=0.65<=A<0.75,airlight_bin,177,0.3163841807909605,0.6612444082960554,0.3950902223587036,2459,541,67,0.12384473197781885
240,0.4436438275341953,254,A_output,ridge,527,0.5958254269449715,3.2978779927361757e-05,368,0.5687789799072643,279,208,0.6442307692307693,0.3349459767341614,0.3620850741863251,647,0.996320366859436,0.5696590542793274,airlight_bin=0.75<=A<0.85,airlight_bin,157,0.27388535031847133,0.6587335316617084,0.3978368937969208,2353,647,100,0.1545595054095827
240,0.4288097430585704,254,A_output,ridge,543,0.6187845303867403,3.820089477812871e-05,368,0.5741029641185648,273,240,0.6416666666666667,0.33477646112442017,0.3523293435573578,641,1.00938081741333,0.5832095742225647,airlight_bin=0.85<=A<0.95,airlight_bin,98,0.1836734693877551,0.6638406104281476,0.3999135196208954,2359,641,99,0.1544461778471139
240,0.05419765630556635,254,A_output,ridge,534,0.42696629213483145,-1.98881662072381e-06,319,0.37662337662337664,528,338,0.46153846153846156,0.2102280706167221,0.23126721382141113,847,1.1358847618103027,0.7162679433822632,airlight_bin=A<0.65,airlight_bin,293,0.14675767918088736,0.6781235485369252,0.42838719487190247,2153,847,225,0.26564344746162927
240,0.4606753053905373,254,A_output,ridge,287,0.6132404181184669,4.1384584619663656e-05,191,0.5895061728395061,133,134,0.7014925373134329,0.3190048933029175,0.35709768533706665,324,0.998049259185791,0.5679733157157898,airlight_bin=A>=0.95,airlight_bin,25,0.08,0.6569506726457399,0.3996082544326782,2676,324,53,0.16358024691358025
240,0.5522896596692627,254,A_output,ridge,443,0.5981941309255079,3.087651202804409e-05,328,0.543046357615894,276,213,0.6713615023474179,0.32922863960266113,0.3375355005264282,604,1.0145130157470703,0.607937216758728,beta_bin=0.8<=beta<1.1,beta_bin,205,0.23414634146341465,0.6606844741235393,0.4014047086238861,2396,604,92,0.152317880794702
240,0.4670835409127512,254,A_output,ridge,455,0.6527472527472528,3.130719414912164e-05,351,0.5909090909090909,243,230,0.6391304347826087,0.3373315930366516,0.3722621500492096,594,0.9991198182106018,0.5767196416854858,beta_bin=1.1<=beta<1.4,beta_bin,146,0.2808219178082192,0.6487946799667498,0.3944425582885742,2406,594,89,0.14983164983164984
240,0.3483712556231142,254,A_output,ridge,510,0.6098039215686275,3.5356482840143144e-05,339,0.5736040609137056,252,220,0.6636363636363637,0.32089513540267944,0.3335784673690796,591,1.0007175207138062,0.5468654036521912,beta_bin=1.4<=beta<1.7,beta_bin,67,0.208955223880597,0.6575342465753424,0.4010965824127197,2409,591,103,0.17428087986463622
240,0.42792109630294156,254,A_output,ridge,401,0.5635910224438903,1.3760512047156226e-05,275,0.459866220735786,323,247,0.5344129554655871,0.3096712827682495,0.33888930082321167,598,1.109709620475769,0.7759348154067993,beta_bin=beta<0.8,beta_bin,298,0.2516778523489933,0.6740216486261449,0.4073631465435028,2402,598,104,0.17391304347826086
240,0.42971688043813927,254,A_output,ridge,535,0.6093457943925233,4.2849391320487484e-05,365,0.5954323001631321,248,234,0.6196581196581197,0.3213154971599579,0.34891462326049805,613,0.9783344864845276,0.5004932880401611,beta_bin=beta>=1.7,beta_bin,34,0.058823529411764705,0.6564725596983662,0.4020405113697052,2387,613,98,0.1598694942903752
240,-0.0773296344151907,254,A_output,ridge,570,0.4649122807017544,-8.69624454935547e-06,326,0.43466666666666665,424,263,0.5057034220532319,0.2522110641002655,0.2855522632598877,750,1.0564779043197632,0.6740427017211914,cr_strength_bin=midhigh_cr_q3,cr_strength_bin,0,0.0,0.6284444444444445,0.41053539514541626,2250,750,153,0.204
240,-0.006316822421129527,254,A_output,ridge,634,0.6309148264984227,1.52745378727559e-05,471,0.628,279,318,0.6509433962264151,0.3266492784023285,0.34640103578567505,750,0.95821613073349,0.5160725712776184,cr_strength_bin=midlow_cr_q2,cr_strength_bin,0,0.0,0.604,0.3819013833999634,2250,750,104,0.13866666666666666
240,-0.11244912852410627,254,A_output,ridge,468,0.19017094017094016,-2.758207847364247e-05,127,0.16933333333333334,623,193,0.19689119170984457,0.16314749419689178,0.1475449800491333,750,1.4548084735870361,1.1748193502426147,cr_strength_bin=strong_cr_q4,cr_strength_bin,750,0.16933333333333334,0.7271111111111112,0.44887951016426086,2250,750,206,0.27466666666666667
240,0.3743600294069487,254,A_output,ridge,744,0.8145161290322581,6.104246131144464e-05,609,0.812,141,370,0.8027027027027027,0.37446361780166626,0.40732190012931824,750,0.9308608174324036,0.24858765304088593,cr_strength_bin=weak_cr_q1,cr_strength_bin,0,0.0,0.756,0.41335755586624146,2250,750,84,0.112
240,0.4201812939278042,254,A_output,tiny_mlp,13,0.23076923076923078,-0.00010475687304278836,47,0.06266666666666666,703,281,0.09252669039145907,0.06698570400476456,0.05824600160121918,750,1.4944332838058472,1.0762126445770264,random_1,random,178,0.0056179775280898875,0.11155555555555556,0.09075237065553665,2250,750,227,0.30266666666666664
240,0.4780450430552196,254,A_output,tiny_mlp,8,0.25,-9.255985060008243e-05,41,0.05466666666666667,709,292,0.08904109589041095,0.06217692047357559,0.05995657294988632,750,1.4743376970291138,1.0350712537765503,random_2,random,195,0.0,0.09111111111111111,0.07914464175701141,2250,750,201,0.268
240,0.42525976845030555,254,A_output,tiny_mlp,62,0.1935483870967742,-8.537868416169658e-05,67,0.08933333333333333,683,301,0.14285714285714285,0.06184421852231026,0.062414225190877914,750,1.4273849725723267,0.9722199440002441,random_3,random,189,0.005291005291005291,0.1368888888888889,0.08792092651128769,2250,750,242,0.32266666666666666
240,0.31124446225733216,254,A_output,tiny_mlp,71,0.38028169014084506,-4.6188793930923566e-05,110,0.2033271719038817,431,224,0.22321428571428573,0.09109535068273544,0.08510878682136536,541,1.3033347129821777,0.7894390225410461,airlight_bin=0.65<=A<0.75,airlight_bin,177,0.07909604519774012,0.26718178121187475,0.10455094277858734,2459,541,158,0.2920517560073937
240,0.3951478416037856,254,A_output,tiny_mlp,69,0.3188405797101449,-4.6696335630258545e-05,92,0.14219474497681608,555,208,0.20192307692307693,0.08977583795785904,0.08802909404039383,647,1.2599862813949585,0.7642228603363037,airlight_bin=0.75<=A<0.85,airlight_bin,157,0.006369426751592357,0.19507012324691883,0.10120239853858948,2353,647,158,0.24420401854714066
240,0.23907357644276905,254,A_output,tiny_mlp,99,0.2222222222222222,-6.159468466648832e-05,75,0.11700468018720749,566,240,0.175,0.08683828264474869,0.08197539299726486,641,1.3132187128067017,0.8246748447418213,airlight_bin=0.85<=A<0.95,airlight_bin,98,0.0,0.16701992369648155,0.10242806375026703,2359,641,161,0.25117004680187205
240,0.1615616470788916,254,A_output,tiny_mlp,50,0.1,-0.00016117855557240546,26,0.030696576151121605,821,338,0.04437869822485207,0.016049824655056,0.005504111759364605,847,1.6519653797149658,1.2407923936843872,airlight_bin=A<0.65,airlight_bin,293,0.0034129692832764505,0.24988388295401764,0.14049357175827026,2153,847,407,0.4805194805194805
240,0.21449987826724595,254,A_output,tiny_mlp,64,0.375,-7.70862097851932e-05,56,0.1728395061728395,268,134,0.2462686567164179,0.08891402184963226,0.09237808734178543,324,1.2091587781906128,0.6733847260475159,airlight_bin=A>=0.95,airlight_bin,25,0.04,0.20029895366218237,0.09561692923307419,2676,324,74,0.22839506172839505
240,0.5149239059039318,254,A_output,tiny_mlp,52,0.3076923076923077,-4.670869020628743e-05,83,0.13741721854304637,521,213,0.19248826291079812,0.07849270105361938,0.06945214420557022,604,1.3317309617996216,0.8355039954185486,beta_bin=0.8<=beta<1.1,beta_bin,205,0.004878048780487805,0.20409015025041735,0.10439947247505188,2396,604,180,0.2980132450331126
240,0.48564323983714297,254,A_output,tiny_mlp,48,0.375,-5.406109266914427e-05,84,0.1414141414141414,510,230,0.19130434782608696,0.08475259691476822,0.07948420941829681,594,1.304411768913269,0.820290744304657,beta_bin=1.1<=beta<1.4,beta_bin,146,0.02054794520547945,0.16874480465502908,0.1003120169043541,2406,594,157,0.26430976430976433
240,0.33065374159437005,254,A_output,tiny_mlp,76,0.3026315789473684,-6.546148506458849e-05,76,0.12859560067681894,515,220,0.16818181818181818,0.080308698117733,0.07416832447052002,591,1.2458741664886475,0.7383015155792236,beta_bin=1.4<=beta<1.7,beta_bin,67,0.029850746268656716,0.19717725197177252,0.10675374418497086,2409,591,146,0.2470389170896785
240,0.24176374055266267,254,A_output,tiny_mlp,77,0.2077922077922078,-0.0001022253927658312,42,0.07023411371237458,556,247,0.10121457489878542,0.07822388410568237,0.06845337152481079,598,1.673991084098816,1.3006857633590698,beta_bin=beta<0.8,beta_bin,298,0.013422818791946308,0.2497918401332223,0.11020848900079727,2402,598,177,0.2959866220735786
240,0.46596910724338697,254,A_output,tiny_mlp,107,0.2803738317757009,-0.00010011204722104594,76,0.12398042414355628,537,234,0.1452991452991453,0.06732424348592758,0.06733357161283493,613,1.294669270515442,0.7881977558135986,beta_bin=beta>=1.7,beta_bin,34,0.0,0.1822371177209887,0.09933958947658539,2387,613,185,0.30179445350734097
240,0.31392798670931804,254,A_output,tiny_mlp,66,0.06060606060606061,-0.00011422800889704376,18,0.024,732,263,0.030418250950570342,0.058484721928834915,0.05861000716686249,750,1.4825119972229004,1.0979191064834595,cr_strength_bin=midhigh_cr_q3,cr_strength_bin,0,0.0,0.19111111111111112,0.11326640844345093,2250,750,245,0.32666666666666666
240,0.4877571587887384,254,A_output,tiny_mlp,58,0.1206896551724138,-0.00010034153092419729,44,0.058666666666666666,706,318,0.07232704402515723,0.08436129242181778,0.08382806181907654,750,1.2702288627624512,0.8146549463272095,cr_strength_bin=midlow_cr_q2,cr_strength_bin,0,0.0,0.128,0.0917782336473465,2250,750,174,0.232
240,-0.0907443721137611,254,A_output,tiny_mlp,23,0.0,-0.00013760119327344,3,0.004,747,193,0.0,0.031564366072416306,0.030697051435709,750,2.4006142616271973,2.15185284614563,cr_strength_bin=strong_cr_q4,cr_strength_bin,750,0.004,0.17822222222222223,0.13579636812210083,2250,750,311,0.4146666666666667
240,0.4022140731782045,254,A_output,tiny_mlp,160,0.2125,-0.00017124126316048205,93,0.124,657,370,0.15675675675675677,0.049290403723716736,0.04310760647058487,750,1.1730927228927612,0.5686790943145752,cr_strength_bin=weak_cr_q1,cr_strength_bin,0,0.0,0.12577777777777777,0.07033248990774155,2250,750,259,0.3453333333333333
2376,0.6356557237325738,2390,B_cr_features,ridge,628,0.7547770700636943,7.916134927654639e-05,525,0.7,225,281,0.7900355871886121,0.6182040572166443,0.6863670349121094,750,0.8745588660240173,0.9851759672164917,random_1,random,178,0.4157303370786517,0.9528888888888889,0.8473979830741882,2250,750,14,0.018666666666666668
2376,0.4451306470225501,2390,B_cr_features,ridge,617,0.7260940032414911,8.414989861194044e-05,508,0.6773333333333333,242,292,0.7773972602739726,0.6071214079856873,0.6816683411598206,750,0.901248037815094,1.0061399936676025,random_2,random,195,0.3641025641025641,0.9577777777777777,0.849314272403717,2250,750,35,0.04666666666666667
2376,0.5305309373678052,2390,B_cr_features,ridge,624,0.7628205128205128,8.000318484846503e-05,527,0.7026666666666667,223,301,0.7541528239202658,0.6273545026779175,0.699079692363739,750,0.8646507859230042,0.9789568781852722,random_3,random,189,0.4444444444444444,0.9524444444444444,0.8449110388755798,2250,750,19,0.025333333333333333
2376,0.5565724071517366,2390,B_cr_features,ridge,419,0.7708830548926014,7.263763109222054e-05,378,0.6987060998151571,163,224,0.8035714285714286,0.64734947681427,0.7083893418312073,541,0.9222028255462646,1.093501329421997,airlight_bin=0.65<=A<0.75,airlight_bin,177,0.4350282485875706,0.9503863359089061,0.8381416201591492,2459,541,14,0.025878003696857672
2376,0.47734057909221367,2390,B_cr_features,ridge,535,0.7420560747663552,8.193468966055661e-05,447,0.6908809891808346,200,208,0.8076923076923077,0.625566303730011,0.6871766448020935,647,0.8567189574241638,0.9774584770202637,airlight_bin=0.75<=A<0.85,airlight_bin,157,0.3821656050955414,0.9481512962175945,0.8386304378509521,2353,647,19,0.02936630602782071
2376,0.6079908444958547,2390,B_cr_features,ridge,559,0.738819320214669,8.986465400084853e-05,448,0.6989079563182528,193,240,0.7875,0.5930724143981934,0.6471397876739502,641,0.910847544670105,0.9601555466651917,airlight_bin=0.85<=A<0.95,airlight_bin,98,0.2857142857142857,0.9542178889359898,0.8462705612182617,2359,641,21,0.0327613104524181
2376,-0.0643979515039372,2390,B_cr_features,ridge,670,0.4059701492537313,-2.2293399524642155e-05,309,0.36481700118063753,538,338,0.4526627218934911,0.42936280369758606,0.4671386182308197,847,1.288394808769226,1.2995233535766602,airlight_bin=A<0.65,airlight_bin,293,0.10921501706484642,0.9684161634928008,0.8762752413749695,2153,847,90,0.10625737898465171
2376,0.5833680574991166,2390,B_cr_features,ridge,285,0.6842105263157895,9.86185041256249e-05,210,0.6481481481481481,114,134,0.753731343283582,0.5456379652023315,0.5799697637557983,324,0.9265105724334717,0.9244832992553711,airlight_bin=A>=0.95,airlight_bin,25,0.12,0.953288490284006,0.84489506483078,2676,324,16,0.04938271604938271
2376,0.569296789982921,2390,B_cr_features,ridge,463,0.7494600431965442,7.57335001253523e-05,415,0.6870860927152318,189,213,0.8262910798122066,0.6291447281837463,0.6720561981201172,604,0.8935532569885254,1.045651912689209,beta_bin=0.8<=beta<1.1,beta_bin,205,0.3804878048780488,0.9449081803005008,0.841720461845398,2396,604,17,0.028145695364238412
2376,0.5208752628034867,2390,B_cr_features,ridge,494,0.7894736842105263,8.496777445543557e-05,446,0.7508417508417509,148,230,0.782608695652174,0.6428288221359253,0.7127012610435486,594,0.828857421875,0.9494560956954956,beta_bin=1.1<=beta<1.4,beta_bin,146,0.5,0.9488778054862843,0.8373080492019653,2406,594,16,0.026936026936026935
2376,0.5966911577065993,2390,B_cr_features,ridge,514,0.7996108949416343,0.00010072367877000943,453,0.766497461928934,138,220,0.8590909090909091,0.6348406076431274,0.6842602491378784,591,0.8074301481246948,0.870855987071991,beta_bin=1.4<=beta<1.7,beta_bin,67,0.5074626865671642,0.9535076795350768,0.8400657773017883,2409,591,7,0.011844331641285956
2376,0.4290763025175934,2390,B_cr_features,ridge,429,0.44522144522144524,-1.8142288809031015e-06,232,0.3879598662207358,366,247,0.4777327935222672,0.5324308276176453,0.572921633720398,598,1.323960304260254,1.5154200792312622,beta_bin=beta<0.8,beta_bin,298,0.17114093959731544,0.958368026644463,0.8576413989067078,2402,598,31,0.051839464882943144
2376,0.6192434067847981,2390,B_cr_features,ridge,554,0.723826714801444,9.617341856937855e-05,423,0.6900489396411092,190,234,0.7307692307692307,0.5551545023918152,0.615492582321167,613,0.8874800205230713,0.8519894480705261,beta_bin=beta>=1.7,beta_bin,34,0.29411764705882354,0.9543359865940511,0.8535858988761902,2387,613,32,0.052202283849918436
2376,-0.18935590637401847,2390,B_cr_features,ridge,579,0.6010362694300518,-1.1715473192452919e-05,421,0.5613333333333334,329,263,0.5931558935361216,0.5263752937316895,0.5715649127960205,750,1.0153251886367798,1.0877352952957153,cr_strength_bin=midhigh_cr_q3,cr_strength_bin,0,0.0,0.9311111111111111,0.8427930474281311,2250,750,44,0.058666666666666666
2376,-0.22755880905337403,2390,B_cr_features,ridge,677,0.7149187592319055,2.6887892090599053e-05,536,0.7146666666666667,214,318,0.7169811320754716,0.5823780298233032,0.6482940912246704,750,0.8751754760742188,0.9239063858985901,cr_strength_bin=midlow_cr_q2,cr_strength_bin,0,0.0,0.9471111111111111,0.8383564352989197,2250,750,39,0.052
2376,-0.15398463264900517,2390,B_cr_features,ridge,466,0.2017167381974249,-9.832972136791795e-05,128,0.17066666666666666,622,193,0.20207253886010362,0.3573431670665741,0.38166630268096924,750,2.139524459838867,2.2360713481903076,cr_strength_bin=strong_cr_q4,cr_strength_bin,750,0.17066666666666666,0.9911111111111112,0.8868886828422546,2250,750,96,0.128
2376,0.22807557314637658,2390,B_cr_features,ridge,746,0.7962466487935657,0.00012581322516780347,597,0.796,153,370,0.8162162162162162,0.5352661609649658,0.5877671241760254,750,0.8218235969543457,0.5808097124099731,cr_strength_bin=weak_cr_q1,cr_strength_bin,0,0.0,0.9862222222222222,0.8782330751419067,2250,750,51,0.068
2376,0.49649654117171177,2390,B_cr_features,tiny_mlp,331,0.08761329305135952,-0.0004314572724979371,44,0.058666666666666666,706,281,0.08540925266903915,0.08072943240404129,0.07124832272529602,750,2.0665647983551025,1.7645870447158813,random_1,random,178,0.016853932584269662,0.46444444444444444,0.2157372683286667,2250,750,195,0.26
2376,0.25438894053225847,2390,B_cr_features,tiny_mlp,307,0.08794788273615635,-0.0004842553462367505,46,0.06133333333333333,704,292,0.09246575342465753,0.07483658939599991,0.06508377939462662,750,2.2345569133758545,1.9287079572677612,random_2,random,195,0.005128205128205128,0.49866666666666665,0.2058252990245819,2250,750,208,0.2773333333333333
2376,0.46123710212609226,2390,B_cr_features,tiny_mlp,331,0.054380664652567974,-0.0004408406384754926,29,0.03866666666666667,721,301,0.04318936877076412,0.06305024027824402,0.055957257747650146,750,2.022507429122925,1.7081490755081177,random_3,random,189,0.010582010582010581,0.4822222222222222,0.20026293396949768,2250,750,233,0.31066666666666665
2376,0.6313991626925316,2390,B_cr_features,tiny_mlp,249,0.07228915662650602,-0.00035646389005705714,30,0.05545286506469501,511,224,0.0625,0.06778868287801743,0.056371938437223434,541,2.064471483230591,1.7239125967025757,airlight_bin=0.65<=A<0.75,airlight_bin,177,0.02824858757062147,0.5132167547783651,0.19717058539390564,2459,541,164,0.3031423290203327
2376,0.17650797224389667,2390,B_cr_features,tiny_mlp,310,0.07419354838709677,-0.0003919788869097829,32,0.04945904173106646,615,208,0.052884615384615384,0.08256975561380386,0.07195567339658737,647,1.9462343454360962,1.6339914798736572,airlight_bin=0.75<=A<0.85,airlight_bin,157,0.006369426751592357,0.4878878028049299,0.19241797924041748,2353,647,156,0.241112828438949
2376,0.38561183303623603,2390,B_cr_features,tiny_mlp,267,0.033707865168539325,-0.0004906528047285974,16,0.0249609984399376,625,240,0.041666666666666664,0.07881926000118256,0.0765141099691391,641,2.1902523040771484,1.8998851776123047,airlight_bin=0.85<=A<0.95,airlight_bin,98,0.0,0.4904620601949979,0.2037072330713272,2359,641,154,0.24024960998439937
2376,0.23792477409626672,2390,B_cr_features,tiny_mlp,292,0.00684931506849315,-0.0011474554194137454,4,0.004722550177095631,843,338,0.005917159763313609,0.022954236716032028,0.01816379837691784,847,3.495434284210205,3.30383038520813,airlight_bin=A<0.65,airlight_bin,293,0.0,0.4691128657686948,0.22405056655406952,2153,847,352,0.4155844155844156
2376,0.41564899829075475,2390,B_cr_features,tiny_mlp,147,0.04081632653061224,-0.0006227417034097016,8,0.024691358024691357,316,134,0.022388059701492536,0.06235542520880699,0.05463099479675293,324,2.049670696258545,1.75010347366333,airlight_bin=A>=0.95,airlight_bin,25,0.0,0.5145739910313901,0.19954746961593628,2676,324,97,0.2993827160493827
2376,0.3502646176928709,2390,B_cr_features,tiny_mlp,248,0.06451612903225806,-0.0003628261911217123,32,0.052980132450331126,572,213,0.08450704225352113,0.0726492702960968,0.06458286941051483,604,2.053006887435913,1.7499500513076782,beta_bin=0.8<=beta<1.1,beta_bin,205,0.014634146341463415,0.5434056761268782,0.2293902486562729,2396,604,179,0.29635761589403975
2376,0.5156588712889113,2390,B_cr_features,tiny_mlp,272,0.058823529411764705,-0.0003270587185397744,20,0.03367003367003367,574,230,0.02608695652173913,0.08005256950855255,0.07106208801269531,594,1.8453062772750854,1.523706316947937,beta_bin=1.1<=beta<1.4,beta_bin,146,0.00684931506849315,0.45552784704904403,0.19598627090454102,2406,594,152,0.2558922558922559
2376,0.8740855375254465,2390,B_cr_features,tiny_mlp,261,0.09195402298850575,-0.00041166931623592973,44,0.07445008460236886,547,220,0.12727272727272726,0.08369766920804977,0.0696643739938736,591,1.7892688512802124,1.4450925588607788,beta_bin=1.4<=beta<1.7,beta_bin,67,0.014925373134328358,0.518472395184724,0.23701202869415283,2409,591,164,0.27749576988155666
2376,0.12550869771648812,2390,B_cr_features,tiny_mlp,287,0.017421602787456445,-0.0008261346956714988,8,0.013377926421404682,590,247,0.012145748987854251,0.04356631264090538,0.03606913983821869,598,3.426335573196411,3.230835437774658,beta_bin=beta<0.8,beta_bin,298,0.003355704697986577,0.5104079933388843,0.22565209865570068,2402,598,216,0.3612040133779264
2376,0.21482743449367164,2390,B_cr_features,tiny_mlp,282,0.014184397163120567,-0.0009081807220354676,6,0.009787928221859706,607,234,0.0,0.03996973857283592,0.041653525084257126,613,2.185941457748413,1.8903552293777466,beta_bin=beta>=1.7,beta_bin,34,0.0,0.48722245496439043,0.20171958208084106,2387,613,211,0.3442088091353997
2376,0.249675916206458,2390,B_cr_features,tiny_mlp,305,0.013114754098360656,-0.000625616405159235,7,0.009333333333333334,743,263,0.0076045627376425855,0.060113780200481415,0.05673034489154816,750,2.478299856185913,2.247244358062744,cr_strength_bin=midhigh_cr_q3,cr_strength_bin,0,0.0,0.456,0.21361322700977325,2250,750,214,0.2853333333333333
2376,0.3093094142384079,2390,B_cr_features,tiny_mlp,343,0.02040816326530612,-0.0007921978831291199,15,0.02,735,318,0.0220125786163522,0.06501848250627518,0.05807075649499893,750,2.141115665435791,1.8596535921096802,cr_strength_bin=midlow_cr_q2,cr_strength_bin,0,0.0,0.4431111111111111,0.2040194571018219,2250,750,226,0.30133333333333334
2376,0.31675190957115545,2390,B_cr_features,tiny_mlp,270,0.007407407407407408,-0.0008353053708560765,3,0.004,747,193,0.0,0.030361872166395187,0.026544589549303055,750,5.132550239562988,4.9996466636657715,cr_strength_bin=strong_cr_q4,cr_strength_bin,750,0.004,0.5626666666666666,0.26804032921791077,2250,750,282,0.376
2376,0.3100764518405131,2390,B_cr_features,tiny_mlp,303,0.013201320132013201,-0.0017166280886158347,4,0.005333333333333333,746,370,0.008108108108108109,0.04312516376376152,0.04287724196910858,750,2.040135145187378,1.7589547634124756,cr_strength_bin=weak_cr_q1,cr_strength_bin,0,0.0,0.2831111111111111,0.15121909976005554,2250,750,247,0.3293333333333333
2376,0.6051893320484153,2390,C_lfv1_features,ridge,652,0.7806748466257669,9.245330147678033e-05,552,0.736,198,281,0.8540925266903915,0.6486927270889282,0.7060791850090027,750,0.851561427116394,0.9971253871917725,random_1,random,178,0.42134831460674155,0.96,0.8558414578437805,2250,750,11,0.014666666666666666
2376,0.5380508869996192,2390,C_lfv1_features,ridge,640,0.759375,9.2900256277062e-05,528,0.704,222,292,0.815068493150685,0.6280295848846436,0.7070354223251343,750,0.8797252774238586,1.0139429569244385,random_2,random,195,0.35384615384615387,0.9568888888888889,0.8573291301727295,2250,750,32,0.042666666666666665
2376,0.6145823324278383,2390,C_lfv1_features,ridge,620,0.7919354838709678,9.051394590642303e-05,555,0.74,195,301,0.8239202657807309,0.6465422511100769,0.7033110857009888,750,0.8448449969291687,0.9802529215812683,random_3,random,189,0.4656084656084656,0.9568888888888889,0.8545563220977783,2250,750,16,0.021333333333333333
2376,0.6193599566383537,2390,C_lfv1_features,ridge,446,0.7757847533632287,8.158213313436136e-05,394,0.7282809611829945,147,224,0.8258928571428571,0.6652240753173828,0.7176804542541504,541,0.8907220363616943,1.0859013795852661,airlight_bin=0.65<=A<0.75,airlight_bin,177,0.4463276836158192,0.953233021553477,0.8484187722206116,2459,541,12,0.022181146025878003
2376,0.49829282647224993,2390,C_lfv1_features,ridge,563,0.7460035523978685,8.84561741258949e-05,463,0.7156105100463679,184,208,0.8509615384615384,0.6407607197761536,0.7007516026496887,647,0.8394134044647217,0.9794279336929321,airlight_bin=0.75<=A<0.85,airlight_bin,157,0.3821656050955414,0.9485762855928602,0.8480422496795654,2353,647,9,0.013910355486862442
2376,0.5068032348458306,2390,C_lfv1_features,ridge,561,0.7932263814616756,9.685799159342423e-05,484,0.7550702028081123,157,240,0.8666666666666667,0.6165486574172974,0.6788210272789001,641,0.9042315483093262,0.9758874773979187,airlight_bin=0.85<=A<0.95,airlight_bin,98,0.3469387755102041,0.9563374311148792,0.85511314868927,2359,641,23,0.0358814352574103
2376,0.0914906138708859,2390,C_lfv1_features,ridge,648,0.4367283950617284,-4.152656856604153e-06,332,0.3919716646989374,515,338,0.47041420118343197,0.452240526676178,0.4880915582180023,847,1.254169225692749,1.2842463254928589,airlight_bin=A<0.65,airlight_bin,293,0.12627986348122866,0.9693450998606595,0.8807916641235352,2153,847,69,0.08146399055489964
2376,0.6005317940138883,2390,C_lfv1_features,ridge,287,0.7526132404181185,0.00011495300714159384,228,0.7037037037037037,96,134,0.8283582089552238,0.5696909427642822,0.6121975183486938,324,0.9039866328239441,0.9023007750511169,airlight_bin=A>=0.95,airlight_bin,25,0.16,0.9600149476831091,0.8533072471618652,2676,324,13,0.040123456790123455
2376,0.6245598659370832,2390,C_lfv1_features,ridge,469,0.7761194029850746,8.400008664466441e-05,431,0.7135761589403974,173,213,0.8732394366197183,0.6571053266525269,0.6984223127365112,604,0.8706525564193726,1.0532941818237305,beta_bin=0.8<=beta<1.1,beta_bin,205,0.4097560975609756,0.9524207011686143,0.8497435450553894,2396,604,10,0.016556291390728478
2376,0.6414551950088329,2390,C_lfv1_features,ridge,493,0.8498985801217038,9.416099055670202e-05,471,0.7929292929292929,123,230,0.8304347826086956,0.6750759482383728,0.7275729179382324,594,0.8022146224975586,0.9636274576187134,beta_bin=1.1<=beta<1.4,beta_bin,146,0.5136986301369864,0.9505403158769742,0.8469617962837219,2406,594,6,0.010101010101010102
2376,0.6781420079023462,2390,C_lfv1_features,ridge,516,0.8430232558139535,0.00011432397877797484,476,0.805414551607445,115,220,0.9090909090909091,0.6615166664123535,0.7079384922981262,591,0.7803059816360474,0.8688043355941772,beta_bin=1.4<=beta<1.7,beta_bin,67,0.47761194029850745,0.9572436695724367,0.8502320647239685,2409,591,9,0.015228426395939087
2376,0.47166763035818354,2390,C_lfv1_features,ridge,447,0.4966442953020134,1.2180305020592641e-05,249,0.41638795986622074,349,247,0.4979757085020243,0.5549815893173218,0.5994570851325989,598,1.24781334400177,1.4592511653900146,beta_bin=beta<0.8,beta_bin,298,0.15771812080536912,0.9691923397169026,0.8663556575775146,2402,598,19,0.03177257525083612
2376,0.6417809284335331,2390,C_lfv1_features,ridge,574,0.7508710801393729,0.00011239240848226473,445,0.7259380097879282,168,234,0.8034188034188035,0.5840035676956177,0.6397933959960938,613,0.8569951057434082,0.851533055305481,beta_bin=beta>=1.7,beta_bin,34,0.2647058823529412,0.9631336405529954,0.8605008721351624,2387,613,21,0.03425774877650897
2376,-0.14978687900541923,2390,C_lfv1_features,ridge,592,0.606418918918919,-2.4807682166283485e-06,445,0.5933333333333334,305,263,0.6425855513307985,0.5534673929214478,0.6033828854560852,750,0.9805572628974915,1.0806262493133545,cr_strength_bin=midhigh_cr_q3,cr_strength_bin,0,0.0,0.9426666666666667,0.8529293537139893,2250,750,33,0.044
2376,-0.16459902972980142,2390,C_lfv1_features,ridge,664,0.7710843373493976,4.566342613543384e-05,559,0.7453333333333333,191,318,0.7704402515723271,0.6132119297981262,0.6786507368087769,750,0.8315136432647705,0.9060147404670715,cr_strength_bin=midlow_cr_q2,cr_strength_bin,0,0.0,0.9537777777777777,0.8452427387237549,2250,750,26,0.034666666666666665
2376,0.03206321915089301,2390,C_lfv1_features,ridge,453,0.2052980132450331,-8.747546235099435e-05,130,0.17333333333333334,620,193,0.21243523316062177,0.3757578432559967,0.41476792097091675,750,2.067885160446167,2.1797964572906494,cr_strength_bin=strong_cr_q4,cr_strength_bin,750,0.17333333333333334,0.9964444444444445,0.8958486914634705,2250,750,90,0.12
2376,0.25914702704422354,2390,C_lfv1_features,ridge,744,0.8360215053763441,0.00014720999752171338,626,0.8346666666666667,124,370,0.8891891891891892,0.573040783405304,0.6411443948745728,750,0.7941259741783142,0.5866300463676453,cr_strength_bin=weak_cr_q1,cr_strength_bin,0,0.0,0.9844444444444445,0.8815439343452454,2250,750,39,0.052
2376,0.44694040642861704,2390,C_lfv1_features,tiny_mlp,357,0.1092436974789916,-0.0003813988878391683,56,0.07466666666666667,694,281,0.09608540925266904,0.08260743319988251,0.07696618139743805,750,2.015913486480713,1.705265998840332,random_1,random,178,0.02247191011235955,0.48844444444444446,0.21971791982650757,2250,750,201,0.268
2376,0.3388638350584656,2390,C_lfv1_features,tiny_mlp,313,0.054313099041533544,-0.0004695912648458034,43,0.05733333333333333,707,292,0.0821917808219178,0.07582668215036392,0.06426607072353363,750,2.172166585922241,1.868471622467041,random_2,random,195,0.0,0.4582222222222222,0.2020033299922943,2250,750,217,0.28933333333333333
2376,0.4104129949520614,2390,C_lfv1_features,tiny_mlp,331,0.08157099697885196,-0.00041969504673033953,41,0.05466666666666667,709,301,0.06312292358803986,0.06895609200000763,0.06515458226203918,750,1.9933730363845825,1.6750051975250244,random_3,random,189,0.015873015873015872,0.5111111111111111,0.2079419195652008,2250,750,215,0.2866666666666667
2376,0.6881789369526742,2390,C_lfv1_features,tiny_mlp,248,0.10483870967741936,-0.0003438112617004663,37,0.06839186691312385,504,224,0.08035714285714286,0.08567549288272858,0.07549873739480972,541,2.0145676136016846,1.6901776790618896,airlight_bin=0.65<=A<0.75,airlight_bin,177,0.03954802259887006,0.5091500610004067,0.19379042088985443,2459,541,128,0.2365988909426987
2376,0.28310492725906555,2390,C_lfv1_features,tiny_mlp,281,0.09608540925266904,-0.0003323627752251923,39,0.06027820710973725,608,208,0.08653846153846154,0.08884671330451965,0.0856769010424614,647,1.8983960151672363,1.5853407382965088,airlight_bin=0.75<=A<0.85,airlight_bin,157,0.006369426751592357,0.48703782405439866,0.19446295499801636,2353,647,143,0.22102009273570325
2376,0.427457075573619,2390,C_lfv1_features,tiny_mlp,317,0.06309148264984227,-0.000521326728630811,32,0.0499219968798752,609,240,0.075,0.0823252722620964,0.0730656161904335,641,2.139842987060547,1.8357303142547607,airlight_bin=0.85<=A<0.95,airlight_bin,98,0.0,0.49682068673166596,0.2090514600276947,2359,641,172,0.26833073322932915
2376,0.17135169177053552,2390,C_lfv1_features,tiny_mlp,317,0.0031545741324921135,-0.0012055515544489026,2,0.0023612750885478157,845,338,0.005917159763313609,0.02402985841035843,0.01666620559990406,847,3.5183205604553223,3.322335958480835,airlight_bin=A<0.65,airlight_bin,293,0.0,0.4932652113330237,0.22513321042060852,2153,847,352,0.4155844155844156
2376,0.3006627843907323,2390,C_lfv1_features,tiny_mlp,176,0.0625,-0.0005521713756024837,13,0.040123456790123455,311,134,0.05223880597014925,0.07971451431512833,0.0674513652920723,324,1.9011445045471191,1.597497582435608,airlight_bin=A>=0.95,airlight_bin,25,0.0,0.5291479820627802,0.20843474566936493,2676,324,83,0.25617283950617287
2376,0.31131043650236234,2390,C_lfv1_features,tiny_mlp,241,0.06639004149377593,-0.00035247355117462575,29,0.048013245033112585,575,213,0.07981220657276995,0.07513367384672165,0.07402902841567993,604,2.0627784729003906,1.7628310918807983,beta_bin=0.8<=beta<1.1,beta_bin,205,0.00975609756097561,0.5045909849749582,0.21245689690113068,2396,604,163,0.26986754966887416
2376,0.2930727051212661,2390,C_lfv1_features,tiny_mlp,286,0.04195804195804196,-0.00027435942320153117,26,0.04377104377104377,568,230,0.05652173913043478,0.08242301642894745,0.07758001983165741,594,1.7938258647918701,1.462894082069397,beta_bin=1.1<=beta<1.4,beta_bin,146,0.0,0.4596841230257689,0.2021252065896988,2406,594,157,0.26430976430976433
2376,0.9693320412417858,2390,C_lfv1_features,tiny_mlp,279,0.06093189964157706,-0.0005006309365853667,40,0.0676818950930626,551,220,0.10909090909090909,0.07822392880916595,0.0713154599070549,591,1.8155345916748047,1.4716594219207764,beta_bin=1.4<=beta<1.7,beta_bin,67,0.014925373134328358,0.5143212951432129,0.2225477546453476,2409,591,171,0.2893401015228426
2376,0.30280645500925685,2390,C_lfv1_features,tiny_mlp,210,0.014285714285714285,-0.0007971461163833737,4,0.006688963210702341,594,247,0.008097165991902834,0.05722275376319885,0.055486034601926804,598,3.423434019088745,3.2564263343811035,beta_bin=beta<0.8,beta_bin,298,0.0,0.4870940882597835,0.21978604793548584,2402,598,171,0.28595317725752506
2376,0.30831239642044256,2390,C_lfv1_features,tiny_mlp,279,0.02867383512544803,-0.0007961982046253979,11,0.01794453507340946,602,234,0.029914529914529916,0.03912775591015816,0.03565821796655655,613,2.1760926246643066,1.8786463737487793,beta_bin=beta>=1.7,beta_bin,34,0.0,0.4935064935064935,0.19980092346668243,2387,613,204,0.33278955954323003
2376,0.1757435332291686,2390,C_lfv1_features,tiny_mlp,272,0.011029411764705883,-0.0005852517788298428,7,0.009333333333333334,743,263,0.011406844106463879,0.0656374990940094,0.06342289596796036,750,2.4370882511138916,2.2119879722595215,cr_strength_bin=midhigh_cr_q3,cr_strength_bin,0,0.0,0.42133333333333334,0.2169492393732071,2250,750,194,0.25866666666666666
2376,0.11080598954310523,2390,C_lfv1_features,tiny_mlp,342,0.02046783625730994,-0.0006765935686416924,15,0.02,735,318,0.0220125786163522,0.061658021062612534,0.05588291585445404,750,2.0436134338378906,1.753808617591858,cr_strength_bin=midlow_cr_q2,cr_strength_bin,0,0.0,0.4088888888888889,0.19701872766017914,2250,750,225,0.3
2376,0.09642098928399401,2390,C_lfv1_features,tiny_mlp,310,0.0032258064516129032,-0.0011208273936063051,1,0.0013333333333333333,749,193,0.0,0.029941413551568985,0.02741839364171028,750,5.867268085479736,5.741618633270264,cr_strength_bin=strong_cr_q4,cr_strength_bin,750,0.0013333333333333333,0.5648888888888889,0.26334792375564575,2250,750,288,0.384
2376,0.4989666159261761,2390,C_lfv1_features,tiny_mlp,292,0.0136986301369863,-0.0017002542736008763,5,0.006666666666666667,745,370,0.005405405405405406,0.043588787317276,0.04383735731244087,750,2.005188226699829,1.7149568796157837,cr_strength_bin=weak_cr_q1,cr_strength_bin,0,0.0,0.29155555555555557,0.14923575520515442,2250,750,232,0.30933333333333335
2384,0.6190469893641218,2398,D_feature_contrast,ridge,650,0.7707692307692308,8.968122710939497e-05,549,0.732,201,281,0.8540925266903915,0.6488810181617737,0.7305425405502319,750,0.8441044688224792,1.0078803300857544,random_1,random,178,0.449438202247191,0.9733333333333334,0.8791257739067078,2250,750,15,0.02
2384,0.4964496316701538,2398,D_feature_contrast,ridge,654,0.7507645259938838,9.492107346886769e-05,528,0.704,222,292,0.8116438356164384,0.6412259936332703,0.7167811393737793,750,0.8591098785400391,1.0217405557632446,random_2,random,195,0.38461538461538464,0.9768888888888889,0.8807646632194519,2250,750,19,0.025333333333333333
2384,0.565579857901013,2398,D_feature_contrast,ridge,621,0.789049919484702,8.913113560993224e-05,562,0.7493333333333333,188,301,0.8305647840531561,0.656257688999176,0.7092223167419434,750,0.8447630405426025,1.0098683834075928,random_3,random,189,0.5079365079365079,0.9662222222222222,0.8773927092552185,2250,750,16,0.021333333333333333
2384,0.6087451570536286,2398,D_feature_contrast,ridge,450,0.7777777777777778,8.167933992808685e-05,391,0.722735674676525,150,224,0.8392857142857143,0.6772183179855347,0.7347062230110168,541,0.8834104537963867,1.1095304489135742,airlight_bin=0.65<=A<0.75,airlight_bin,177,0.4519774011299435,0.9674664497763319,0.8719254732131958,2459,541,6,0.011090573012939002
2384,0.5129727354159899,2398,D_feature_contrast,ridge,547,0.8098720292504571,8.992494258563966e-05,490,0.7573415765069552,157,208,0.8461538461538461,0.6603153944015503,0.7061713933944702,647,0.8228733539581299,0.9952362179756165,airlight_bin=0.75<=A<0.85,airlight_bin,157,0.445859872611465,0.9651508712282193,0.8712942004203796,2353,647,8,0.012364760432766615
2384,0.5570366782010883,2398,D_feature_contrast,ridge,565,0.7539823008849558,9.5026392955333e-05,459,0.7160686427457098,182,240,0.8208333333333333,0.6162458062171936,0.6712236404418945,641,0.8873904347419739,0.9804346561431885,airlight_bin=0.85<=A<0.95,airlight_bin,98,0.41836734693877553,0.9737176769817719,0.8784633278846741,2359,641,14,0.0218408736349454
2384,0.013025004430738518,2398,D_feature_contrast,ridge,654,0.43883792048929665,-6.6592961047717836e-06,338,0.3990554899645809,509,338,0.47337278106508873,0.47559529542922974,0.509779691696167,847,1.2519344091415405,1.3168022632598877,airlight_bin=A<0.65,airlight_bin,293,0.10921501706484642,0.9823502090106828,0.9017699956893921,2153,847,55,0.06493506493506493
2384,0.6279102437097279,2398,D_feature_contrast,ridge,292,0.726027397260274,0.00011641642777249217,226,0.6975308641975309,98,134,0.8283582089552238,0.577929675579071,0.6122578978538513,324,0.9012694358825684,0.925384521484375,airlight_bin=A>=0.95,airlight_bin,25,0.04,0.9723467862481315,0.8751667737960815,2676,324,9,0.027777777777777776
2384,0.5974301544493968,2398,D_feature_contrast,ridge,494,0.7469635627530364,8.008347504073754e-05,420,0.695364238410596,184,213,0.8262910798122066,0.6637128591537476,0.7140885591506958,604,0.8675287365913391,1.0792189836502075,beta_bin=0.8<=beta<1.1,beta_bin,205,0.4292682926829268,0.9670283806343907,0.8739645481109619,2396,604,13,0.02152317880794702
2384,0.5815808716331363,2398,D_feature_contrast,ridge,495,0.8303030303030303,9.437434346182272e-05,472,0.7946127946127947,122,230,0.8391304347826087,0.6811737418174744,0.7504163980484009,594,0.7948081493377686,0.9818769693374634,beta_bin=1.1<=beta<1.4,beta_bin,146,0.541095890410959,0.9634247714048213,0.8687250018119812,2406,594,10,0.016835016835016835
2384,0.6611510575349117,2398,D_feature_contrast,ridge,528,0.8087121212121212,0.00011007248394889757,465,0.7868020304568528,126,220,0.9,0.6602833867073059,0.7199065089225769,591,0.7876269817352295,0.9015830159187317,beta_bin=1.4<=beta<1.7,beta_bin,67,0.4925373134328358,0.9676214196762142,0.8737621903419495,2409,591,7,0.011844331641285956
2384,0.4393433371235723,2398,D_feature_contrast,ridge,399,0.47869674185463656,3.3916498978214804e-06,236,0.39464882943143814,362,247,0.4898785425101215,0.5629816055297852,0.6062866449356079,598,1.2761551141738892,1.5125014781951904,beta_bin=beta<0.8,beta_bin,298,0.1476510067114094,0.9771024146544546,0.8883846402168274,2402,598,19,0.03177257525083612
2384,0.6163203533026028,2398,D_feature_contrast,ridge,526,0.7224334600760456,9.238233178621158e-05,414,0.6753670473083198,199,234,0.7692307692307693,0.573026180267334,0.6220876574516296,613,0.8978351354598999,0.9131608009338379,beta_bin=beta>=1.7,beta_bin,34,0.20588235294117646,0.9769585253456221,0.8839850425720215,2387,613,26,0.04241435562805873
2384,-0.14445364817964193,2398,D_feature_contrast,ridge,581,0.6316695352839932,-6.5655881371640135e-06,441,0.588,309,263,0.6387832699619772,0.5668989419937134,0.6286609768867493,750,0.9827900528907776,1.111291527748108,cr_strength_bin=midhigh_cr_q3,cr_strength_bin,0,0.0,0.9604444444444444,0.8743168115615845,2250,750,36,0.048
2384,-0.2293455120492011,2398,D_feature_contrast,ridge,689,0.7445573294629898,3.625745011959225e-05,554,0.7386666666666667,196,318,0.7672955974842768,0.6128624081611633,0.6771854758262634,750,0.8479112982749939,0.9474114775657654,cr_strength_bin=midlow_cr_q2,cr_strength_bin,0,0.0,0.9733333333333334,0.8724595308303833,2250,750,32,0.042666666666666665
2384,-0.16811180041354784,2398,D_feature_contrast,ridge,458,0.19868995633187772,-9.756704093888402e-05,129,0.172,621,193,0.19689119170984457,0.38811033964157104,0.4307939410209656,750,2.1196720600128174,2.2523787021636963,cr_strength_bin=strong_cr_q4,cr_strength_bin,750,0.172,0.9973333333333333,0.9135302901268005,2250,750,88,0.11733333333333333
2384,0.3071723468452142,2398,D_feature_contrast,ridge,745,0.8308724832214766,0.00013548256538342685,622,0.8293333333333334,128,370,0.8864864864864865,0.5584644079208374,0.6278098821640015,750,0.8012033700942993,0.6126207709312439,cr_strength_bin=weak_cr_q1,cr_strength_bin,0,0.0,0.9911111111111112,0.9037662744522095,2250,750,46,0.06133333333333333
2384,0.31158152115539695,2398,D_feature_contrast,tiny_mlp,309,0.03559870550161812,-0.0006600453052669764,21,0.028,729,281,0.05338078291814947,0.06356312334537506,0.05906696617603302,750,2.4226179122924805,2.168215751647949,random_1,random,178,0.0056179775280898875,0.4017777777777778,0.20539946854114532,2250,750,214,0.2853333333333333
2384,0.45478121145325656,2398,D_feature_contrast,tiny_mlp,340,0.05588235294117647,-0.0006517276633530855,34,0.04533333333333334,716,292,0.07191780821917808,0.07419933378696442,0.0659138411283493,750,2.516343355178833,2.2548916339874268,random_2,random,195,0.005128205128205128,0.48977777777777776,0.2242279201745987,2250,750,194,0.25866666666666666
2384,0.7165578891802101,2398,D_feature_contrast,tiny_mlp,346,0.049132947976878616,-0.0006160516059026122,26,0.034666666666666665,724,301,0.036544850498338874,0.06625403463840485,0.06457142531871796,750,2.2879624366760254,2.0096018314361572,random_3,random,189,0.005291005291005291,0.5022222222222222,0.21977271139621735,2250,750,222,0.296
2384,0.5420396215659945,2398,D_feature_contrast,tiny_mlp,264,0.045454545454545456,-0.000601834908593446,20,0.036968576709796676,521,224,0.04017857142857143,0.09732987731695175,0.08577559143304825,541,2.400609016418457,2.1567513942718506,airlight_bin=0.65<=A<0.75,airlight_bin,177,0.011299435028248588,0.5461569743798292,0.24128562211990356,2459,541,122,0.2255083179297597
2384,0.365321383556698,2398,D_feature_contrast,tiny_mlp,338,0.04437869822485207,-0.0005314895533956587,22,0.03400309119010819,625,208,0.04326923076923077,0.09132713079452515,0.08253950625658035,647,2.183851957321167,1.9298603534698486,airlight_bin=0.75<=A<0.85,airlight_bin,157,0.0,0.5108372290692733,0.23801465332508087,2353,647,150,0.23183925811437403
2384,0.10136920757727187,2398,D_feature_contrast,tiny_mlp,303,0.0297029702970297,-0.0007193392375484109,19,0.029641185647425898,622,240,0.04583333333333333,0.06443332880735397,0.06198298931121826,641,2.4566667079925537,2.1938283443450928,airlight_bin=0.85<=A<0.95,airlight_bin,98,0.0,0.5137770241627808,0.2218209058046341,2359,641,188,0.29329173166926675
2384,0.43139613289965484,2398,D_feature_contrast,tiny_mlp,503,0.007952286282306162,-0.0015795639483258128,5,0.0059031877213695395,842,338,0.008875739644970414,0.00522101204842329,0.0030156830325722694,847,3.9086225032806396,3.7149791717529297,airlight_bin=A<0.65,airlight_bin,293,0.0034129692832764505,0.48676265675801206,0.23293249309062958,2153,847,417,0.4923258559622196
2384,0.39745922493271146,2398,D_feature_contrast,tiny_mlp,125,0.072,-0.0008071339689195156,10,0.030864197530864196,314,134,0.05223880597014925,0.07172079384326935,0.06577884405851364,324,2.2168383598327637,1.9631390571594238,airlight_bin=A>=0.95,airlight_bin,25,0.0,0.5325112107623319,0.2494359314441681,2676,324,88,0.2716049382716049
2384,0.5258013514550267,2398,D_feature_contrast,tiny_mlp,251,0.0398406374501992,-0.000500168651342392,20,0.033112582781456956,584,213,0.04225352112676056,0.0713018923997879,0.06510484218597412,604,2.2884345054626465,2.0268399715423584,beta_bin=0.8<=beta<1.1,beta_bin,205,0.00975609756097561,0.5388146911519198,0.22761934995651245,2396,604,140,0.23178807947019867
2384,0.2683773955755907,2398,D_feature_contrast,tiny_mlp,243,0.04938271604938271,-0.00043949595419690013,17,0.02861952861952862,577,230,0.034782608695652174,0.08644669502973557,0.08214403688907623,594,2.098893880844116,1.8294661045074463,beta_bin=1.1<=beta<1.4,beta_bin,146,0.0,0.5120532003325021,0.24173660576343536,2406,594,132,0.2222222222222222
2384,0.24618028409692372,2398,D_feature_contrast,tiny_mlp,248,0.04435483870967742,-0.0005315729649737477,18,0.030456852791878174,573,220,0.05,0.07248047739267349,0.0674700066447258,591,1.9856904745101929,1.6890530586242676,beta_bin=1.4<=beta<1.7,beta_bin,67,0.0,0.4943960149439601,0.22805733978748322,2409,591,163,0.27580372250423013
2384,0.5646648771730507,2398,D_feature_contrast,tiny_mlp,230,0.008695652173913044,-0.001224934938363731,3,0.005016722408026756,595,247,0.012145748987854251,0.0675007626414299,0.059195101261138916,598,4.052151203155518,3.93143892288208,beta_bin=beta<0.8,beta_bin,298,0.0,0.517901748542881,0.2356419712305069,2402,598,145,0.24247491638795987
2384,0.149312291687081,2398,D_feature_contrast,tiny_mlp,345,0.011594202898550725,-0.0014552643988281488,5,0.008156606851549755,608,234,0.008547008547008548,0.04316160827875137,0.04194245487451553,613,2.5965662002563477,2.3582160472869873,beta_bin=beta>=1.7,beta_bin,34,0.0,0.44449099287808963,0.20001652836799622,2387,613,211,0.3442088091353997
2384,0.4572551989584388,2398,D_feature_contrast,tiny_mlp,270,0.003703703703703704,-0.0009610477136448026,5,0.006666666666666667,745,263,0.0038022813688212928,0.05507058650255203,0.04810745269060135,750,2.9833574295043945,2.795710325241089,cr_strength_bin=midhigh_cr_q3,cr_strength_bin,0,0.0,0.4408888888888889,0.23620420694351196,2250,750,215,0.2866666666666667
2384,0.2095153304226209,2398,D_feature_contrast,tiny_mlp,335,0.008955223880597015,-0.0009443766321055591,6,0.008,744,318,0.009433962264150943,0.06552375108003616,0.06207887828350067,750,2.3439133167266846,2.109203338623047,cr_strength_bin=midlow_cr_q2,cr_strength_bin,0,0.0,0.43377777777777776,0.22288481891155243,2250,750,213,0.284
2384,0.3643198521145792,2398,D_feature_contrast,tiny_mlp,317,0.00946372239747634,-0.0013644654536619782,4,0.005333333333333333,746,193,0.0,0.03526623174548149,0.0335431843996048,750,6.363061904907227,6.26011323928833,cr_strength_bin=strong_cr_q4,cr_strength_bin,750,0.005333333333333333,0.5724444444444444,0.26709938049316406,2250,750,272,0.3626666666666667
2384,0.2841041598783365,2398,D_feature_contrast,tiny_mlp,374,0.0,-0.0022915934678167105,1,0.0013333333333333333,749,370,0.0,0.03361281007528305,0.02901392988860607,750,2.2828924655914307,2.0329248905181885,cr_strength_bin=weak_cr_q1,cr_strength_bin,0,0.0,0.25244444444444447,0.16105695068836212,2250,750,265,0.35333333333333333
2376,0.09248929696649015,2390,B_cr_features_shuffled,ridge,583,0.3053173241852487,-4.4415170123102143e-05,203,0.27066666666666667,547,281,0.34519572953736655,0.20349805057048798,0.20501795411109924,750,1.37299644947052,1.0686511993408203,random_1,random,178,0.0056179775280898875,0.8048888888888889,0.6607306599617004,2250,750,183,0.244
2376,0.16153378804643398,2390,B_cr_features_shuffled,ridge,609,0.2857142857142857,-3.708121585077606e-05,189,0.252,561,292,0.3356164383561644,0.21066300570964813,0.20462873578071594,750,1.3544459342956543,1.0603222846984863,random_2,random,195,0.02564102564102564,0.8084444444444444,0.6616659164428711,2250,750,183,0.244
2376,0.08457364310643946,2390,B_cr_features_shuffled,ridge,592,0.27702702702702703,-4.8811871238285676e-05,184,0.24533333333333332,566,301,0.3023255813953488,0.20120397210121155,0.20126119256019592,750,1.3769220113754272,1.0847539901733398,random_3,random,189,0.015873015873015872,0.7995555555555556,0.663291871547699,2250,750,191,0.25466666666666665
2376,0.1799910896575101,2390,B_cr_features_shuffled,ridge,419,0.31742243436754175,-3.09174538415391e-05,144,0.266173752310536,397,224,0.29910714285714285,0.21930478513240814,0.22893540561199188,541,1.3854414224624634,1.110495686531067,airlight_bin=0.65<=A<0.75,airlight_bin,177,0.022598870056497175,0.7877185847905652,0.641592264175415,2459,541,128,0.2365988909426987
2376,0.193566219116727,2390,B_cr_features_shuffled,ridge,548,0.29014598540145986,-3.0939663702156395e-05,168,0.2596599690880989,479,208,0.3173076923076923,0.22480502724647522,0.22659847140312195,647,1.3338361978530884,1.0537464618682861,airlight_bin=0.75<=A<0.85,airlight_bin,157,0.012738853503184714,0.7955801104972375,0.6451521515846252,2353,647,155,0.23956723338485317
2376,0.11012010060862193,2390,B_cr_features_shuffled,ridge,553,0.31464737793851716,-3.2542455301154405e-05,188,0.29329173166926675,453,240,0.3625,0.20838090777397156,0.21913087368011475,641,1.3012166023254395,0.9670284390449524,airlight_bin=0.85<=A<0.95,airlight_bin,98,0.02040816326530612,0.7999152183128444,0.6522659659385681,2359,641,171,0.2667706708268331
2376,-0.04982483041441522,2390,B_cr_features_shuffled,ridge,535,0.19065420560747665,-8.354685269296169e-05,129,0.15230224321133412,718,338,0.20414201183431951,0.12916119396686554,0.1317255198955536,847,1.5677460432052612,1.2689694166183472,airlight_bin=A<0.65,airlight_bin,293,0.010238907849829351,0.8225731537389689,0.6840036511421204,2153,847,295,0.3482880755608028
2376,0.07330463488623483,2390,B_cr_features_shuffled,ridge,276,0.37681159420289856,-1.7484044292359613e-05,112,0.345679012345679,212,134,0.4701492537313433,0.2468583881855011,0.2631802260875702,324,1.159478783607483,0.813774585723877,airlight_bin=A>=0.95,airlight_bin,25,0.0,0.7795216741405082,0.6284609436988831,2676,324,69,0.21296296296296297
2376,0.13018121233359345,2390,B_cr_features_shuffled,ridge,422,0.3056872037914692,-3.894095789291896e-05,153,0.2533112582781457,451,213,0.39436619718309857,0.19959594309329987,0.20453783869743347,604,1.4333391189575195,1.1497926712036133,beta_bin=0.8<=beta<1.1,beta_bin,205,0.02926829268292683,0.8021702838063439,0.6512893438339233,2396,604,163,0.26986754966887416
2376,0.13258557879770422,2390,B_cr_features_shuffled,ridge,464,0.3168103448275862,-3.912978354492225e-05,164,0.2760942760942761,430,230,0.30869565217391304,0.21115311980247498,0.230872243642807,594,1.3276482820510864,1.0316194295883179,beta_bin=1.1<=beta<1.4,beta_bin,146,0.0273972602739726,0.7917705735660848,0.6442582607269287,2406,594,149,0.25084175084175087
2376,0.10099386324753043,2390,B_cr_features_shuffled,ridge,525,0.33714285714285713,-3.080076930928044e-05,184,0.311336717428088,407,220,0.39545454545454545,0.21308112144470215,0.21610373258590698,591,1.2700709104537964,0.9382748603820801,beta_bin=1.4<=beta<1.7,beta_bin,67,0.029850746268656716,0.7903694479036945,0.6465261578559875,2409,591,152,0.2571912013536379
2376,-0.015272580048266529,2390,B_cr_features_shuffled,ridge,395,0.23544303797468355,-5.9057314501842484e-05,112,0.18729096989966554,486,247,0.2874493927125506,0.20308566093444824,0.2047647386789322,598,1.5981366634368896,1.3891634941101074,beta_bin=beta<0.8,beta_bin,298,0.02348993288590604,0.8126561199000832,0.6537667512893677,2402,598,151,0.2525083612040134
2376,0.19049713101607105,2390,B_cr_features_shuffled,ridge,542,0.35608856088560886,-1.7038222722476348e-05,211,0.3442088091353997,402,234,0.3803418803418803,0.21665044128894806,0.2201836258172989,613,1.1854615211486816,0.805726170539856,beta_bin=beta>=1.7,beta_bin,34,0.0,0.7867616254713029,0.6476216912269592,2387,613,155,0.2528548123980424
2376,-0.15529273148424216,2390,B_cr_features_shuffled,ridge,570,0.1280701754385965,-8.580659050494432e-05,84,0.112,666,263,0.16730038022813687,0.14490477740764618,0.15359428524971008,750,1.4099563360214233,1.1405335664749146,cr_strength_bin=midhigh_cr_q3,cr_strength_bin,0,0.0,0.7657777777777778,0.6574166417121887,2250,750,241,0.32133333333333336
2376,-0.09996348114686265,2390,B_cr_features_shuffled,ridge,635,0.30551181102362207,-5.765735113527626e-05,217,0.28933333333333333,533,318,0.3490566037735849,0.21012060344219208,0.22899481654167175,750,1.1680248975753784,0.8431972861289978,cr_strength_bin=midlow_cr_q2,cr_strength_bin,0,0.0,0.7435555555555555,0.6346689462661743,2250,750,182,0.24266666666666667
2376,-0.14512626899855918,2390,B_cr_features_shuffled,ridge,523,0.011472275334608031,-0.00011940697731915861,9,0.012,741,193,0.010362694300518135,0.09221137315034866,0.09191025793552399,750,2.2887942790985107,2.1232235431671143,cr_strength_bin=strong_cr_q4,cr_strength_bin,750,0.012,0.9017777777777778,0.7046459317207336,2250,750,275,0.36666666666666664
2376,0.06688943345580865,2390,B_cr_features_shuffled,ridge,745,0.5785234899328859,1.9422521290834993e-05,433,0.5773333333333334,317,370,0.5864864864864865,0.2338697463274002,0.2507268190383911,750,0.9895352125167847,0.4030695855617523,cr_strength_bin=weak_cr_q1,cr_strength_bin,0,0.0,0.884,0.6927444934844971,2250,750,168,0.224
2376,0.19028929068211103,2390,B_cr_features_shuffled,tiny_mlp,347,0.023054755043227664,-0.0005482662236317992,14,0.018666666666666668,736,281,0.028469750889679714,0.03578749671578407,0.029257643967866898,750,2.4378299713134766,2.15914249420166,random_1,random,178,0.0056179775280898875,0.4862222222222222,0.19996319711208344,2250,750,289,0.38533333333333336
2376,0.24238398519638255,2390,B_cr_features_shuffled,tiny_mlp,314,0.006369426751592357,-0.0006097779260016978,7,0.009333333333333334,743,292,0.02054794520547945,0.03218989446759224,0.027720049023628235,750,2.5562264919281006,2.2813267707824707,random_2,random,195,0.0,0.4888888888888889,0.18778876960277557,2250,750,278,0.37066666666666664
2376,0.5836299474092479,2390,B_cr_features_shuffled,tiny_mlp,329,0.015197568389057751,-0.0005697050946764648,8,0.010666666666666666,742,301,0.013289036544850499,0.036912932991981506,0.028810542076826096,750,2.543269395828247,2.2705330848693848,random_3,random,189,0.0,0.48933333333333334,0.18844178318977356,2250,750,270,0.36
2376,0.654925686037814,2390,B_cr_features_shuffled,tiny_mlp,215,0.023255813953488372,-0.0004322842287365347,9,0.0166358595194085,532,224,0.022321428571428572,0.04879027605056763,0.045585907995700836,541,2.416520118713379,2.136404514312744,airlight_bin=0.65<=A<0.75,airlight_bin,177,0.0,0.5022366815778772,0.18473488092422485,2459,541,171,0.31608133086876156
2376,0.26111888672875083,2390,B_cr_features_shuffled,tiny_mlp,289,0.02768166089965398,-0.00045326235704123974,9,0.013910355486862442,638,208,0.019230769230769232,0.0474419966340065,0.0446440652012825,647,2.312534809112549,2.029348134994507,airlight_bin=0.75<=A<0.85,airlight_bin,157,0.0,0.46918827029324267,0.17729878425598145,2353,647,212,0.3276661514683153
2376,0.7995767541547677,2390,B_cr_features_shuffled,tiny_mlp,280,0.007142857142857143,-0.0005637172725982964,5,0.0078003120124804995,636,240,0.016666666666666666,0.041340216994285583,0.03747474029660225,641,2.281193733215332,1.9880752563476562,airlight_bin=0.85<=A<0.95,airlight_bin,98,0.0,0.4798643493005511,0.1826082170009613,2359,641,230,0.358814352574103
2376,0.589595629945864,2390,B_cr_features_shuffled,tiny_mlp,280,0.0035714285714285713,-0.0006992786074988544,2,0.0023612750885478157,845,338,0.005917159763313609,0.0071264151483774185,0.014087207615375519,847,3.0045087337493896,2.750365972518921,airlight_bin=A<0.65,airlight_bin,293,0.0034129692832764505,0.48072457036692984,0.2130541354417801,2153,847,372,0.43919716646989376
2376,0.3627285080755437,2390,B_cr_features_shuffled,tiny_mlp,154,0.025974025974025976,-0.00038302529719658196,6,0.018518518518518517,318,134,0.03731343283582089,0.048815757036209106,0.05155624449253082,324,1.769871711730957,1.4119763374328613,airlight_bin=A>=0.95,airlight_bin,25,0.0,0.5052316890881914,0.173847496509552,2676,324,108,0.3333333333333333
2376,0.06728101748682096,2390,B_cr_features_shuffled,tiny_mlp,236,0.01694915254237288,-0.0004382271727081388,10,0.016556291390728478,594,213,0.023474178403755867,0.03224845975637436,0.02501954324543476,604,2.499765634536743,2.2083964347839355,beta_bin=0.8<=beta<1.1,beta_bin,205,0.004878048780487805,0.5129382303839732,0.19970980286598206,2396,604,242,0.40066225165562913
2376,0.18018707160737102,2390,B_cr_features_shuffled,tiny_mlp,249,0.01606425702811245,-0.00042001946712844074,5,0.008417508417508417,589,230,0.008695652173913044,0.040865007787942886,0.03732267767190933,594,2.2028207778930664,1.9164780378341675,beta_bin=1.1<=beta<1.4,beta_bin,146,0.0,0.4538653366583541,0.17712418735027313,2406,594,211,0.3552188552188552
2376,0.45273110432536434,2390,B_cr_features_shuffled,tiny_mlp,247,0.020242914979757085,-0.0004517619963735342,5,0.008460236886632826,586,220,0.013636363636363636,0.02548716403543949,0.026684973388910294,591,2.048769235610962,1.7200660705566406,beta_bin=1.4<=beta<1.7,beta_bin,67,0.0,0.5101701951017019,0.20252341032028198,2409,591,231,0.39086294416243655
2376,0.2860439964477151,2390,B_cr_features_shuffled,tiny_mlp,245,0.004081632653061225,-0.00047756702406331897,7,0.011705685618729096,591,247,0.016194331983805668,0.03632684051990509,0.03376772254705429,598,2.836923360824585,2.5881481170654297,beta_bin=beta<0.8,beta_bin,298,0.0,0.49791840133222315,0.20299240946769714,2402,598,226,0.3779264214046823
2376,0.292526562955337,2390,B_cr_features_shuffled,tiny_mlp,265,0.045283018867924525,-0.0005568381166085601,20,0.03262642740619902,593,234,0.03418803418803419,0.026103151962161064,0.027893783524632454,613,2.0907673835754395,1.7419136762619019,beta_bin=beta>=1.7,beta_bin,34,0.029411764705882353,0.47549224968579806,0.18664120137691498,2387,613,241,0.3931484502446982
2376,0.24977063281994186,2390,B_cr_features_shuffled,tiny_mlp,315,0.0,-0.0005671597900800407,3,0.004,747,263,0.0038022813688212928,0.027589788660407066,0.024660123512148857,750,2.5464231967926025,2.31539249420166,cr_strength_bin=midhigh_cr_q3,cr_strength_bin,0,0.0,0.4271111111111111,0.18473997712135315,2250,750,296,0.39466666666666667
2376,0.31250835373140384,2390,B_cr_features_shuffled,tiny_mlp,321,0.006230529595015576,-0.0006038231076672673,2,0.0026666666666666666,748,318,0.0,0.033277105540037155,0.031526803970336914,750,2.061561107635498,1.7693935632705688,cr_strength_bin=midlow_cr_q2,cr_strength_bin,0,0.0,0.4097777777777778,0.1782453954219818,2250,750,273,0.364
2376,0.3293134575946639,2390,B_cr_features_shuffled,tiny_mlp,368,0.002717391304347826,-0.0005854913033545017,2,0.0026666666666666666,748,193,0.0,0.021745910868048668,0.017678581178188324,750,4.260653972625732,4.104551315307617,cr_strength_bin=strong_cr_q4,cr_strength_bin,750,0.0026666666666666666,0.5488888888888889,0.23310965299606323,2250,750,309,0.412
2376,0.5476806786101526,2390,B_cr_features_shuffled,tiny_mlp,303,0.013201320132013201,-0.000627834175247699,8,0.010666666666666666,742,370,0.010810810810810811,0.02524588815867901,0.024898985400795937,750,1.5753083229064941,1.172141194343567,cr_strength_bin=weak_cr_q1,cr_strength_bin,0,0.0,0.26711111111111113,0.1341356784105301,2250,750,295,0.3933333333333333
2376,0.07226773342312946,2390,C_lfv1_features_shuffled,ridge,591,0.2961082910321489,-3.8932121242396533e-05,201,0.268,549,281,0.3665480427046263,0.21111130714416504,0.21822373569011688,750,1.3357388973236084,1.039804220199585,random_1,random,178,0.016853932584269662,0.7968888888888889,0.6568371057510376,2250,750,192,0.256
2376,0.10898858165901573,2390,C_lfv1_features_shuffled,ridge,571,0.3169877408056042,-4.1184466681443155e-05,204,0.272,546,292,0.3698630136986301,0.2009921669960022,0.20047029852867126,750,1.367509126663208,1.0598890781402588,random_2,random,195,0.02564102564102564,0.8071111111111111,0.659898042678833,2250,750,197,0.26266666666666666
2376,0.061060101924825166,2390,C_lfv1_features_shuffled,ridge,579,0.2987910189982729,-4.5369753934210166e-05,194,0.25866666666666666,556,301,0.3289036544850498,0.19821858406066895,0.1997418999671936,750,1.3660428524017334,1.0658146142959595,random_3,random,189,0.010582010582010581,0.7942222222222223,0.6570610404014587,2250,750,200,0.26666666666666666
2376,0.05600571167929507,2390,C_lfv1_features_shuffled,ridge,400,0.31,-3.624279270297848e-05,149,0.2754158964879852,392,224,0.33035714285714285,0.2089543342590332,0.20763982832431793,541,1.4238888025283813,1.1381233930587769,airlight_bin=0.65<=A<0.75,airlight_bin,177,0.01694915254237288,0.7946319642130948,0.6422967314720154,2459,541,136,0.2513863216266174
2376,0.0527004093787915,2390,C_lfv1_features_shuffled,ridge,522,0.28544061302681994,-3.983921851613559e-05,161,0.24884080370942813,486,208,0.3173076923076923,0.19253891706466675,0.18443533778190613,647,1.364332675933838,1.0584579706192017,airlight_bin=0.75<=A<0.85,airlight_bin,157,0.03821656050955414,0.7981300467488313,0.6479558348655701,2353,647,192,0.29675425038639874
2376,0.22753321313265612,2390,C_lfv1_features_shuffled,ridge,517,0.3578336557059961,-2.346085420867894e-05,202,0.31513260530421217,439,240,0.4,0.2366751730442047,0.2412157952785492,641,1.2545853853225708,0.9437106251716614,airlight_bin=0.85<=A<0.95,airlight_bin,98,0.01020408163265306,0.7867740568037304,0.6440394520759583,2359,641,135,0.21060842433697347
2376,-0.03830983425714002,2390,C_lfv1_features_shuffled,ridge,546,0.184981684981685,-7.433367863995954e-05,136,0.16056670602125148,711,338,0.21597633136094674,0.13430143892765045,0.13868191838264465,847,1.5323412418365479,1.2247298955917358,airlight_bin=A<0.65,airlight_bin,293,0.006825938566552901,0.8244310264746865,0.6799715757369995,2153,847,276,0.32585596221959856
2376,0.19671758522653865,2390,C_lfv1_features_shuffled,ridge,283,0.392226148409894,-9.671683073975146e-06,119,0.36728395061728397,205,134,0.4626865671641791,0.25388798117637634,0.2843061089515686,324,1.150531530380249,0.8140093088150024,airlight_bin=A>=0.95,airlight_bin,25,0.0,0.7742899850523169,0.6239897608757019,2676,324,71,0.2191358024691358
2376,0.11786041553102516,2390,C_lfv1_features_shuffled,ridge,439,0.32801822323462415,-3.635794928413816e-05,163,0.26986754966887416,441,213,0.36619718309859156,0.21289648115634918,0.22031086683273315,604,1.3897554874420166,1.1130882501602173,beta_bin=0.8<=beta<1.1,beta_bin,205,0.00975609756097561,0.7909015025041736,0.6467949748039246,2396,604,151,0.25
2376,0.11066203436155463,2390,C_lfv1_features_shuffled,ridge,447,0.3333333333333333,-3.8046120607759804e-05,170,0.28619528619528617,424,230,0.2956521739130435,0.20679384469985962,0.22163978219032288,594,1.3436028957366943,1.04594087600708,beta_bin=1.1<=beta<1.4,beta_bin,146,0.0410958904109589,0.786783042394015,0.6407987475395203,2406,594,160,0.26936026936026936
2376,0.10001427203253752,2390,C_lfv1_features_shuffled,ridge,509,0.3143418467583497,-3.093723353231326e-05,171,0.2893401015228426,420,220,0.4,0.20115233957767487,0.1986626237630844,591,1.2669802904129028,0.9227082133293152,beta_bin=1.4<=beta<1.7,beta_bin,67,0.04477611940298507,0.79244499792445,0.6455551385879517,2409,591,163,0.27580372250423013
2376,-0.0020295570058069794,2390,C_lfv1_features_shuffled,ridge,382,0.24345549738219896,-6.0339199990266934e-05,114,0.19063545150501673,484,247,0.27125506072874495,0.18617141246795654,0.20108413696289062,598,1.6041526794433594,1.3694084882736206,beta_bin=beta<0.8,beta_bin,298,0.016778523489932886,0.8080766028309742,0.6540462374687195,2402,598,158,0.26421404682274247
2376,0.22343765475484548,2390,C_lfv1_features_shuffled,ridge,529,0.3780718336483932,-1.173598866444081e-05,222,0.3621533442088091,391,234,0.45726495726495725,0.2255690097808838,0.2351614534854889,613,1.16673743724823,0.7914019227027893,beta_bin=beta>=1.7,beta_bin,34,0.0,0.7968160871386678,0.6458930373191833,2387,613,146,0.23817292006525284
2376,-0.25710173022146143,2390,C_lfv1_features_shuffled,ridge,562,0.12811387900355872,-8.896523650037125e-05,87,0.116,663,263,0.1444866920152091,0.16020697355270386,0.16633591055870056,750,1.423016905784607,1.1755352020263672,cr_strength_bin=midhigh_cr_q3,cr_strength_bin,0,0.0,0.76,0.6527881026268005,2250,750,233,0.31066666666666665
2376,-0.030668447587929793,2390,C_lfv1_features_shuffled,ridge,633,0.30647709320695105,-5.658555164700374e-05,226,0.30133333333333334,524,318,0.3270440251572327,0.19873343408107758,0.20724347233772278,750,1.1646963357925415,0.8303488492965698,cr_strength_bin=midlow_cr_q2,cr_strength_bin,0,0.0,0.7391111111111112,0.6323830485343933,2250,750,200,0.26666666666666666
2376,-0.24394482704497186,2390,C_lfv1_features_shuffled,ridge,483,0.006211180124223602,-0.00011557402467587963,6,0.008,744,193,0.015544041450777202,0.09244323521852493,0.10244038701057434,750,2.25382399559021,2.083559274673462,cr_strength_bin=strong_cr_q4,cr_strength_bin,750,0.008,0.8968888888888888,0.7020778656005859,2250,750,269,0.3586666666666667
2376,0.07146059258017885,2390,C_lfv1_features_shuffled,ridge,745,0.5516778523489932,1.8390364857623354e-05,411,0.548,339,370,0.5756756756756757,0.22695426642894745,0.24859577417373657,750,0.9869480729103088,0.3983459174633026,cr_strength_bin=weak_cr_q1,cr_strength_bin,0,0.0,0.8822222222222222,0.6902607679367065,2250,750,183,0.244
2376,0.5064441038308127,2390,C_lfv1_features_shuffled,tiny_mlp,321,0.003115264797507788,-0.0005405741394497454,3,0.004,747,281,0.0035587188612099642,0.029129134491086006,0.027168184518814087,750,2.4304983615875244,2.1525049209594727,random_1,random,178,0.0,0.468,0.19055041670799255,2250,750,285,0.38
2376,0.4716420211105704,2390,C_lfv1_features_shuffled,tiny_mlp,361,0.019390581717451522,-0.0005738571635447443,7,0.009333333333333334,743,292,0.017123287671232876,0.036080654710531235,0.029999181628227234,750,2.526670217514038,2.2541282176971436,random_2,random,195,0.0,0.48044444444444445,0.1912604719400406,2250,750,276,0.368
2376,0.5987457863630365,2390,C_lfv1_features_shuffled,tiny_mlp,300,0.02,-0.0006249980651773512,10,0.013333333333333334,740,301,0.013289036544850499,0.02844439633190632,0.03035687282681465,750,2.529242515563965,2.2454450130462646,random_3,random,189,0.0,0.48444444444444446,0.18988975882530212,2250,750,278,0.37066666666666664
2376,0.5122299092572882,2390,C_lfv1_features_shuffled,tiny_mlp,241,0.03319502074688797,-0.00039854313945397735,11,0.02033271719038817,530,224,0.03125,0.03688454627990723,0.025765083730220795,541,2.47615385055542,2.182464122772217,airlight_bin=0.65<=A<0.75,airlight_bin,177,0.0,0.4871899145994307,0.17892925441265106,2459,541,205,0.3789279112754159
2376,0.17200975024998263,2390,C_lfv1_features_shuffled,tiny_mlp,285,0.042105263157894736,-0.0004240413545630872,16,0.02472952086553323,631,208,0.009615384615384616,0.03926294296979904,0.0365368127822876,647,2.255558967590332,1.9567844867706299,airlight_bin=0.75<=A<0.85,airlight_bin,157,0.006369426751592357,0.4929876753081173,0.17628708481788635,2353,647,233,0.3601236476043277
2376,0.8785736130978951,2390,C_lfv1_features_shuffled,tiny_mlp,278,0.007194244604316547,-0.0005742916837334633,7,0.0109204368174727,634,240,0.008333333333333333,0.0436214879155159,0.044069692492485046,641,2.202134370803833,1.9008582830429077,airlight_bin=0.85<=A<0.95,airlight_bin,98,0.0,0.4629080118694362,0.18134760856628418,2359,641,211,0.3291731669266771
2376,0.2415644018742675,2390,C_lfv1_features_shuffled,tiny_mlp,292,0.017123287671232876,-0.0005893069901503623,10,0.011806375442739079,837,338,0.005917159763313609,0.003942903131246567,0.01139819622039795,847,2.7402288913726807,2.4656577110290527,airlight_bin=A<0.65,airlight_bin,293,0.0034129692832764505,0.47050627032048303,0.20499415695667267,2153,847,395,0.46635182998819363
2376,0.432330266543345,2390,C_lfv1_features_shuffled,tiny_mlp,140,0.05714285714285714,-0.0003640616196207702,12,0.037037037037037035,312,134,0.014925373134328358,0.052705176174640656,0.04502750188112259,324,1.6513041257858276,1.2784005403518677,airlight_bin=A>=0.95,airlight_bin,25,0.0,0.5112107623318386,0.17858681082725525,2676,324,106,0.3271604938271605
2376,0.7330308071661178,2390,C_lfv1_features_shuffled,tiny_mlp,285,0.028070175438596492,-0.0004506385594140738,11,0.018211920529801324,593,213,0.023474178403755867,0.0380602590739727,0.03503962606191635,604,2.3937602043151855,2.10522723197937,beta_bin=0.8<=beta<1.1,beta_bin,205,0.0,0.49707846410684475,0.19416438043117523,2396,604,217,0.35927152317880795
2376,0.23425454776957974,2390,C_lfv1_features_shuffled,tiny_mlp,271,0.007380073800738007,-0.00048483963473699987,4,0.006734006734006734,590,230,0.008695652173913044,0.033251795917749405,0.03265427425503731,594,2.243201494216919,1.9423885345458984,beta_bin=1.1<=beta<1.4,beta_bin,146,0.0,0.46674979218620116,0.18406111001968384,2406,594,227,0.38215488215488214
2376,0.9230623583444361,2390,C_lfv1_features_shuffled,tiny_mlp,255,0.01568627450980392,-0.000557137536816299,7,0.011844331641285956,584,220,0.01818181818181818,0.024970579892396927,0.02216912806034088,591,2.2119596004486084,1.9007911682128906,beta_bin=1.4<=beta<1.7,beta_bin,67,0.0,0.49937733499377335,0.19771410524845123,2409,591,237,0.4010152284263959
2376,0.24995969983386165,2390,C_lfv1_features_shuffled,tiny_mlp,242,0.02066115702479339,-0.0004504408861976117,9,0.015050167224080268,589,247,0.020242914979757085,0.034071121364831924,0.03347551450133324,598,2.719982147216797,2.4646809101104736,beta_bin=beta<0.8,beta_bin,298,0.0,0.48917568692756036,0.19696921110153198,2402,598,234,0.391304347826087
2376,0.2142933259565061,2390,C_lfv1_features_shuffled,tiny_mlp,250,0.028,-0.0004492665466386825,13,0.021207177814029365,600,234,0.03418803418803419,0.022028464823961258,0.02524906024336815,613,1.9006555080413818,1.5352710485458374,beta_bin=beta>=1.7,beta_bin,34,0.0,0.47214076246334313,0.1796499341726303,2387,613,257,0.4192495921696574
2376,0.44803333711484744,2390,C_lfv1_features_shuffled,tiny_mlp,317,0.00946372239747634,-0.000540077977348119,4,0.005333333333333333,746,263,0.0038022813688212928,0.028711818158626556,0.028596222400665283,750,2.489225149154663,2.2515974044799805,cr_strength_bin=midhigh_cr_q3,cr_strength_bin,0,0.0,0.43022222222222223,0.18772615492343903,2250,750,293,0.39066666666666666
2376,0.5694081498000756,2390,C_lfv1_features_shuffled,tiny_mlp,307,0.003257328990228013,-0.0005278844037093222,3,0.004,747,318,0.0031446540880503146,0.0347600132226944,0.03186531364917755,750,1.9645578861236572,1.6731661558151245,cr_strength_bin=midlow_cr_q2,cr_strength_bin,0,0.0,0.39111111111111113,0.17193397879600525,2250,750,270,0.36
2376,0.3447258894908505,2390,C_lfv1_features_shuffled,tiny_mlp,305,0.0,-0.0005587314954027534,0,0.0,750,193,0.0,0.010011297650635242,0.00889916718006134,750,3.972175121307373,3.802799701690674,cr_strength_bin=strong_cr_q4,cr_strength_bin,750,0.0,0.5293333333333333,0.21752335131168365,2250,750,346,0.4613333333333333
2376,0.21919925810426275,2390,C_lfv1_features_shuffled,tiny_mlp,277,0.021660649819494584,-0.0006248832796700299,11,0.014666666666666666,739,370,0.010810810810810811,0.026658128947019577,0.028797809034585953,750,1.5465086698532104,1.1278209686279297,cr_strength_bin=weak_cr_q1,cr_strength_bin,0,0.0,0.2906666666666667,0.13722547888755798,2250,750,287,0.38266666666666665
2384,0.09310025638403958,2398,D_feature_contrast_shuffled,ridge,582,0.2697594501718213,-5.170507211005315e-05,183,0.244,567,281,0.302491103202847,0.2057526856660843,0.2080458551645279,750,1.4010246992111206,1.1192467212677002,random_1,random,178,0.0056179775280898875,0.8146666666666667,0.6857607960700989,2250,750,194,0.25866666666666666
2384,0.04049428384364023,2398,D_feature_contrast_shuffled,ridge,587,0.3049403747870528,-4.746878767036833e-05,199,0.2653333333333333,551,292,0.339041095890411,0.20015576481819153,0.2148749828338623,750,1.4073830842971802,1.1086113452911377,random_2,random,195,0.015384615384615385,0.8244444444444444,0.6936648488044739,2250,750,197,0.26266666666666666
2384,0.10811510070131457,2398,D_feature_contrast_shuffled,ridge,590,0.2830508474576271,-5.3247666073730215e-05,178,0.23733333333333334,572,301,0.292358803986711,0.18447203934192657,0.18680496513843536,750,1.3951326608657837,1.0939799547195435,random_3,random,189,0.021164021164021163,0.8124444444444444,0.6890043020248413,2250,750,213,0.284
2384,0.008226414379003687,2398,D_feature_contrast_shuffled,ridge,398,0.2889447236180904,-5.632977990899235e-05,127,0.23475046210720887,414,224,0.29017857142857145,0.19819587469100952,0.1995014101266861,541,1.512168049812317,1.2456681728363037,airlight_bin=0.65<=A<0.75,airlight_bin,177,0.01694915254237288,0.8129320862139081,0.6749271750450134,2459,541,150,0.27726432532347506
2384,0.15552767290513195,2398,D_feature_contrast_shuffled,ridge,504,0.30158730158730157,-3.8796872104285285e-05,168,0.2596599690880989,479,208,0.3173076923076923,0.21074074506759644,0.20983591675758362,647,1.3668197393417358,1.0867937803268433,airlight_bin=0.75<=A<0.85,airlight_bin,157,0.025477707006369428,0.8100297492562686,0.6744797229766846,2353,647,152,0.23493044822256567
2384,0.1099310463864377,2398,D_feature_contrast_shuffled,ridge,554,0.2888086642599278,-3.99760901927948e-05,171,0.2667706708268331,470,240,0.3416666666666667,0.20748639106750488,0.20121023058891296,641,1.3280441761016846,1.011249303817749,airlight_bin=0.85<=A<0.95,airlight_bin,98,0.01020408163265306,0.8096651123357355,0.6800055503845215,2359,641,169,0.26365054602184085
2384,-0.001069171381392121,2398,D_feature_contrast_shuffled,ridge,573,0.16404886561954624,-9.623607184039429e-05,114,0.1345926800472255,733,338,0.1863905325443787,0.14042973518371582,0.14329271018505096,847,1.6117621660232544,1.3379766941070557,airlight_bin=A<0.65,airlight_bin,293,0.0,0.8388295401764979,0.7099248766899109,2153,847,265,0.31286894923258557
2384,0.15511888317358183,2398,D_feature_contrast_shuffled,ridge,282,0.3900709219858156,-1.7979458789341152e-05,115,0.3549382716049383,209,134,0.4701492537313433,0.2396639883518219,0.2484118640422821,324,1.1897627115249634,0.8426219820976257,airlight_bin=A>=0.95,airlight_bin,25,0.0,0.7952167414050823,0.6575698852539062,2676,324,67,0.20679012345679013
2384,0.08110819679777495,2398,D_feature_contrast_shuffled,ridge,448,0.265625,-4.872560384683311e-05,139,0.23013245033112584,465,213,0.323943661971831,0.20108558237552643,0.19503308832645416,604,1.4803410768508911,1.2202820777893066,beta_bin=0.8<=beta<1.1,beta_bin,205,0.00975609756097561,0.8180300500834724,0.681491494178772,2396,604,160,0.26490066225165565
2384,0.08940850031748535,2398,D_feature_contrast_shuffled,ridge,459,0.28540305010893247,-4.8295598389813676e-05,148,0.24915824915824916,446,230,0.30869565217391304,0.19958965480327606,0.2046549916267395,594,1.3773610591888428,1.0831304788589478,beta_bin=1.1<=beta<1.4,beta_bin,146,0.00684931506849315,0.8025768911055694,0.6720971465110779,2406,594,148,0.24915824915824916
2384,0.07476962336935852,2398,D_feature_contrast_shuffled,ridge,501,0.313373253493014,-3.391770587768406e-05,167,0.2825719120135364,424,220,0.35454545454545455,0.21517512202262878,0.2313554584980011,591,1.286615252494812,0.9711784720420837,beta_bin=1.4<=beta<1.7,beta_bin,67,0.014925373134328358,0.8003320880033209,0.6727450489997864,2409,591,157,0.2656514382402707
2384,0.10204247481825067,2398,D_feature_contrast_shuffled,ridge,378,0.2037037037037037,-7.444243965437636e-05,94,0.15719063545150502,504,247,0.20242914979757085,0.17887146770954132,0.17666305601596832,598,1.6930971145629883,1.4786072969436646,beta_bin=beta<0.8,beta_bin,298,0.013422818791946308,0.8218151540383014,0.685748279094696,2402,598,168,0.2809364548494983
2384,0.15496219350170248,2398,D_feature_contrast_shuffled,ridge,536,0.35261194029850745,-3.0828272429062054e-05,200,0.3262642740619902,413,234,0.3974358974358974,0.20465099811553955,0.2146521806716919,613,1.2169544696807861,0.8479103446006775,beta_bin=beta>=1.7,beta_bin,34,0.0,0.8165060745705907,0.6813329458236694,2387,613,158,0.25774877650897227
2384,-0.2037622179919476,2398,D_feature_contrast_shuffled,ridge,566,0.10600706713780919,-0.0001004200748866424,70,0.09333333333333334,680,263,0.10646387832699619,0.15134960412979126,0.15614208579063416,750,1.464536428451538,1.2198683023452759,cr_strength_bin=midhigh_cr_q3,cr_strength_bin,0,0.0,0.7813333333333333,0.6851557493209839,2250,750,230,0.30666666666666664
2384,-0.04579533241046591,2398,D_feature_contrast_shuffled,ridge,630,0.2698412698412698,-7.207281305454671e-05,186,0.248,564,318,0.2610062893081761,0.2045341432094574,0.20687958598136902,750,1.2073957920074463,0.9036450386047363,cr_strength_bin=midlow_cr_q2,cr_strength_bin,0,0.0,0.7635555555555555,0.6648937463760376,2250,750,182,0.24266666666666667
2384,-0.25627355494905474,2398,D_feature_contrast_shuffled,ridge,495,0.00404040404040404,-0.00013098970521241426,4,0.005333333333333333,746,193,0.0,0.09490075707435608,0.09104827046394348,750,2.382258176803589,2.231152057647705,cr_strength_bin=strong_cr_q4,cr_strength_bin,750,0.005333333333333333,0.9115555555555556,0.732124388217926,2250,750,266,0.3546666666666667
2384,0.08250740666190869,2398,D_feature_contrast_shuffled,ridge,739,0.557510148849797,2.014624624280259e-05,418,0.5573333333333333,332,370,0.5648648648648649,0.23616622388362885,0.2606491446495056,750,0.9880890250205994,0.41617056727409363,cr_strength_bin=weak_cr_q1,cr_strength_bin,0,0.0,0.9017777777777778,0.7213995456695557,2250,750,167,0.22266666666666668
2384,0.627892109810634,2398,D_feature_contrast_shuffled,tiny_mlp,324,0.0030864197530864196,-0.0008813606691546738,2,0.0026666666666666666,748,281,0.0035587188612099642,0.027523333206772804,0.026417674496769905,750,2.901643991470337,2.66239070892334,random_1,random,178,0.0,0.3933333333333333,0.187822625041008,2250,750,292,0.3893333333333333
2384,0.5218779079784246,2398,D_feature_contrast_shuffled,tiny_mlp,315,0.015873015873015872,-0.0007306979387067258,6,0.008,744,292,0.010273972602739725,0.02852632664144039,0.02649080380797386,750,2.7828779220581055,2.5294713973999023,random_2,random,195,0.0,0.48577777777777775,0.19955827295780182,2250,750,287,0.38266666666666665
2384,0.7477258115844505,2398,D_feature_contrast_shuffled,tiny_mlp,316,0.006329113924050633,-0.0008463578415103257,4,0.005333333333333333,746,301,0.009966777408637873,0.029588449746370316,0.02949194237589836,750,2.85996675491333,2.6128649711608887,random_3,random,189,0.0,0.48977777777777776,0.1982378512620926,2250,750,293,0.39066666666666666
2384,0.4225951914093774,2398,D_feature_contrast_shuffled,tiny_mlp,237,0.02531645569620253,-0.0006219021743163466,7,0.012939001848428836,534,224,0.017857142857142856,0.04737953469157219,0.043467652052640915,541,2.871849536895752,2.6374969482421875,airlight_bin=0.65<=A<0.75,airlight_bin,177,0.0,0.5091500610004067,0.20092755556106567,2459,541,195,0.36044362292051757
2384,0.5376802222196256,2398,D_feature_contrast_shuffled,tiny_mlp,294,0.003401360544217687,-0.0006974361022002995,2,0.0030911901081916537,645,208,0.009615384615384616,0.03342609852552414,0.02994171716272831,647,2.739452600479126,2.4895451068878174,airlight_bin=0.75<=A<0.85,airlight_bin,157,0.0,0.49851253718657035,0.2045302540063858,2353,647,245,0.3786707882534776
2384,0.4303032865273384,2398,D_feature_contrast_shuffled,tiny_mlp,284,0.02112676056338028,-0.0006920986343175173,6,0.0093603744149766,635,240,0.025,0.028601523488759995,0.0261834766715765,641,2.468681573867798,2.183905601501465,airlight_bin=0.85<=A<0.95,airlight_bin,98,0.0,0.5082662144976685,0.1971900463104248,2359,641,242,0.37753510140405616
2384,0.19596895017094815,2398,D_feature_contrast_shuffled,tiny_mlp,360,0.0,-0.0009922963799908757,0,0.0,847,338,0.0,-0.0007727122283540666,0.00016514687740709633,847,3.3981034755706787,3.16438364982605,airlight_bin=A<0.65,airlight_bin,293,0.0,0.47747329307942404,0.21264438331127167,2153,847,423,0.49940968122786306
2384,0.7613025817601964,2398,D_feature_contrast_shuffled,tiny_mlp,163,0.006134969325153374,-0.0005314307636581361,3,0.009259259259259259,321,134,0.007462686567164179,0.043061546981334686,0.036137454211711884,324,1.9459997415542603,1.6035016775131226,airlight_bin=A>=0.95,airlight_bin,25,0.0,0.4943946188340807,0.20759065449237823,2676,324,121,0.3734567901234568
2384,0.35382731096673986,2398,D_feature_contrast_shuffled,tiny_mlp,240,0.029166666666666667,-0.0005977663095109165,9,0.014900662251655629,595,213,0.018779342723004695,0.022890450432896614,0.019090723246335983,604,2.7645204067230225,2.5013175010681152,beta_bin=0.8<=beta<1.1,beta_bin,205,0.0,0.513355592654424,0.1995386779308319,2396,604,249,0.41225165562913907
2384,0.3415363077028213,2398,D_feature_contrast_shuffled,tiny_mlp,264,0.011363636363636364,-0.0007063145167194307,6,0.010101010101010102,588,230,0.013043478260869565,0.03489802032709122,0.031094074249267578,594,2.7197742462158203,2.4639177322387695,beta_bin=1.1<=beta<1.4,beta_bin,146,0.0,0.4796342477140482,0.20410671830177307,2406,594,219,0.3686868686868687
2384,0.5410604831620827,2398,D_feature_contrast_shuffled,tiny_mlp,272,0.014705882352941176,-0.0006419385899789631,5,0.008460236886632826,586,220,0.022727272727272728,0.035880621522665024,0.025141563266515732,591,2.459857702255249,2.1856765747070312,beta_bin=1.4<=beta<1.7,beta_bin,67,0.0,0.4852635948526359,0.20759354531764984,2409,591,222,0.3756345177664975
2384,0.3738703085238308,2398,D_feature_contrast_shuffled,tiny_mlp,208,0.009615384615384616,-0.0006580647896043956,3,0.005016722408026756,595,247,0.008097165991902834,0.04140793904662132,0.04146800935268402,598,3.251188039779663,3.042921304702759,beta_bin=beta<0.8,beta_bin,298,0.0,0.4912572855953372,0.20342934131622314,2402,598,201,0.33612040133779264
2384,0.5598441510465124,2398,D_feature_contrast_shuffled,tiny_mlp,281,0.03202846975088968,-0.00088523916201666,10,0.01631321370309951,603,234,0.021367521367521368,0.02079072780907154,0.016997484490275383,613,2.3779942989349365,2.0793778896331787,beta_bin=beta>=1.7,beta_bin,34,0.0,0.4511939673229996,0.18047456443309784,2387,613,266,0.433931484502447
2384,0.41864559614318003,2398,D_feature_contrast_shuffled,tiny_mlp,352,0.0,-0.0008389254217036068,0,0.0,750,263,0.0,0.01950160227715969,0.015962209552526474,750,2.967270851135254,2.7589046955108643,cr_strength_bin=midhigh_cr_q3,cr_strength_bin,0,0.0,0.44355555555555554,0.21351087093353271,2250,750,333,0.444
2384,0.47735519663716597,2398,D_feature_contrast_shuffled,tiny_mlp,322,0.0,-0.0009582292987033725,1,0.0013333333333333333,749,318,0.0031446540880503146,0.029689306393265724,0.027384288609027863,750,2.4291958808898926,2.1802632808685303,cr_strength_bin=midlow_cr_q2,cr_strength_bin,0,0.0,0.41155555555555556,0.1905059963464737,2250,750,301,0.4013333333333333
2384,0.8303721786970033,2398,D_feature_contrast_shuffled,tiny_mlp,318,0.0,-0.0008668266818858683,0,0.0,750,193,0.0,0.021723240613937378,0.023869430646300316,750,4.870244026184082,4.7423319816589355,cr_strength_bin=strong_cr_q4,cr_strength_bin,750,0.0,0.5471111111111111,0.22765345871448517,2250,750,304,0.4053333333333333
2384,0.7738359303410779,2398,D_feature_contrast_shuffled,tiny_mlp,332,0.0030120481927710845,-0.0008885240531526506,2,0.0026666666666666666,748,370,0.002702702702702703,0.019631385803222656,0.021836325526237488,750,1.7075377702713013,1.3288352489471436,cr_strength_bin=weak_cr_q1,cr_strength_bin,0,0.0,0.20933333333333334,0.13601739704608917,2250,750,307,0.4093333333333333
