confidence_corr_mean,confidence_corr_std,feature_set,head,intervention_precision_mean,intervention_precision_std,lf_mse_gain_mean_mean,lf_mse_gain_mean_std,lf_mse_improved_rate_mean,lf_mse_improved_rate_std,lfv1_gain_preservation_recall_mean,lfv1_gain_preservation_recall_std,mean_residual_cosine_mean,mean_residual_cosine_std,median_residual_cosine_mean,median_residual_cosine_std,passes_heldout_line,passes_random_line,residual_cosine_gap_vs_output,residual_cosine_gap_vs_shuffled,residual_error_ratio_mean_mean,residual_error_ratio_mean_std,residual_norm_ratio_mean_mean,residual_norm_ratio_mean_std,split_family,splits,strong_cr_preservation_recall_mean,strong_cr_preservation_recall_std,wrong_direction_rate_mean,wrong_direction_rate_std
0.37098445941693164,0.15896868748745632,A_output,ridge,0.5823501948308707,0.08021246227806908,2.8374728753988165e-05,1.560447854729596e-05,0.5408411157032876,0.08267632515448814,0.6237142583784375,0.08390840496652914,0.31060567796230315,0.051404853511206085,0.33559988141059877,0.052722978634830095,False,False,0.0,0.0,1.0301146984100342,0.053207488445578655,0.6075667262077331,0.05560698090464022,airlight_bin,5,0.20014013593561483,0.08544650334297108,0.17241482192194502,0.04851878908303915
0.44507648658924187,0.06612276693407311,A_output,ridge,0.6067364244155604,0.02852266173973392,3.0830018476990515e-05,9.555648708616288e-06,0.5525716060675216,0.04986819593039765,0.6256398751780194,0.04914128163559832,0.32368842959403993,0.009238436464829051,0.3462360084056854,0.013960095423326881,False,False,0.0,0.0,1.020478892326355,0.04608814886342483,0.6015900731086731,0.0940959756387063,beta_bin,5,0.20688497298259775,0.07764371587525416,0.16204258965192483,0.010383475126143824
0.04456611101163055,0.19420701565911933,A_output,ridge,0.5251285441008439,0.22954221107682327,1.000966904030065e-05,3.3147833319797924e-05,0.511,0.238145380434352,0.5390601781730486,0.223728364148603,0.279117863625288,0.07987983268042044,0.29670504480600357,0.09627939766061043,False,False,0.0,0.0,1.1000908315181732,0.2100558981580385,0.6533805690705776,0.3372818247999673,cr_strength_bin,4,0.042333333333333334,0.07332348418708247,0.18233333333333332,0.06294530253411379
0.4530308989383886,0.01670157131614952,A_output,ridge,0.6284745158580507,0.009414783060423074,3.143527707531272e-05,3.3089828758092725e-06,0.5737777777777777,0.016486432880881256,0.6484548139771883,0.03808730063220445,0.3270638883113861,0.009322690190857847,0.3501344521840413,0.01382758649763467,False,False,0.0,0.0,1.0098570585250854,0.002065374074698876,0.5836702585220337,0.003268765651100822,random,3,0.27075907862424714,0.01441595957711921,0.15377777777777776,0.002266230894930126
0.26430548113000485,0.08123611729989767,A_output,tiny_mlp,0.2792688984146424,0.10613727626712709,-7.854891591705382e-05,4.284625346977975e-05,0.13321253587837328,0.058888463428589,0.17815694351572656,0.07090949705608429,0.07453466355800628,0.02927514687971539,0.07059909459203481,0.032727473260072644,False,False,0.0,0.0,1.3475327730178832,0.15660260910943807,0.8585027694702149,0.19759396634517262,airlight_bin,5,0.025775688246521784,0.030286867779570837,0.29926807272085637,0.09302967473057065
0.4077907470262989,0.10434397965490312,A_output,tiny_mlp,0.29469798524151697,0.053736400002042155,-7.371374158537947e-05,2.3209411627901958e-05,0.12032829969798753,0.025798285277023318,0.1596976298233268,0.033981688490084046,0.07782042473554611,0.005745103502686741,0.07177832424640655,0.004501444601691659,False,False,0.0,0.0,1.370135450363159,0.154440127019503,0.8965959548950195,0.20476844730711066,beta_bin,5,0.013739911809314057,0.010708189824155294,0.281428600402695,0.021805775715224466
0.27828871164062496,0.2217487882805425,A_output,tiny_mlp,0.0984489289446186,0.0784642769138469,-0.00013085299906379078,2.685186207655387e-05,0.05266666666666667,0.04559239702698978,0.06487551293312108,0.0589360317714547,0.055925196036696434,0.019056713095398834,0.054060681723058224,0.01982815143593042,False,False,0.0,0.0,1.5816119611263275,0.48590970689650725,1.1582764983177185,0.6034355482385209,cr_strength_bin,4,0.001,0.0017320508075688774,0.32966666666666666,0.06522695421032286
0.44116203514444313,0.026162504088596272,A_output,tiny_mlp,0.22477253928866833,0.023433115902908298,-9.423180260152246e-05,7.998963211948438e-06,0.06888888888888889,0.014820739556029392,0.10814164304633762,0.024588775048680882,0.06366894766688347,0.002349230668502594,0.06020559991399447,0.0017107567126833248,False,False,0.0,0.0,1.4653853178024292,0.028094813639775083,1.0278346141179402,0.0427621106313716,random,3,0.0036363276063650593,0.0025747344920160225,0.29777777777777775,0.0225837262505111
0.4321747873469969,0.25213880796800686,B_cr_features,ridge,0.6683878250886293,0.13416875427129205,6.415241587092169e-05,4.40683958571588e-05,0.620292038928606,0.12911660237368708,0.721031560288162,0.13552274916326257,0.5681977927684784,0.07740669473447225,0.6179628312587738,0.08718969778472258,False,False,0.2575921148061752,0.36249573230743404,0.9809349417686463,0.1557465230868557,1.0510244011878966,0.13655604209973438,airlight_bin,5,0.26642463129244887,0.13292876212793311,0.04872914304222618,0.029873033969006497
0.5470365839590796,0.0674892012861571,B_cr_features,ridge,0.7015185564743188,0.13102859281449392,7.115682860785455e-05,3.751397547641627e-05,0.6564868222695524,0.13796713419017156,0.7352985417693575,0.13579622393512158,0.5988798975944519,0.045755938833259756,0.6514863848686219,0.05042316611689547,False,False,0.275191468000412,0.39016664028167725,0.9482562303543091,0.1907499803556754,1.0466747045516969,0.24412672971305824,beta_bin,5,0.3706418156202704,0.12744173728029462,0.03419356053488258,0.01564882458779318
-0.08570594373250526,0.18302074325762624,B_cr_features,ridge,0.578479603913237,0.2283074621434938,1.0663980674507911e-05,8.047209275474086e-05,0.5606666666666666,0.24041538127905954,0.5821064451719783,0.2332093621199176,0.5003406628966331,0.0852584391775495,0.5473231077194214,0.09982572332079405,False,False,0.22122279927134514,0.33006403781473637,1.2129621803760529,0.5395987600225075,1.2071306854486465,0.6215842886843164,cr_strength_bin,4,0.042666666666666665,0.07390083445627209,0.07666666666666666,0.03017725412735007
0.5371057693743096,0.0779203547466917,B_cr_features,ridge,0.7478971953752328,0.015763008030643427,8.110481091231729e-05,2.180457307742894e-06,0.6933333333333334,0.011365966091150582,0.7738618904609501,0.01486085023877992,0.6175599892934164,0.008272671790237504,0.689038356145223,0.0073548512577033525,False,False,0.29049610098203027,0.41243831316630053,0.8801525632540385,0.015455458540358876,0.9900909463564554,0.011628935370908092,random,3,0.4080924485418867,0.033241113501127774,0.030222222222222223,0.011942247860039468
0.36941854807193714,0.15845404526424994,B_cr_features,tiny_mlp,0.0455712423562495,0.02528169274855353,-0.0006018585409037769,0.0002880092984259904,0.03185736268749721,0.01844872001100451,0.03707130030321764,0.02051328896835054,0.06289747208356858,0.021261147096354134,0.055527302995324136,0.020532343635267153,False,False,-0.011637191474437703,0.02419453971087933,2.349212622642517,0.5783228949922479,2.0623446226119997,0.6266094726622413,airlight_bin,5,0.006923602864442766,0.010944139196450034,0.29989437981549594,0.0638870326443462
0.4160690317434777,0.26417833552033826,B_cr_features,tiny_mlp,0.04937993627662111,0.029634100946995538,-0.0005671739287208766,0.00024776654674619006,0.036853221073199605,0.024361254630900633,0.05000249500716836,0.04830442688245045,0.06398711204528809,0.01852285749857076,0.05660639926791191,0.014754451451683864,False,False,-0.013833312690258018,0.03178098723292351,2.259971809387207,0.6003712484291275,1.9679879188537597,0.6510233331453157,beta_bin,5,0.0079529078484543,0.005980888847652065,0.30703169283623566,0.039795293599854724
0.2964534229641336,0.02716167853985979,B_cr_features,tiny_mlp,0.013532911225771846,0.004611824358986972,-0.0009924369369400665,0.00042538104519141367,0.009666666666666669,0.006280481227138924,0.009431312365525723,0.007942383098291768,0.049654824659228325,0.013786644087263747,0.04605573322623968,0.012738677841594168,False,False,-0.006270371377468109,0.02269015135243535,2.9480252265930176,1.2716287681254728,2.716374844312668,1.3307928209781854,cr_strength_bin,4,0.001,0.0017320508075688774,0.323,0.034414144378922644
0.4040408612766875,0.10679444444765714,B_cr_features,tiny_mlp,0.07664728014669461,0.015745467321036734,-0.00045218441907006007,2.2998842960252852e-05,0.052888888888888895,0.010115383712658703,0.07368812495482026,0.021757437767491342,0.0728720873594284,0.007349961893052382,0.06409645328919093,0.006281468865719395,False,False,0.009203139692544937,0.037908645967642464,2.1078763802846274,0.0913645848387045,1.8004813591639202,0.09355161298462333,random,3,0.01085471609816179,0.004790890475153925,0.2826666666666667,0.021025557640026428
0.10143144277093571,0.08764189113198893,B_cr_features_shuffled,ridge,0.2979363195035788,0.0607460589221054,-3.908609396603424e-05,2.2888066022196846e-05,0.263421341724983,0.06328940245253932,0.33064122014609965,0.08677753624895257,0.2057020604610443,0.04027277302808629,0.21391409933567046,0.043808358807588536,False,False,-0.10490361750125884,0.0,1.349543809890747,0.13236904131618885,1.042802917957306,0.15102920631928893,airlight_bin,5,0.013196958934963471,0.008043843018994992,0.2608375667356302,0.04693551190596849
0.10779704106932653,0.06804005066665038,B_cr_features_shuffled,ridge,0.310234400924441,0.04119305041792501,-3.6993409594288096e-05,1.3650869676254903e-05,0.27444840616711497,0.05342877115449259,0.35326153357319756,0.04587056675641042,0.20871325731277465,0.006369070812751872,0.21529243588447572,0.009937868183774725,False,False,-0.11497517228126528,0.0,1.3629312992095948,0.14257790128040607,1.062915325164795,0.19831615203648617,beta_bin,5,0.022001246422292436,0.011223302599513029,0.25665273509326375,0.006932371309810735
-0.08337326204346383,0.0892187718213563,B_cr_features_shuffled,ridge,0.25589443793242816,0.21367769218982127,-6.086209941713605e-05,5.1248466069642835e-05,0.24766666666666667,0.21468607572712095,0.2783015411971816,0.2145324700342305,0.17027662508189678,0.05560922112128175,0.18130654469132423,0.06295437072114071,False,False,-0.10884123854339123,0.0,1.4640776813030243,0.4989800577500768,1.1275059953331947,0.6319142953372198,cr_strength_bin,4,0.003,0.005196152422706633,0.2886666666666667,0.057984672304172084
0.11286557603978786,0.03456501640822142,B_cr_features_shuffled,ridge,0.2893528789755205,0.011832575065348166,-4.343608573738796e-05,4.83880313237954e-06,0.25599999999999995,0.01072207829494651,0.32771258309629325,0.01837236323768903,0.20512167612711588,0.004028684579568925,0.20363596081733704,0.0016867159281713428,False,False,-0.12194221218427023,0.0,1.3681214650472004,0.009801959500347521,1.0712424914042156,0.01014110953892975,random,3,0.0157106730140438,0.008175181153390606,0.24755555555555553,0.005028314888437667
0.5335890929885481,0.19598065703711706,B_cr_features_shuffled,tiny_mlp,0.01752515730829081,0.010098287725198371,-0.0005063135526143014,0.0001131595895574695,0.011845264125163556,0.005967485507355711,0.020289891413599794,0.010146457689595982,0.03870293237268925,0.016027642867912494,0.038669633120298384,0.0130791197109482,False,False,-0.03583173118531703,0.0,2.3569258213043214,0.3937647895562071,2.063234043121338,0.4262482618074841,airlight_bin,5,0.0006825938566552901,0.0013651877133105802,0.35501846694288136,0.04435077665367995
0.2557539505645217,0.12829817668510327,B_cr_features_shuffled,tiny_mlp,0.020524195214245634,0.013535939639290555,-0.0004688827553763986,4.781645776942146e-05,0.015553229943959569,0.009039168915332544,0.01923771207717448,0.008868281365707326,0.03220612481236458,0.005905066572136071,0.030137740075588226,0.004646568165723658,False,False,-0.04561429992318153,0.0,2.335809278488159,0.2960136712966139,2.035000467300415,0.3271603862329011,beta_bin,5,0.006857962697274031,0.011434063155615284,0.38356378453726026,0.015954410091940156
0.35981828068904054,0.11244058294822594,B_cr_features_shuffled,tiny_mlp,0.005537310257844151,0.004945486533110341,-0.0005960770940873772,2.2454300070899903e-05,0.004999999999999999,0.0033166247903554,0.003653273044908026,0.004414333421713385,0.026964673306792974,0.0041960479525992595,0.024691123515367508,0.004897612808215719,False,False,-0.02896052272990346,0.0,2.610986649990082,1.0124313234292668,2.3403696417808533,1.0958709119624448,cr_strength_bin,4,0.0006666666666666666,0.0011547005383792514,0.39099999999999996,0.017240134054647666
0.3387677410959138,0.17444500443713706,B_cr_features_shuffled,tiny_mlp,0.014873916727959258,0.006815600137342285,-0.0005759164147699872,2.549323773198026e-05,0.012888888888888889,0.004121608220220313,0.02076891088000322,0.006199469943837359,0.03496344139178594,0.002014294518100326,0.028596078356107075,0.0006457788934124735,False,False,-0.028705506275097527,0.0,2.512441953023275,0.05302315497863585,2.2370007832845054,0.05523018980037693,random,3,0.0018726591760299626,0.002648340004443998,0.37200000000000005,0.010385174618264837
0.4632956851682417,0.1921179451386171,C_lfv1_features,ridge,0.7008712645405238,0.13313685395153133,7.553932982773404e-05,4.1381388036176896e-05,0.6589274084880232,0.13456345115118631,0.7684586944819436,0.1497789570838429,0.5888929843902588,0.07526505997960664,0.6395084321498871,0.08376159839983403,False,False,0.2782873064279557,0.38362141549587253,0.958504569530487,0.1497414655720049,1.0455527782440186,0.13292817967315382,airlight_bin,5,0.29234238554055864,0.1263738238999979,0.03871207682303477,0.023350065126585353
0.6115211255279958,0.0720819741940672,C_lfv1_features,ridge,0.7433113228724236,0.1290592542361029,8.341155389643973e-05,3.737714681540814e-05,0.6908491946262568,0.14186068992654335,0.7828319280480303,0.1469338387942164,0.6265366196632385,0.04783993899155284,0.6746368408203125,0.04762990287318063,False,False,0.30284819006919855,0.42002000212669366,0.9115963220596314,0.17140658114511478,1.0393020391464234,0.22208392521211506,beta_bin,5,0.36469813423095593,0.13402990101738152,0.021583210383004554,0.00961208819446868
-0.0057939156350260285,0.1714496307409341,C_lfv1_features,ridge,0.6047056937224234,0.2453152503112917,2.572929827238113e-05,8.480279391458356e-05,0.5866666666666667,0.25375578811132565,0.6286625563132342,0.25564334317546356,0.5288694873452187,0.09098486619898855,0.5844864845275879,0.10153631123439623,False,False,0.24975162371993065,0.3592850100249052,1.1685205101966858,0.5239112170523998,1.1882668733596802,0.5992392172310809,cr_strength_bin,4,0.043333333333333335,0.07505553499465135,0.06266666666666666,0.033665016461206926
0.5859408504919575,0.034079745367838726,C_lfv1_features,ridge,0.7773284434989116,0.013501730454364199,9.195583455342178e-05,1.0357684107726106e-06,0.7266666666666666,0.016110727964792775,0.831027095207269,0.016705269962908255,0.6410881876945496,0.009275468262898929,0.7054752310117086,0.0015792912219565539,False,False,0.31402429938316345,0.43764750162760413,0.8587105671564738,0.015110507256686556,0.9971070885658264,0.01375390542078376,random,3,0.4136009780204537,0.045954466600102946,0.02622222222222222,0.011942247860039468
0.37415108318932533,0.1767894496247497,C_lfv1_features,tiny_mlp,0.06593403514248455,0.03573181352279762,-0.0005910447391215712,0.0003200097236850266,0.044215360556281516,0.022993878941683227,0.06001031402581346,0.029424113971621365,0.07211837023496628,0.024240545619777648,0.0636717651039362,0.024232852582172882,False,False,-0.0024162933230399974,0.03683495894074441,2.294454336166382,0.6183275182258406,2.0062164545059202,0.6641240946127899,airlight_bin,5,0.009183489870092484,0.015381373525496227,0.2795413943996639,0.06992606559267682
0.4369668068590228,0.2662550416571645,C_lfv1_features,tiny_mlp,0.04244790650091145,0.019483110174369763,-0.0005441616463940591,0.0002186120110724968,0.036819936436266146,0.021864239601624497,0.05668731014010932,0.035661489876693174,0.06642622575163841,0.016129557427679183,0.06281375214457512,0.015538485119217746,False,False,-0.0113941989839077,0.03594978153705597,2.2543331146240235,0.6023657943053582,1.966491460800171,0.6650707255373286,beta_bin,5,0.004936294139060793,0.006262798155482504,0.28845203046044726,0.024087678858250278
0.220484281995611,0.1635352969127326,C_lfv1_features,tiny_mlp,0.012105421152653758,0.006174011149411553,-0.0010207317536696792,0.0004415438514770725,0.009333333333333334,0.00679869268479038,0.00970620703205537,0.008170775630418407,0.05020643025636673,0.014350269314378643,0.04764039069414139,0.013605319928500134,False,False,-0.005718765780329704,0.025171115761622787,3.088289499282837,1.6133227743187486,2.8555930256843567,1.6776733123636953,cr_strength_bin,4,0.0003333333333333333,0.0005773502691896257,0.313,0.045209389388587075
0.39873907881304804,0.04488761193839117,C_lfv1_features,tiny_mlp,0.08170926449979236,0.022425536033799022,-0.0004235617331384371,3.61080534724507e-05,0.06222222222222223,0.00886663881922667,0.0804667045542089,0.01351205095201515,0.07579673578341801,0.005573176935256961,0.06879561146100362,0.005788841162278737,False,False,0.012127788116534546,0.04457867393891016,2.0604843695958457,0.07950558074884184,1.749580939610799,0.0849712691701485,random,3,0.01278164199512514,0.00943094658961198,0.2813333333333334,0.009490736224027827
0.09892941703202826,0.0989096961218186,C_lfv1_features_shuffled,ridge,0.30609642042487906,0.07100105775486198,-3.670964542834554e-05,2.1597045776431098e-05,0.2734479924280322,0.06912939346443571,0.3452655467379922,0.08307004244040127,0.2052715688943863,0.04138160080908955,0.2112557977437973,0.04946378411074457,False,False,-0.10533410906791685,0.0,1.3451359272003174,0.13242857113061496,1.0358062386512756,0.14446420269806295,airlight_bin,5,0.014439146650226598,0.013084733153041296,0.26074815220774483,0.0444267709025618
0.10998896393483115,0.07152714412735857,C_lfv1_features_shuffled,ridge,0.3194441468713799,0.04359802348848915,-3.5483298415783795e-05,1.5554744235509273e-05,0.2796383466201658,0.05470434378324779,0.3580738750010674,0.06796562980055407,0.2065166175365448,0.013011348986499891,0.215371772646904,0.01370143242560191,False,False,-0.11717181205749513,0.0,1.3542457580566407,0.1460152820576269,1.0485095500946044,0.19446513492558737,beta_bin,5,0.022481326172970495,0.017569423639402535,0.259510191750499,0.013640764905115978
-0.11506360306854606,0.1402667256424083,C_lfv1_features_shuffled,ridge,0.24812000117093166,0.2052280842505487,-6.0683611991407815e-05,5.0205317454541405e-05,0.24333333333333335,0.20480559888180142,0.2656876085747237,0.2104273496656206,0.16958447732031345,0.05044715847430933,0.18115388602018356,0.05395475445929104,False,False,-0.10953338630497456,0.0,1.4571213275194168,0.48540537647134957,1.1219473108649254,0.6197172480939679,cr_strength_bin,4,0.002,0.0034641016151377548,0.295,0.04388241865105737
0.08077213900232345,0.020469953233935315,C_lfv1_features_shuffled,ridge,0.30396235027867535,0.009275230675273879,-4.182878061934995e-05,2.667349996608698e-06,0.2662222222222222,0.005586580039989584,0.3551049036294354,0.018576442980603094,0.2034406860669454,0.005540879073306428,0.20614531139532724,0.008545910959822208,False,False,-0.1236232022444407,0.0,1.3564302921295166,0.014643265899676421,1.0551693042119343,0.011130808587371253,random,3,0.01769232293576863,0.0061763342646495144,0.2617777777777777,0.004399775527382958
0.44734158820455566,0.2484144781151541,C_lfv1_features_shuffled,tiny_mlp,0.031352134664637855,0.017721462165303802,-0.00047004895750433204,9.332965408419468e-05,0.020965217470634043,0.0095671879514352,0.014008250169271982,0.009111385674914492,0.03528341129422188,0.016575096806981205,0.0325594574213028,0.01263106875272603,False,False,-0.039251252263784404,0.0,2.2650760412216187,0.36085794028759804,1.9568330287933349,0.39324693608810757,airlight_bin,5,0.0019564792069737616,0.002572115939684117,0.372347409924355,0.0508633994137708
0.47092014781410035,0.2979349015479717,C_lfv1_features_shuffled,tiny_mlp,0.01995953615478636,0.007841268245467681,-0.00047846463276073336,4.1574548573020206e-05,0.014609520788640728,0.0050273357565658126,0.020956519585455673,0.008245588562372773,0.030476444214582444,0.0059970230353231365,0.029717520624399186,0.005059984478872728,False,False,-0.04734398052096367,0.0,2.2939117908477784,0.2666247752594259,1.989671778678894,0.301861633656504,beta_bin,5,0.0,0.0,0.3905991147511661,0.019912637655305147
0.3953416586275091,0.1290965314002757,C_lfv1_features_shuffled,tiny_mlp,0.008595425301799735,0.008273914428711625,-0.0005628942890325561,3.74374143080305e-05,0.006,0.0053748384988656995,0.004439436566920605,0.003949222556449364,0.025035314494743943,0.009171164776331849,0.024539628066122532,0.009122468809831835,False,False,-0.03088988154195249,0.0,2.493116706609726,0.9169337680924659,2.213846057653427,0.9997479804094606,cr_strength_bin,4,0.0,0.0,0.39866666666666667,0.037888725969020855
0.5256106371014733,0.0536305807262362,C_lfv1_features_shuffled,tiny_mlp,0.014168615504986437,0.007819858014809269,-0.0005798097893906137,3.4721992307093207e-05,0.008888888888888889,0.0038232556742411675,0.011323681025764447,0.005709427787310103,0.031218061844507854,0.003449717246595273,0.029174746324618656,0.0014263481245876362,False,False,-0.03245088582237561,0.0,2.4954703648885093,0.045954144455981255,2.2173593839009604,0.04599583700962408,random,3,0.0,0.0,0.3728888888888889,0.005144816401240108
0.4639379637622346,0.22901978437440762,D_feature_contrast,ridge,0.7012994851325522,0.1340969412111604,7.527756142735597e-05,4.254785502441237e-05,0.6585464496182605,0.13118298604224665,0.7616007767586412,0.14437769846905962,0.6014608979225159,0.07185749825823598,0.6468277692794799,0.07977054401567851,False,False,0.29085521996021274,0.4021575510501862,0.9493756175041199,0.15365703075004775,1.0654776215553283,0.1392098879797043,airlight_bin,5,0.29308392754900614,0.18007932204259258,0.027601809958698743,0.0196559400836734
0.579165154808724,0.07482216733211725,D_feature_contrast,ridge,0.717421783239774,0.12566907397726643,7.606085682709818e-05,3.756477128921793e-05,0.6693589880440003,0.14536810196109184,0.7649061652671412,0.14365694524140382,0.6282355546951294,0.049788165723417495,0.6825571537017823,0.05738960078705072,False,False,0.30454712510108944,0.42836098968982694,0.9247908234596253,0.18064984669002704,1.0776682496070862,0.2264186480960366,beta_bin,5,0.36328697123586146,0.1574485824217154,0.02487789163262893,0.010962480110378908
-0.05868465344929416,0.21348717424727426,D_feature_contrast,ridge,0.6014473260750843,0.24302430774166717,1.6901846606742765e-05,8.380016849973296e-05,0.582,0.2519197403054305,0.6223641364106463,0.26079808225784074,0.5315840244293213,0.08538233468912944,0.5911125689744949,0.09469316698538649,False,False,0.2524661608040333,0.3598463423550129,1.187894195318222,0.5420783760144795,1.2309256196022034,0.6165143693444635,cr_strength_bin,4,0.043,0.07447818472546172,0.06733333333333334,0.02965730189271363
0.5603588263117628,0.05018613624317407,D_feature_contrast,ridge,0.7701945587492722,0.01563522784472274,9.12444787293983e-05,2.609426734382576e-06,0.7284444444444444,0.01867724567951173,0.8321003821199953,0.017363590057745102,0.6487882335980734,0.006137014644748915,0.7188486655553182,0.008825870464809326,False,False,0.32172434528668725,0.45199473698933923,0.8493257959683737,0.0069236133631946925,1.0131630897521973,0.006119247305599098,random,3,0.4473300315996945,0.05036770229624766,0.022222222222222223,0.0022662308949301263
0.3675171141064662,0.14579073635536158,D_feature_contrast,tiny_mlp,0.03989770005174668,0.0210045590912929,-0.0008478723233565688,0.0003779379494867374,0.027476047759912903,0.011083916933908875,0.03807913622925104,0.015131469865476472,0.0660064285621047,0.03271786019160526,0.05981852281838655,0.0298556040022034,False,False,-0.008528234995901579,0.035667230270337316,2.633317708969116,0.646101499810999,2.3917116641998293,0.6696838277867498,airlight_bin,5,0.0029424808623050077,0.004382570550739454,0.302914020389445,0.09797239930108798
0.35086723999753455,0.16413391079857842,D_feature_contrast,tiny_mlp,0.03077360945634462,0.017136192497389846,-0.0008302873815409839,0.0004236200147825846,0.02107245869048805,0.011954878515378681,0.02954577747145511,0.016437734983259334,0.06817828714847565,0.014059116176402644,0.06317128837108613,0.01302809449640672,False,False,-0.009642137587070457,0.03700473532080651,2.604347252845764,0.75289003286263,2.367002820968628,0.8138562391845788,beta_bin,5,0.001951219512195122,0.003902439024390243,0.2632995499440021,0.044309474249293566
0.32879863534349385,0.0921804596248716,D_feature_contrast,tiny_mlp,0.005530662495444265,0.003909046780830456,-0.0013903708168072626,0.0005468323541609823,0.005333333333333333,0.0024944382578492943,0.003309060908243059,0.003861911807358501,0.047368344850838184,0.013459375732040374,0.04318586131557822,0.012990313798072348,False,False,-0.00855685118585825,0.024731961078941822,3.493306279182434,1.6794158927244445,3.2994879484176636,1.734939007465828,cr_strength_bin,4,0.0013333333333333333,0.0023094010767585028,0.32166666666666666,0.03649505293719807
0.4943068739296212,0.16767661963889274,D_feature_contrast,tiny_mlp,0.0468713354732244,0.008433771663203807,-0.000642608191507558,1.9082888862303495e-05,0.036,0.007138834846315116,0.05394781387855548,0.014446514633008976,0.06800549725691478,0.004515378102844533,0.06318407754103343,0.002962372308961033,False,False,0.004336549590031311,0.03945946072538695,2.408974568049113,0.09373390214023876,2.144236405690511,0.1015645232789484,random,3,0.005345729315766768,0.00020365868520114775,0.28,0.015700908206805062
0.08554696909255262,0.06901153140206247,D_feature_contrast_shuffled,ridge,0.2866920954141363,0.07205548551252888,-4.9863654567161575e-05,2.6187979702280712e-05,0.25014241073486093,0.07062281182555044,0.32113854333573044,0.09138470041797223,0.1993033468723297,0.03253947239371738,0.20045042634010315,0.03363590161469724,False,False,-0.11130233108997345,0.0,1.401711368560791,0.1468935193950883,1.1048619866371154,0.17437228183145262,airlight_bin,5,0.010526188236279075,0.009864151400348421,0.25910087845145147,0.036227725565814495
0.10045819776091439,0.02873888199162093,D_feature_contrast_shuffled,ridge,0.2841433895208315,0.04971395768399086,-4.724192403955385e-05,1.5428041573283548e-05,0.2490635042032813,0.05635918745112239,0.3174099631849333,0.06499601642374885,0.19987456500530243,0.011828771628587939,0.20447175502777098,0.018378358599425836,False,False,-0.1238138645887375,0.0,1.410873794555664,0.1665194877077304,1.120221734046936,0.21734554610815734,beta_bin,5,0.008990720911148687,0.0053078822808402225,0.26367911620172924,0.010480672447371933
-0.10583092467238989,0.13350947775704028,D_feature_contrast_shuffled,ridge,0.23434972246732003,0.2092883957879664,-7.08340867277002e-05,5.6508814712741764e-05,0.226,0.21009521650908666,0.23308375812500928,0.21284912661257238,0.1717376820743084,0.05372669640966373,0.17867977172136307,0.06265268334691071,False,False,-0.10738018155097961,0.0,1.5105698555707932,0.5307683903775559,1.1927089914679527,0.6643928662618462,cr_strength_bin,4,0.0013333333333333333,0.0023094010767585028,0.2816666666666667,0.0523354564325181
0.08056988030966479,0.028993119431441332,D_feature_contrast_shuffled,ridge,0.2859168908055004,0.01450482718613744,-5.080717528471723e-05,2.443156828357095e-06,0.24888888888888885,0.011942247860039458,0.3112970010266563,0.020049388547751953,0.19679349660873413,0.009007223494792674,0.20324193437894186,0.011952397654614033,False,False,-0.13027039170265198,0.0,1.4011801481246948,0.00500242220233862,1.1072793404261272,0.010358025895252176,random,3,0.014055538025575479,0.006415850328278354,0.26844444444444443,0.01111999644728604
0.46957004641749717,0.18349547325636933,D_feature_contrast_shuffled,tiny_mlp,0.011195909225790775,0.010096812627079742,-0.000707032810896635,0.00015477321123450296,0.006929965126171269,0.004694712623528808,0.01198704280793833,0.008643828859078433,0.03033919829176739,0.01692767357780546,0.027179089395212942,0.01472376324764206,False,False,-0.044195465266238895,0.0,2.684817385673523,0.4773487778836979,2.4157665967941284,0.5154743310054937,airlight_bin,5,0.0,0.0,0.39790319678587427,0.05116474900571674
0.4340277122803974,0.09580341102981048,D_feature_contrast_shuffled,tiny_mlp,0.0193760079499037,0.009351146744006568,-0.0006978646735660732,9.991200012682114e-05,0.010958369070084965,0.004159204982632694,0.01680295621411424,0.005472903117987558,0.031173551827669142,0.007964717895587232,0.02675837092101574,0.00885272362507166,False,False,-0.04664687290787697,0.0,2.7146669387817384,0.3061511254631121,2.4546422004699706,0.335112737592087,beta_bin,5,0.0,0.0,0.385324985584549,0.03429128317247856
0.6250522254546068,0.1793815646773722,D_feature_contrast_shuffled,tiny_mlp,0.0007530120481927711,0.0013042551261813837,-0.0008881263638613746,4.4127623977797376e-05,0.001,0.0011055415967851333,0.0014618391976882544,0.0014701663063321011,0.022636383771896362,0.004166365794713288,0.022263063583523035,0.00414397839616998,False,False,-0.03328881226480007,0.0,2.9935621321201324,1.172070186439324,2.7525838017463684,1.2563586762325403,cr_strength_bin,4,0.0,0.0,0.415,0.01698038083593338
0.6324986097911697,0.09225953888302355,D_feature_contrast_shuffled,tiny_mlp,0.00842951651671764,0.005427278530535075,-0.0008194721497905751,6.437880034579113e-05,0.005333333333333333,0.0021773242158072696,0.00793315629086252,0.003095735705911038,0.028546036531527836,0.0008431954855805955,0.027466806893547375,0.001432298215095122,False,False,-0.035122911135355636,0.0,2.848162889480591,0.04919920893858225,2.6015756924947104,0.054848103604823194,random,3,0.0,0.0,0.3875555555555556,0.0034995590551163604
