group_name,group_value,num_images,mean_baseline_psnr,mean_lfv1_psnr,mean_residual_psnr,mean_lfv1_delta_baseline_psnr,mean_residual_delta_baseline_psnr,mean_residual_delta_lfv1_psnr,median_residual_delta_lfv1_psnr,lfv1_better_030db_count,lfv1_worse_030db_count,residual_better_030db_count,residual_worse_030db_count,residual_over_lfv1_030db_count,residual_under_lfv1_030db_count,mean_lfv1_residual_cosine,mean_rescalib_residual_cosine,mean_residual_vs_lfv1_cosine,mean_delta_e_change_residual_vs_lfv1,mean_luma_abs_bias_change_residual_vs_lfv1,mean_dark_channel_abs_bias_change_residual_vs_lfv1,mean_edge_error_change_residual_vs_lfv1
all,all,20,31.537306031016634,31.258021054719592,31.008494002251144,-0.27928497629704463,-0.5288120287654919,-0.24952705246844734,-0.07711224416087958,6,9,10,9,8,9,0.23013904618564993,0.20832077478989958,0.18091252595186233,0.11016373038291931,0.0015881225466728211,0.0005166828632354736,0.00011315601877868176
baseline_strength_bin,baseline_middle_50,10,31.99383306793421,31.421776467305257,31.536914884043277,-0.5720566006289538,-0.45691818389093547,0.11513841673801828,0.8775505002949373,2,6,5,5,6,3,0.15321136829443277,0.20370997190475465,0.28931592404842377,0.09592087268829345,0.0009512454271316528,0.0002007514238357544,0.0001146324910223484
baseline_strength_bin,baseline_strongest_25,5,38.907184811852815,38.35326421314613,37.90520220352076,-0.5539205987066765,-1.0019826083320509,-0.44806200962537446,-0.33138051526434253,2,2,1,3,0,3,0.31184739246964455,0.25067223571240904,0.2894383430480957,0.03673126697540283,0.0019223451614379882,-0.001370251178741455,0.00016707219183444976
baseline_strength_bin,baseline_weakest_25,5,23.254373176345304,23.83526707112171,23.054944037397256,0.5808938947764055,-0.1994291389480459,-0.7803230337244514,-0.5717221713469094,2,1,4,1,2,3,0.30228605568408967,0.17519091963768005,-0.1444200873374939,0.2120819091796875,0.0025276541709899902,0.003035479784011841,5.628690123558044e-05
airlight_bin,0.65<=A<0.75,4,31.841328039713073,32.010951039571694,31.88131515881733,0.16962299985862384,0.039987119104258895,-0.12963588075436494,-0.32076611911330666,2,1,2,1,1,2,0.36795978352893144,0.360702071338892,0.20614472776651382,0.08255821466445923,0.0038525238633155823,0.0044815391302108765,0.0006455159746110439
airlight_bin,0.75<=A<0.85,5,32.776609893268656,32.404895998383864,32.4720619889028,-0.37171389488479745,-0.3045479043658588,0.06716599051893865,0.5540160898947519,1,3,3,2,3,1,0.1734180435538292,0.18889604210853578,0.31342118978500366,0.11365730762481689,0.0006592214107513428,-0.0007631808519363403,-9.963959455490112e-05
airlight_bin,0.85<=A<0.95,6,27.420485713111265,27.23591732600849,26.915493004391646,-0.18456838710277346,-0.5049927087196208,-0.32042432161684725,-0.34210329359498637,1,2,3,3,3,3,0.1662490007778009,0.13408853330959877,0.11847427735726039,0.06912233432133992,0.0012897402048110962,-0.0008750855922698975,0.000583831841746966
airlight_bin,A<0.65,3,35.62323313327368,35.953691838082804,35.33178036218405,0.33045870480912615,-0.291452771089632,-0.6219114758987582,-0.33138051526434253,2,1,2,1,0,2,0.43473335976401967,0.28275351723035175,0.027163758873939514,0.2003575563430786,0.003120670715967814,0.00279193123181661,-0.0002622101455926895
airlight_bin,A>=0.95,2,34.05257265832424,31.907778736943172,31.39800517616876,-2.144793921381069,-2.65456748215548,-0.5097735607744109,-0.5097735607744109,0,2,0,2,1,1,-0.018921256065368652,0.06316762417554855,0.21711435914039612,0.14447426795959473,-0.002022102475166321,-0.003450937569141388,-0.0012685530818998814
beta_bin,0.8<=beta<1.1,2,37.41683015643404,36.187885633514995,37.33449816038812,-1.2289445229190399,-0.08233199604591235,1.1466125268731275,1.1466125268731275,1,1,1,1,1,1,0.10705673694610596,0.32590262591838837,0.4729975536465645,-0.33599352836608887,-0.0036692023277282715,-0.007363848388195038,-0.0021408391185104847
beta_bin,1.1<=beta<1.4,5,32.98886648982478,32.28737020931416,31.822333977443243,-0.7014962805106173,-1.16653251238154,-0.46503623187092274,0.24474973922054488,0,3,2,3,2,2,0.14832470938563347,0.272433215379715,0.3053152084350586,0.0860393762588501,-0.0012092769145965576,-0.001133263111114502,0.0004016447812318802
beta_bin,1.4<=beta<1.7,5,30.70020127079684,30.519389680240373,30.520962399883206,-0.1808115905564634,-0.17923887091363538,0.0015727196428279911,-0.08441442144205524,1,2,3,2,2,2,0.24563174545764924,0.2863146599382162,0.20918872058391572,-0.10175955295562744,0.0011456727981567383,-0.0017702192068099975,-0.0004280539229512215
beta_bin,beta<0.8,3,33.51868634494151,33.820134080987735,32.24823504980919,0.301447736046228,-1.2704512951323157,-1.5718990311785437,-1.9215718328594562,2,1,0,2,0,2,0.351511870821317,-0.11050019164880116,-0.09546862045923869,0.5893842379252116,0.00526803731918335,0.0056489308675130205,0.0018844713146487873
beta_bin,beta>=1.7,5,27.3822124939064,27.458089627325183,27.407939337637366,0.07587713341878129,0.025726843730961946,-0.05015028968781934,0.5540160898947519,2,2,4,1,3,2,0.2728699126280844,0.21047428846359253,0.07722832560539246,0.23714196681976318,0.004722952842712402,0.004526394605636597,0.00020468607544898987
lfv1_relation,gain>=0.30,6,31.6355355726789,32.61512589172884,32.04022601357766,0.9795903190499468,0.4046904408987639,-0.5748998781511828,-0.45155134330562596,6,0,4,1,1,4,0.5859022339185079,0.35853730887174606,0.026419736444950104,0.27324098348617554,0.0022255033254623413,0.0016659547885258992,0.0006374128473301729
lfv1_relation,regress<=-0.30,9,32.85499289926142,31.58430602425993,31.064286042646124,-1.270686875001494,-1.7907068566153006,-0.5200199816138067,-0.08441442144205524,0,9,2,7,3,4,-0.02433895728447371,-0.020525444092022047,0.14678005874156952,0.22097104125552708,0.004142714871300591,0.0026388929949866403,6.777275767591264e-05
lfv1_relation,small_gain,3,28.07158791046363,28.146722656864984,28.156533892087992,0.07513474640135698,0.08494598162436162,0.009811235223004644,0.32156642252742884,0,0,2,1,2,1,0.25949568549791974,0.39613328874111176,0.3611398935317993,-0.30425794919331867,-0.004870901505152385,-0.005266110102335612,0.00030497989306847256
lfv1_relation,small_regress,2,30.511603679757805,30.385371777542204,31.940173951738903,-0.12623190221559888,1.4285702719810995,1.5548021741966984,1.5548021741966984,0,0,2,0,2,0,0.26396553963422775,0.5057603865861893,0.5276459455490112,-0.2560684084892273,-0.002131149172782898,-0.003806889057159424,-0.0015431256033480167
residual_relation,gain>=0.30,10,28.957655148054336,29.272499631075494,29.80515526106732,0.3148444830211673,0.8475001130129914,0.5326556299918241,0.6699897842611531,4,2,10,0,7,3,0.32170294714160264,0.4647928386926651,0.317119462788105,-0.12819182872772217,-0.000534975528717041,-0.0012461423873901367,-0.0002703598700463772
residual_relation,regress<=-0.30,9,33.32658136682391,32.322526284395884,31.183938808572837,-1.0040550824280297,-2.1426425582510835,-1.1385874758230539,-1.0780961954859691,1,7,0,9,1,6,0.09728339935342471,-0.10374556502534284,0.0018574214643902248,0.38684512509240043,0.004142512877782186,0.0025833315319485134,0.0005607637059357432
residual_relation,small_gain,1,41.23033683837414,41.532688224073844,41.46287815719414,0.3023513856997013,0.2325413188199974,-0.06981006687970392,-0.06981006687970392,1,0,0,0,0,0,0.5102008581161499,0.45219719409942627,0.43033909797668457,0.0035867691040039062,-0.0001704096794128418,-0.00045490264892578125,-8.015427738428116e-05
residual_vs_lfv1_relation,gain>=0.30,8,29.799341814882855,29.30205318693686,30.631224212835924,-0.49728862794599626,0.8318823979530747,1.329171025899071,1.2126369398954573,1,3,7,1,8,0,0.12996022641891614,0.45608118921518326,0.5557311102747917,-0.36473605036735535,-0.003439493477344513,-0.004843601956963539,-0.0008323646616190672
residual_vs_lfv1_relation,regress<=-0.30,9,30.589082693336806,30.712771708274172,28.966723429667475,0.12368901493736059,-1.6223592636693394,-1.7460482786067,-1.779103651652477,4,4,3,6,0,9,0.3264133425222503,-0.01843790730668439,-0.21163973543379042,0.5659180482228597,0.006589187516106499,0.0056988563802507185,0.0009118191276987394
residual_vs_lfv1_relation,small_gain,1,40.12455150955639,38.172838848277465,38.41758858749801,-1.9517126612789255,-1.7069629220583806,0.24474973922054488,0.24474973922054488,0,1,0,1,0,0,0.04991593584418297,0.06338009238243103,0.3298143148422241,-0.00737607479095459,2.86102294921875e-06,-0.00044652819633483887,0.0005213944241404533
residual_vs_lfv1_relation,small_regress,2,38.462545175841086,38.078105688075965,38.000993443915085,-0.38443948776512116,-0.46155173192600074,-0.07711224416087958,-0.07711224416087958,1,1,0,1,0,0,0.287731546908617,0.3101635277271271,0.3736724704504013,0.017638325691223145,-1.3574957847595215e-05,-0.0008803531527519226,9.713554754853249e-05
winner_by_psnr,baseline,7,33.428481969692484,31.9782034811169,30.94282930196518,-1.4502784885755848,-2.4856526677273076,-1.0353741791517226,-1.0057730097174016,0,7,0,7,1,4,0.0040661900171211785,-0.1453120093792677,0.020976788231304715,0.35819283553532194,0.004625499248504639,0.0024528333118983676,5.062869084732873e-05
winner_by_psnr,lfv1,6,32.20775394677216,33.092182457675506,32.13356838542736,0.8844285109033461,-0.07418556134479697,-0.958614072248143,-0.8249091834164393,5,0,3,2,0,5,0.5344172318776449,0.28027284145355225,-0.04527734965085983,0.32270042101542157,0.0031159122784932456,0.0031416366497675576,0.0006812494248151779
winner_by_psnr,residual,7,29.07146045026462,28.965700282931497,30.109809231243208,-0.10576016733312496,1.0383487809785852,1.14410894831171,1.2010849106951227,1,2,7,0,7,0,0.19540202890389732,0.5002803589616504,0.5347252999033246,-0.3200396810259138,-0.002758788211005075,-0.003669427973883493,-0.0003112538584641048
pattern,both_regress_baseline,2,37.90965251143221,36.39818100017777,36.478348659067024,-1.5114715112544346,-1.4313038523651898,0.08016765888924482,0.08016765888924482,0,2,0,2,0,0,0.05758908577263355,0.11575497686862946,0.3234100788831711,0.012156903743743896,7.306039333343506e-05,-0.0008761659264564514,0.00039790989831089973
pattern,lost_lfv1_gain,4,28.622234152446254,29.87229262592647,28.721348083145674,1.250058473480217,0.09911393069942065,-1.1509445427807963,-1.1754129114996932,4,0,3,1,0,4,0.5813176184892654,0.2541675306856632,-0.2252538539469242,0.43277686834335327,0.004182048141956329,0.004150889813899994,0.0008496241644024849
pattern,mitigates_lfv1_regression,1,34.89451136721047,31.656523514974374,34.28112908398497,-3.2379878522360954,-0.6133822832254978,2.6246055690105976,2.6246055690105976,0,1,0,1,1,0,-0.32813239097595215,0.14668700098991394,0.702771782875061,-0.6776106357574463,-0.008204430341720581,-0.013062819838523865,-0.004480140283703804
pattern,mixed_or_small,1,41.23033683837414,41.532688224073844,41.46287815719414,0.3023513856997013,0.2325413188199974,-0.06981006687970392,-0.06981006687970392,1,0,0,0,0,0,0.5102008581161499,0.45219719409942627,0.43033909797668457,0.0035867691040039062,-0.0001704096794128418,-0.00045490264892578125,-8.015427738428116e-05
pattern,residual_beats_both,7,29.07146045026462,28.965700282931497,30.109809231243208,-0.10576016733312496,1.0383487809785852,1.14410894831171,1.2010849106951227,1,2,7,0,7,0,0.19540202890389732,0.5002803589616504,0.5347252999033246,-0.3200396810259138,-0.002758788211005075,-0.003669427973883493,-0.0003112538584641048
pattern,residual_worst,5,32.16256152604926,31.38515497415233,29.16302370688491,-0.7774065518969244,-2.9995378191643476,-2.222131267267423,-2.658319246777854,0,4,0,5,0,5,0.12248992174863815,-0.23652225770056248,-0.2007484406232834,0.6724309921264648,0.008514899015426635,0.0069372296333312985,0.000961575098335743
