blend_mean_psnr,cr_mean_psnr,feature_count,feature_set,gain_vs_cr,gain_vs_lfv1,head,intervention_precision,intervention_rate,lfv1_mean_psnr,mean_oracle_c,mean_pred_c,n,oracle_gain_vs_lfv1,oracle_mean_psnr,oracle_recovery,pred_lfv1_delta_corr,pred_oracle_c_corr,preserve_recall,regression_improve_recall,split,split_family,std_pred_c,strong_cr_regression_improve_recall
38.93497075398962,38.16439987705028,306,hazy_wavelet,0.7705708769393382,0.7977016157621648,sklearn_hgb,0.48933419521654814,1.0,38.13726913822745,0.49525365907861957,0.4964144177312652,3000,1.1376574832873771,39.27492662151483,0.7011790696936512,0.23926755785942078,0.27095717191696167,0.6272285251215559,1.0,random_image_1,random_image,0.08443578493654723,1.0
38.891184715373505,38.10497455704387,306,hazy_wavelet,0.7862101583296379,0.7814974717344754,sklearn_hgb,0.4918546365914787,1.0,38.10968724363903,0.5080831012800612,0.4930735068271557,3000,1.1586721791674677,39.2683594228065,0.6744767724511385,0.22704936563968658,0.24121598899364471,0.5735524256651017,1.0,random_image_2,random_image,0.08052950816720703,1.0
38.98991786703896,38.186811590469766,306,hazy_wavelet,0.8031062765691956,0.756424191495114,sklearn_hgb,0.4869960988296489,1.0,38.23349367554385,0.5061545798492184,0.4977624690433343,3000,1.1046566836078924,39.33815035915174,0.6847595300142397,0.2296757698059082,0.22580161690711975,0.5637530072173216,1.0,random_image_3,random_image,0.07897497728897593,1.0
39.464966906395134,38.63839310400732,306,hazy_wavelet,0.8265738023878129,0.8059679778228883,sklearn_hgb,0.46509671993271656,1.0,38.658998928572245,0.5112501454363895,0.4912013376128211,2164,1.147693115515473,39.80669204408772,0.7022504247228101,0.2695004940032959,0.25822699069976807,0.5993555316863588,1.0,airlight_bin=0.65<=A<0.75,airlight_bin,0.07794736334096601,1.0
38.95396155643914,38.226301407272786,306,hazy_wavelet,0.7276601491663541,0.8382279804531763,sklearn_hgb,0.5263157894736842,1.0,38.11573357598596,0.48104868762504055,0.4975224878736865,2588,1.196520142721404,39.31225371870737,0.7005548427676135,0.2602965533733368,0.2812903821468353,0.6292682926829268,1.0,airlight_bin=0.75<=A<0.85,airlight_bin,0.0798275735927581,1.0
38.16721706595756,37.45802076160389,306,hazy_wavelet,0.709196304353668,0.7881157841710476,sklearn_hgb,0.5173581710414903,1.0,37.37910128178651,0.4920932319523749,0.5029904302979664,2564,1.0888258972310751,38.467927179017586,0.7238216744977608,0.18522006273269653,0.19503077864646912,0.6122047244094488,1.0,airlight_bin=0.85<=A<0.95,airlight_bin,0.08278758291183097,1.0
39.442885669199505,38.62561647485154,306,hazy_wavelet,0.8172691943479649,0.7407157939495761,sklearn_hgb,0.47494172494172493,1.0,38.70216987524993,0.505550731960906,0.4947801486950768,3388,1.1790983779287387,39.88126825317867,0.6282052522624321,0.1906428337097168,0.1662895381450653,0.5333787465940054,1.0,airlight_bin=A<0.65,airlight_bin,0.07768072095594983,1.0
37.43130672928396,36.65483276831489,306,hazy_wavelet,0.7764739609690707,0.7683110496693146,sklearn_hgb,0.47454545454545455,1.0,36.662995679614646,0.49827109702404093,0.5103163830131109,1296,1.0822831283985153,37.74527880801316,0.7098983893479852,0.20678400993347168,0.20744073390960693,0.6272189349112426,1.0,airlight_bin=A>=0.95,airlight_bin,0.07811033150105556,1.0
39.73299800725582,38.95624962221522,306,hazy_wavelet,0.7767483850406052,0.8452826937634015,sklearn_hgb,0.5250431778929189,1.0,38.88771531349242,0.4915616838741526,0.5036199620049077,2416,1.2415437668605094,40.12925908035293,0.6808319741318393,0.27352669835090637,0.25538212060928345,0.5536082474226804,1.0,beta_bin=0.8<=beta<1.1,beta_bin,0.07803273748491679,1.0
38.92760440998841,38.223947516130536,306,hazy_wavelet,0.7036568938578753,0.7962807650851857,sklearn_hgb,0.4950584007187781,1.0,38.131323644903226,0.4904579738692114,0.5037814230573449,2376,1.164636132613289,39.295959777516515,0.68371634949858,0.20642444491386414,0.2029564380645752,0.5886673662119623,1.0,beta_bin=1.1<=beta<1.4,beta_bin,0.08104648214493601,1.0
37.71451872326468,36.98532076749452,306,hazy_wavelet,0.7291979557701609,0.8154582397187013,sklearn_hgb,0.49924924924924924,1.0,36.89906048354598,0.48511716874098826,0.4875314129869471,2364,1.1261907630751153,38.025251246621096,0.724085356100179,0.1963203102350235,0.22415608167648315,0.6434782608695652,1.0,beta_bin=1.4<=beta<1.7,beta_bin,0.07646691239583316,1.0
40.989984552148755,40.08567268727901,306,hazy_wavelet,0.9043118648697472,0.6614761113546379,sklearn_hgb,0.43404634581105167,1.0,40.32850844079412,0.5303310730493479,0.5066209988338393,2392,1.081434137481196,41.40994257827531,0.6116656469664367,0.1814432442188263,0.19028572738170624,0.5657657657657658,1.0,beta_bin=beta<0.8,beta_bin,0.07040283490565435,1.0
36.91092930319423,36.1733858435778,306,hazy_wavelet,0.7375434596164325,0.8049401312774194,sklearn_hgb,0.4702702702702703,1.0,36.10598917191681,0.4907347058970687,0.4862193293006541,2452,1.1229711492974062,37.22896032121422,0.7167950234343227,0.16199660301208496,0.1332176923751831,0.6146881287726358,1.0,beta_bin=beta>=1.7,beta_bin,0.09006983246827606,1.0
38.820295937388295,38.012596404125865,306,hazy_wavelet,0.8076995332624293,0.750266719291055,sklearn_ridge,0.4460694698354662,1.0,38.07002921809724,0.5046867028982333,0.4940378057062626,3000,1.1049129326171823,39.17494215071442,0.6790279099306369,0.10998903214931488,0.10406960546970367,0.5909810126582279,1.0,random_image_1,random_image,0.05946101604481481,1.0
38.74603110924472,38.047348553183355,306,hazy_wavelet,0.6986825560613639,0.7849339884501347,sklearn_ridge,0.4463924477410654,1.0,37.961097120794584,0.4903664647396328,0.5005862222711245,3000,1.1566408805261048,39.11773800132069,0.6786324101672978,0.10657303035259247,0.09589801728725433,0.5681431005110733,1.0,random_image_2,random_image,0.05762563114363116,1.0
38.909852770167454,38.15176099713089,306,hazy_wavelet,0.7580917730365613,0.7480043571049038,sklearn_ridge,0.45309625996321273,1.0,38.16184841306255,0.5018088008263052,0.4948917841613293,3000,1.1158035552026178,39.27765196826517,0.6703728031843418,0.11763318628072739,0.11829927563667297,0.5689243027888446,1.0,random_image_3,random_image,0.05932308369449266,1.0
39.43417754277098,38.63839310400732,306,hazy_wavelet,0.7957844387636612,0.7751786141987367,sklearn_ridge,0.43094841930116473,1.0,38.658998928572245,0.5112501454363895,0.49206454545094214,2164,1.147693115515473,39.80669204408772,0.6754232500993079,0.08719078451395035,0.09079668670892715,0.5918367346938775,1.0,airlight_bin=0.65<=A<0.75,airlight_bin,0.06147033863937109,1.0
38.93074802110493,38.226301407272786,306,hazy_wavelet,0.7044466138321468,0.8150144451189689,sklearn_ridge,0.4864479315263909,1.0,38.11573357598596,0.48104868762504055,0.4976728661719946,2588,1.196520142721404,39.31225371870737,0.6811539697648487,0.12983937561511993,0.13845710456371307,0.6136585365853658,1.0,airlight_bin=0.75<=A<0.85,airlight_bin,0.056580427393375675,1.0
38.156723018606826,37.45802076160389,306,hazy_wavelet,0.6987022570029353,0.7776217368203149,sklearn_ridge,0.4681504221028396,1.0,37.37910128178651,0.4920932319523749,0.4995607891571875,2564,1.0888258972310751,38.467927179017586,0.7141837265233328,0.0819811150431633,0.09040147066116333,0.6062992125984252,1.0,airlight_bin=0.85<=A<0.95,airlight_bin,0.05852347961889309,1.0
39.421869161516774,38.62561647485154,306,hazy_wavelet,0.796252686665234,0.7196992862668452,sklearn_ridge,0.4488667772249862,1.0,38.70216987524993,0.505550731960906,0.49729763961879814,3388,1.1790983779287387,39.88126825317867,0.6103810332862075,0.07554206997156143,0.07430461794137955,0.5340599455040872,1.0,airlight_bin=A<0.65,airlight_bin,0.06631048646732068,1.0
37.41013905270934,36.65483276831489,306,hazy_wavelet,0.7553062843944502,0.7471433730946941,sklearn_ridge,0.4213938411669368,1.0,36.662995679614646,0.49827109702404093,0.5030181068283173,1296,1.0822831283985153,37.74527880801316,0.6903400353284382,0.06729573011398315,0.04899020865559578,0.6094674556213018,1.0,airlight_bin=A>=0.95,airlight_bin,0.062084958681518816,1.0
39.704316887459775,38.95624962221522,306,hazy_wavelet,0.7480672652445577,0.816601573967354,sklearn_ridge,0.4715370018975332,1.0,38.88771531349242,0.4915616838741526,0.5100457837792817,2416,1.2415437668605094,40.12925908035293,0.6577307991579192,0.11761106550693512,0.10904152691364288,0.5515463917525774,1.0,beta_bin=0.8<=beta<1.1,beta_bin,0.0577063312191355,1.0
38.90414721544994,38.223947516130536,306,hazy_wavelet,0.6801996993194024,0.7728235705467128,sklearn_ridge,0.45161290322580644,1.0,38.131323644903226,0.4904579738692114,0.4997631906334198,2376,1.164636132613289,39.295959777516515,0.6635751278057427,0.056768253445625305,0.045581087470054626,0.5561385099685204,1.0,beta_bin=1.1<=beta<1.4,beta_bin,0.05831816830147317,1.0
37.69449356150894,36.98532076749452,306,hazy_wavelet,0.709172794014421,0.7954330779629615,sklearn_ridge,0.47153284671532847,1.0,36.89906048354598,0.48511716874098826,0.4893432834174629,2364,1.1261907630751153,38.025251246621096,0.706304033066555,0.0416313037276268,0.07218794524669647,0.6315217391304347,1.0,beta_bin=1.4<=beta<1.7,beta_bin,0.05639187681782759,1.0
40.9668712117019,40.08567268727901,306,hazy_wavelet,0.8811985244228921,0.6383627709077828,sklearn_ridge,0.39282511210762333,1.0,40.32850844079412,0.5303310730493479,0.5016967641955933,2392,1.081434137481196,41.40994257827531,0.5902927869412596,0.07660149782896042,0.08490720391273499,0.5684684684684684,1.0,beta_bin=beta<0.8,beta_bin,0.0752574321926039,1.0
36.90435120131253,36.1733858435778,306,hazy_wavelet,0.7309653577347319,0.7983620293957188,sklearn_ridge,0.44726027397260276,1.0,36.10598917191681,0.4907347058970687,0.48677465260077457,2452,1.1229711492974062,37.22896032121422,0.7109372577332088,0.07574509084224701,0.05874747782945633,0.6096579476861167,1.0,beta_bin=beta>=1.7,beta_bin,0.0563146004129316,1.0
38.90532290207427,38.05009082709566,423,teacher_output_proxy,0.8552320749786091,0.813013262957142,sklearn_hgb,0.5180965147453083,1.0,38.092309639117126,0.5067356859517652,0.496416420434912,3000,1.1224366788312778,39.2147463179484,0.7243288448155105,0.3898315131664276,0.3998250961303711,0.5934765314240255,1.0,random_image_1,random_image,0.10194913024615879,1.0
38.932668172257785,38.1452776689634,423,teacher_output_proxy,0.7873905032943824,0.8172760852115459,sklearn_hgb,0.5180124223602485,1.0,38.11539208704624,0.49753409887043504,0.49194444478768856,3000,1.1564850336210029,39.27187712066724,0.7066897205335323,0.38368064165115356,0.40736356377601624,0.6106264869151468,1.0,random_image_2,random_image,0.1016508712924573,1.0
38.86300739349595,38.06113351985187,423,teacher_output_proxy,0.8018738736440767,0.8735483775341137,sklearn_hgb,0.551543007222587,1.0,37.989459015961835,0.48447748049668604,0.4947532199701915,3000,1.1822023714506713,39.171661387412506,0.7389161099900775,0.38369980454444885,0.40783655643463135,0.6301020408163265,1.0,random_image_3,random_image,0.09764627605077217,1.0
39.49121817931467,38.63839310400732,423,teacher_output_proxy,0.8528250753073507,0.8322192507424262,sklearn_hgb,0.4892086330935252,1.0,38.658998928572245,0.5112501454363895,0.49455987860564,2164,1.147693115515473,39.80669204408772,0.7251235016495846,0.37881365418434143,0.3781130909919739,0.6079484425349087,1.0,airlight_bin=0.65<=A<0.75,airlight_bin,0.09787880704860451,1.0
38.992987264072916,38.226301407272786,423,teacher_output_proxy,0.7666858568001302,0.8772536880869524,sklearn_hgb,0.5510688836104513,1.0,38.11573357598596,0.48104868762504055,0.4995356548715734,2588,1.196520142721404,39.31225371870737,0.7331708483327034,0.43384888768196106,0.43222033977508545,0.6507317073170732,1.0,airlight_bin=0.75<=A<0.85,airlight_bin,0.09047735188394175,1.0
38.19589721432058,37.45802076160389,423,teacher_output_proxy,0.7378764527166908,0.8167959325340703,sklearn_hgb,0.5254237288135594,1.0,37.37910128178651,0.4920932319523749,0.4932665882120708,2564,1.0888258972310751,38.467927179017586,0.7501621100402394,0.346233069896698,0.3601713180541992,0.6131889763779528,1.0,airlight_bin=0.85<=A<0.95,airlight_bin,0.09656731359443585,1.0
39.45435048749191,38.62561647485154,423,teacher_output_proxy,0.8287340126403677,0.752180612241979,sklearn_hgb,0.4854943753700414,1.0,38.70216987524993,0.505550731960906,0.4992144778887648,3388,1.1790983779287387,39.88126825317867,0.6379286294691184,0.24996142089366913,0.23760591447353363,0.5463215258855586,1.0,airlight_bin=A<0.65,airlight_bin,0.10227818850377345,1.0
37.46175685125257,36.65483276831489,423,teacher_output_proxy,0.8069240829376767,0.7987611716379206,sklearn_hgb,0.4783861671469741,1.0,36.662995679614646,0.49827109702404093,0.4939166224895068,1296,1.0822831283985153,37.74527880801316,0.7380334689492313,0.36224299669265747,0.35401105880737305,0.6094674556213018,1.0,airlight_bin=A>=0.95,airlight_bin,0.10262015578016197,1.0
39.76691533480772,38.95624962221522,423,teacher_output_proxy,0.8106657125925025,0.8792000213152988,sklearn_hgb,0.6088328075709779,1.0,38.88771531349242,0.4915616838741526,0.5169110694369733,2416,1.2415437668605094,40.12925908035293,0.7081506466242611,0.4189542829990387,0.4262621998786926,0.5876288659793815,1.0,beta_bin=0.8<=beta<1.1,beta_bin,0.0944295457404544,1.0
38.968085530406874,38.223947516130536,423,teacher_output_proxy,0.7441380142763379,0.8367618855036483,sklearn_hgb,0.5360738255033557,1.0,38.131323644903226,0.4904579738692114,0.49853094541373655,2376,1.164636132613289,39.295959777516515,0.7184749485878882,0.401244193315506,0.3994365334510803,0.6054564533053515,1.0,beta_bin=1.1<=beta<1.4,beta_bin,0.09412857304775332,1.0
37.743292092154064,36.98532076749452,423,teacher_output_proxy,0.7579713246595432,0.8442316086080837,sklearn_hgb,0.5182829888712241,1.0,36.89906048354598,0.48511716874098826,0.4913390203654473,2364,1.1261907630751153,38.025251246621096,0.7496346412060075,0.34832435846328735,0.3664344847202301,0.6543478260869565,1.0,beta_bin=1.4<=beta<1.7,beta_bin,0.09446345038305891,1.0
41.01788427421903,40.08567268727901,423,teacher_output_proxy,0.9322115869400207,0.6893758334249114,sklearn_hgb,0.4844533600802407,1.0,40.32850844079412,0.5303310730493479,0.512199890715721,2392,1.081434137481196,41.40994257827531,0.6374644645765686,0.30919432640075684,0.3385278582572937,0.5774774774774775,1.0,beta_bin=beta<0.8,beta_bin,0.09029323583502726,1.0
36.94453192624815,36.1733858435778,423,teacher_output_proxy,0.7711460826703558,0.8385427543313426,sklearn_hgb,0.48515476942514213,1.0,36.10598917191681,0.4907347058970687,0.46603614354253936,2452,1.1229711492974062,37.22896032121422,0.7467179854578057,0.3315258026123047,0.3154463469982147,0.613682092555332,1.0,beta_bin=beta>=1.7,beta_bin,0.10224619081591085,1.0
38.764961976144626,38.08246535440214,423,teacher_output_proxy,0.6824966217424873,0.8384286320316789,sklearn_ridge,0.5345303867403315,1.0,37.92653334411295,0.47912272716193227,0.5007573698957761,3000,1.175239108991157,39.101772453104104,0.7134111055499892,0.2357528656721115,0.2513716220855713,0.6040386303775241,1.0,random_image_1,random_image,0.09564131333556787,1.0
38.80040388305195,38.01646055301683,423,teacher_output_proxy,0.7839433300351217,0.7603798856250705,sklearn_ridge,0.49233844103930713,1.0,38.04002399742688,0.5019691464666312,0.49569495720167955,3000,1.117385108211252,39.15740910563813,0.6804993909768781,0.23772622644901276,0.24679626524448395,0.5898653998416469,0.999194847020934,random_image_2,random_image,0.09130213940509585,1.0
39.070928158548504,38.31322279514455,423,teacher_output_proxy,0.7577053634039572,0.8010455310337861,sklearn_ridge,0.4865771812080537,1.0,38.26988262751472,0.49639540780375485,0.4967204324007034,3000,1.141119453329253,39.41100208084397,0.7019821883642485,0.24617347121238708,0.22853511571884155,0.6023198011599006,0.999219968798752,random_image_3,random_image,0.0935097954338777,0.9975669099756691
39.449131643848766,38.63839310400732,423,teacher_output_proxy,0.8107385398414451,0.7901327152765205,sklearn_ridge,0.44814462416745954,1.0,38.658998928572245,0.5112501454363895,0.4962486764089017,2164,1.147693115515473,39.80669204408772,0.6884529536634478,0.20695847272872925,0.20500591397285461,0.6036519871106337,1.0,airlight_bin=0.65<=A<0.75,airlight_bin,0.09557565622670015,1.0
38.95683125922327,38.226301407272786,423,teacher_output_proxy,0.7305298519504859,0.841097683237308,sklearn_ridge,0.5043478260869565,1.0,38.11573357598596,0.48104868762504055,0.4993884440459645,2588,1.196520142721404,39.31225371870737,0.7029532167536982,0.282299280166626,0.2635497748851776,0.6282926829268293,1.0,airlight_bin=0.75<=A<0.85,airlight_bin,0.08983080617235935,1.0
38.168995419564354,37.45802076160389,423,teacher_output_proxy,0.7109746579604632,0.7898941377778428,sklearn_ridge,0.5058043117744611,1.0,37.37910128178651,0.4920932319523749,0.5019569128414677,2564,1.0888258972310751,38.467927179017586,0.7254549508657422,0.2246273010969162,0.2458815723657608,0.6171259842519685,0.997338065661047,airlight_bin=0.85<=A<0.95,airlight_bin,0.10170641322675858,0.9963768115942029
39.42636364431788,38.62561647485154,423,teacher_output_proxy,0.8007471694663408,0.7241937690679521,sklearn_ridge,0.4733036707452725,1.0,38.70216987524993,0.505550731960906,0.49129315305593585,3388,1.1790983779287387,39.88126825317867,0.614192829558032,0.16144013404846191,0.1654159128665924,0.5258855585831063,1.0,airlight_bin=A<0.65,airlight_bin,0.10550223188632671,1.0
37.4294105134449,36.65483276831489,423,teacher_output_proxy,0.77457774513001,0.7664148338302539,sklearn_ridge,0.44907407407407407,1.0,36.662995679614646,0.49827109702404093,0.4969302454135484,1296,1.0822831283985153,37.74527880801316,0.708146337792063,0.23374831676483154,0.24073754251003265,0.6035502958579881,1.0,airlight_bin=A>=0.95,airlight_bin,0.09923037512637542,1.0
39.724565071326424,38.95624962221522,423,teacher_output_proxy,0.7683154491112063,0.8368497578340026,sklearn_ridge,0.5376128385155466,1.0,38.88771531349242,0.4915616838741526,0.5135343030021088,2416,1.2415437668605094,40.12925908035293,0.6740396755802414,0.25658440589904785,0.2775118947029114,0.554639175257732,1.0,beta_bin=0.8<=beta<1.1,beta_bin,0.08119050881603113,1.0
38.93545808926641,38.223947516130536,423,teacher_output_proxy,0.7115105731358753,0.8041344443631857,sklearn_ridge,0.49168053244592347,1.0,38.131323644903226,0.4904579738692114,0.4976249160213703,2376,1.164636132613289,39.295959777516515,0.6904598113044321,0.2596748173236847,0.2368641495704651,0.5813221406086044,1.0,beta_bin=1.1<=beta<1.4,beta_bin,0.0895893303730879,1.0
37.70731806648991,36.98532076749452,423,teacher_output_proxy,0.7219972989953902,0.8082575829439307,sklearn_ridge,0.484375,1.0,36.89906048354598,0.48511716874098826,0.4885048953258447,2364,1.1261907630751153,38.025251246621096,0.717691539873963,0.20002438127994537,0.19719988107681274,0.6391304347826087,1.0,beta_bin=1.4<=beta<1.7,beta_bin,0.10174579514087859,1.0
40.985032800570366,40.08567268727901,423,teacher_output_proxy,0.8993601132913582,0.6565243597762489,sklearn_ridge,0.4330097087378641,1.0,40.32850844079412,0.5303310730493479,0.5109491614518955,2392,1.081434137481196,41.40994257827531,0.6070867721124232,0.16289356350898743,0.16051888465881348,0.5666666666666667,1.0,beta_bin=beta<0.8,beta_bin,0.08297746193199274,1.0
36.91202867436099,36.1733858435778,423,teacher_output_proxy,0.738642830783192,0.8060395024441789,sklearn_ridge,0.492176386913229,1.0,36.10598917191681,0.4907347058970687,0.4744677489675083,2452,1.1229711492974062,37.22896032121422,0.7177740077719402,0.234145388007164,0.2495163530111313,0.613682092555332,0.9990458015267175,beta_bin=beta>=1.7,beta_bin,0.11860939202161623,1.0
38.908816013082564,38.08873762402395,729,hazy_wavelet_plus_teacher_outputs,0.8200783890586152,0.8148286536910305,sklearn_hgb,0.5302267002518891,1.0,38.093987359391534,0.5001314062033109,0.49530650524546704,3000,1.1221245203380619,39.216111879729596,0.7261481581784002,0.3592976927757263,0.36760756373405457,0.6241021548284118,1.0,random_image_1,random_image,0.09674776512765783,1.0
38.83956965545212,38.059607900716045,729,hazy_wavelet_plus_teacher_outputs,0.7799617547360711,0.8329307152976853,sklearn_hgb,0.5257870060281313,1.0,38.00663894015443,0.49051576422180315,0.4994736232534051,3000,1.142964110779758,39.14960305093419,0.7287461674791441,0.37173885107040405,0.3648577034473419,0.6299019607843137,1.0,random_image_2,random_image,0.10060034192737219,1.0
38.95627052338291,38.168556283887966,729,hazy_wavelet_plus_teacher_outputs,0.7877142394949459,0.8591654816190513,sklearn_hgb,0.5400130123617437,1.0,38.09710504176386,0.49392770583699014,0.4974925429622332,3000,1.1667654580164069,39.26387049978027,0.7363652015195614,0.3597334027290344,0.39285266399383545,0.6286427976686095,1.0,random_image_3,random_image,0.10620487159471934,1.0
39.49639894669755,38.63839310400732,729,hazy_wavelet_plus_teacher_outputs,0.8580058426902326,0.8374000181253081,sklearn_hgb,0.49604221635883905,1.0,38.658998928572245,0.5112501454363895,0.49533081526890427,2164,1.147693115515473,39.80669204408772,0.7296375719292085,0.39880672097206116,0.4027825891971588,0.6165413533834586,1.0,airlight_bin=0.65<=A<0.75,airlight_bin,0.09679931721805501,1.0
38.99146703873016,38.226301407272786,729,hazy_wavelet_plus_teacher_outputs,0.7651656314573714,0.8757334627441935,sklearn_hgb,0.5553846153846154,1.0,38.11573357598596,0.48104868762504055,0.49724004810627037,2588,1.196520142721404,39.31225371870737,0.731900309468811,0.42136329412460327,0.42621850967407227,0.6351219512195122,1.0,airlight_bin=0.75<=A<0.85,airlight_bin,0.09280345152419504,1.0
38.19766279401369,37.45802076160389,729,hazy_wavelet_plus_teacher_outputs,0.7396420324097974,0.818561512227177,sklearn_hgb,0.5347793567688855,1.0,37.37910128178651,0.4920932319523749,0.4945254853498033,2564,1.0888258972310751,38.467927179017586,0.7517836545843165,0.3570401668548584,0.3788323402404785,0.6259842519685039,1.0,airlight_bin=0.85<=A<0.95,airlight_bin,0.09945151641698084,1.0
39.45859594560902,38.62561647485154,729,hazy_wavelet_plus_teacher_outputs,0.8329794707574791,0.7564260703590904,sklearn_hgb,0.48188614146060954,1.0,38.70216987524993,0.505550731960906,0.4994931434794662,3388,1.1790983779287387,39.88126825317867,0.6415292264986603,0.2636493742465973,0.23541133105754852,0.5442779291553134,1.0,airlight_bin=A<0.65,airlight_bin,0.10387349256737238,1.0
37.45299944381526,36.65483276831489,729,hazy_wavelet_plus_teacher_outputs,0.7981666755003687,0.7900037642006126,sklearn_hgb,0.4882005899705015,1.0,36.662995679614646,0.49827109702404093,0.4959906175226709,1296,1.0822831283985153,37.74527880801316,0.7299418640747669,0.3215535879135132,0.3331502079963684,0.6193293885601578,1.0,airlight_bin=A>=0.95,airlight_bin,0.0969391440171547,1.0
39.7641196494937,38.95624962221522,729,hazy_wavelet_plus_teacher_outputs,0.8078700272784829,0.8764043360012792,sklearn_hgb,0.5880039331366765,1.0,38.88771531349242,0.4915616838741526,0.5157263039800937,2416,1.2415437668605094,40.12925908035293,0.7058988651014182,0.4045482277870178,0.42243918776512146,0.5876288659793815,1.0,beta_bin=0.8<=beta<1.1,beta_bin,0.09488629336885837,1.0
38.97021877846726,38.223947516130536,729,hazy_wavelet_plus_teacher_outputs,0.7462712623367267,0.8388951335640371,sklearn_hgb,0.5646661031276415,1.0,38.131323644903226,0.4904579738692114,0.49990579102310645,2376,1.164636132613289,39.295959777516515,0.7203066348980152,0.4094576835632324,0.4221840500831604,0.6002098635886673,1.0,beta_bin=1.1<=beta<1.4,beta_bin,0.0941608310231967,1.0
37.737621862418685,36.98532076749452,729,hazy_wavelet_plus_teacher_outputs,0.7523010949241637,0.8385613788727042,sklearn_hgb,0.5180180180180181,1.0,36.89906048354598,0.48511716874098826,0.48783037273328306,2364,1.1261907630751153,38.025251246621096,0.7445997661907912,0.32446616888046265,0.35014668107032776,0.6510869565217391,1.0,beta_bin=1.4<=beta<1.7,beta_bin,0.09329548661765984,1.0
41.02367568414585,40.08567268727901,729,hazy_wavelet_plus_teacher_outputs,0.9380029968668424,0.6951672433517331,sklearn_hgb,0.47619047619047616,1.0,40.32850844079412,0.5303310730493479,0.5134153143630479,2392,1.081434137481196,41.40994257827531,0.6428197698384363,0.3366204798221588,0.3529599606990814,0.5774774774774775,1.0,beta_bin=beta<0.8,beta_bin,0.09206019621890213,1.0
36.94657688992011,36.1733858435778,729,hazy_wavelet_plus_teacher_outputs,0.773191046342312,0.8405877180032988,sklearn_hgb,0.49812734082397003,1.0,36.10598917191681,0.4907347058970687,0.4647523510371613,2452,1.1229711492974062,37.22896032121422,0.7485390150303229,0.33971017599105835,0.3115162253379822,0.613682092555332,1.0,beta_bin=beta>=1.7,beta_bin,0.10213669310690668,1.0
38.85219191377169,38.04354000757737,729,hazy_wavelet_plus_teacher_outputs,0.8086519061943207,0.7425822162013915,sklearn_ridge,0.4866275277234181,1.0,38.1096096975703,0.5113015247202514,0.4909896072248618,3000,1.0943038467710338,39.20391354434133,0.6785886921551568,0.2342693954706192,0.22723981738090515,0.5666666666666667,0.9991789819376026,random_image_1,random_image,0.11097222993931302,0.9972222222222222
38.80565886761629,38.0495123476996,729,hazy_wavelet_plus_teacher_outputs,0.7561465199166904,0.7855349271294472,sklearn_ridge,0.5284872298624754,1.0,38.02012394048684,0.49062487711364355,0.49431660218040147,3000,1.129971141008113,39.15009508149495,0.6951814065162146,0.2285049706697464,0.2359108328819275,0.5970024979184013,1.0,random_image_2,random_image,0.1091118365485139,1.0
38.7875609422535,38.09124847825151,729,hazy_wavelet_plus_teacher_outputs,0.6963124640019913,0.8632076368983093,sklearn_ridge,0.5364836692147325,1.0,37.92435330535519,0.48189952721151647,0.49790920757253965,3000,1.2278477615762498,39.15220106693144,0.703024970937328,0.2596181035041809,0.2765241861343384,0.6202209005947323,1.0,random_image_3,random_image,0.11223644798311774,1.0
39.4482923575259,38.63839310400732,729,hazy_wavelet_plus_teacher_outputs,0.80989925351858,0.7892934289536555,sklearn_ridge,0.4645222327341533,1.0,38.658998928572245,0.5112501454363895,0.4952281561788592,2164,1.147693115515473,39.80669204408772,0.6877216725295644,0.21522396802902222,0.22019222378730774,0.6047261009667024,1.0,airlight_bin=0.65<=A<0.75,airlight_bin,0.1064627098894434,1.0
38.95719164491086,38.226301407272786,729,hazy_wavelet_plus_teacher_outputs,0.7308902376380715,0.8414580689248936,sklearn_ridge,0.5160550458715596,1.0,38.11573357598596,0.48104868762504055,0.4983232409406851,2588,1.196520142721404,39.31225371870737,0.7032544115892198,0.29135793447494507,0.285922110080719,0.6341463414634146,0.998256320836966,airlight_bin=0.75<=A<0.85,airlight_bin,0.10273523049232729,1.0
38.165662623433974,37.45802076160389,729,hazy_wavelet_plus_teacher_outputs,0.7076418618300835,0.786561341647463,sklearn_ridge,0.5120578778135049,1.0,37.37910128178651,0.4920932319523749,0.4994326116525904,2564,1.0888258972310751,38.467927179017586,0.7223940426536468,0.22032871842384338,0.23431429266929626,0.6112204724409449,0.9991126885536823,airlight_bin=0.85<=A<0.95,airlight_bin,0.11218207740526204,0.9963768115942029
39.42549998118044,38.62561647485154,729,hazy_wavelet_plus_teacher_outputs,0.7998835063288965,0.7233301059305077,sklearn_ridge,0.5,1.0,38.70216987524993,0.505550731960906,0.4964548824607904,3388,1.1790983779287387,39.88126825317867,0.6134603519687059,0.1733020842075348,0.1777351349592209,0.5401907356948229,1.0,airlight_bin=A<0.65,airlight_bin,0.11844996365306992,1.0
37.4343128045632,36.65483276831489,729,hazy_wavelet_plus_teacher_outputs,0.7794800362483087,0.7713171249485526,sklearn_ridge,0.45058139534883723,1.0,36.662995679614646,0.49827109702404093,0.4912530303829246,1296,1.0822831283985153,37.74527880801316,0.7126759206615181,0.2624962329864502,0.26310402154922485,0.5956607495069034,1.0,airlight_bin=A>=0.95,airlight_bin,0.11366531889529519,1.0
39.72983417635764,38.95624962221522,729,hazy_wavelet_plus_teacher_outputs,0.773584554142424,0.8421188628652203,sklearn_ridge,0.5388940955951266,1.0,38.88771531349242,0.4915616838741526,0.5115003619737775,2416,1.2415437668605094,40.12925908035293,0.6782836701713764,0.27458298206329346,0.28846094012260437,0.5525773195876289,1.0,beta_bin=0.8<=beta<1.1,beta_bin,0.09647226212982703,1.0
38.93132395421305,38.223947516130536,729,hazy_wavelet_plus_teacher_outputs,0.7073764380825125,0.8000003093098229,sklearn_ridge,0.5045567522783762,1.0,38.131323644903226,0.4904579738692114,0.4981363880438636,2376,1.164636132613289,39.295959777516515,0.6869100888309565,0.2417772263288498,0.23251833021640778,0.5729275970619098,1.0,beta_bin=1.1<=beta<1.4,beta_bin,0.10002439060503462,1.0
37.70378321197042,36.98532076749452,729,hazy_wavelet_plus_teacher_outputs,0.7184624444758967,0.8047227284244372,sklearn_ridge,0.4892802450229709,1.0,36.89906048354598,0.48511716874098826,0.4863227747267273,2364,1.1261907630751153,38.025251246621096,0.7145527692185917,0.1975962221622467,0.2021661251783371,0.6369565217391304,1.0,beta_bin=1.4<=beta<1.7,beta_bin,0.11202824337875567,1.0
40.98086444344809,40.08567268727901,729,hazy_wavelet_plus_teacher_outputs,0.8951917561690834,0.6523560026539741,sklearn_ridge,0.4346563407550823,1.0,40.32850844079412,0.5303310730493479,0.5152334744440872,2392,1.081434137481196,41.40994257827531,0.6032323005567355,0.16126495599746704,0.1532374620437622,0.5738738738738739,1.0,beta_bin=beta<0.8,beta_bin,0.10683339622885672,1.0
36.912732656114315,36.1733858435778,729,hazy_wavelet_plus_teacher_outputs,0.7393468125365175,0.8067434841975043,sklearn_ridge,0.504035216434336,1.0,36.10598917191681,0.4907347058970687,0.4794343028576106,2452,1.1229711492974062,37.22896032121422,0.7184008998820048,0.24101804196834564,0.253685861825943,0.6217303822937625,0.9980916030534351,beta_bin=beta>=1.7,beta_bin,0.12422016051308642,0.9895833333333334
