feature_set,gain_vs_cr_mean,gain_vs_cr_std,gain_vs_lfv1_mean,gain_vs_lfv1_std,head,intervention_precision_mean,intervention_precision_std,intervention_rate_mean,intervention_rate_std,mean_oracle_c_mean,mean_oracle_c_std,mean_pred_c_mean,mean_pred_c_std,oracle_recovery_mean,oracle_recovery_std,passes_main_line,passes_stability_line,pred_lfv1_delta_corr_mean,pred_lfv1_delta_corr_std,pred_oracle_c_corr_mean,pred_oracle_c_corr_std,preserve_recall_mean,preserve_recall_std,regression_improve_recall_mean,regression_improve_recall_std,split_family,splits,strong_cr_regression_improve_recall_mean,strong_cr_regression_improve_recall_std
hazy_wavelet,0.7714346822449741,0.04681099193287184,0.7882677172132005,0.033072055266749445,sklearn_hgb,0.4916515719870141,0.025057675944659262,1.0,0.0,0.4976427787997504,0.010528554182789997,0.49936215749853236,0.006695335545615341,0.6929461167197204,0.03339617345006267,False,False,0.22248879075050354,0.03546629488878993,0.22165568470954894,0.04211915999822268,0.6002852460567965,0.03517060872494239,1.0,0.0,airlight_bin,5,1.0,0.0
hazy_wavelet,0.7702917118309642,0.07099920256745564,0.7846875882398692,0.06378751459483942,sklearn_hgb,0.4847334887884537,0.030726383766851276,1.0,0.0,0.49764052108615375,0.01650295774350085,0.4975546252367386,0.0087944774623078,0.6834188700262716,0.039807125617900535,False,False,0.20394226014614106,0.03787319176421987,0.20119961202144623,0.04051292250717054,0.5932415538085218,0.03265064596555907,1.0,0.0,beta_bin,5,1.0,0.0
hazy_wavelet,0.7866291039460572,0.013285824371380928,0.7785410929972514,0.016980607958471568,sklearn_hgb,0.48939497687922523,0.001983955326054482,1.0,0.0,0.5031637800692997,0.005648439860864473,0.49575013120058503,0.001971048640076291,0.6868051240530098,0.010996711955109258,False,False,0.2319975644350052,0.005251292095244813,0.24599159260590872,0.018741412779507253,0.5881779860013264,0.02790120194142307,1.0,0.0,random_image,3,1.0,0.0
hazy_wavelet,0.7500984561316855,0.04235611755256062,0.766931491099912,0.031989741004733716,sklearn_ridge,0.4511614782644636,0.02380631689461476,1.0,0.0,0.4976427787997504,0.010528554182789997,0.49792278944544793,0.003561392956003772,0.674296403000427,0.034588631681856066,False,False,0.08836981505155564,0.02177428829575975,0.08859001770615578,0.029213334711516395,0.5910643770006117,0.029432537479467672,1.0,0.0,airlight_bin,5,1.0,0.0
hazy_wavelet,0.749920728147201,0.0694521665379898,0.764316604556106,0.06449462082561493,sklearn_ridge,0.4469536275837789,0.02884503206770785,1.0,0.0,0.49764052108615375,0.01650295774350085,0.4975247349253065,0.008505217167743072,0.6657680009409371,0.0434726233232834,False,False,0.07367144227027893,0.025518087720009585,0.07409304827451706,0.021864994763791595,0.5834666114012235,0.03157831926884154,1.0,0.0,beta_bin,5,1.0,0.0
hazy_wavelet,0.7548246207867848,0.04456591404785963,0.7610683549486978,0.016900807031697468,sklearn_ridge,0.44851939251324807,0.0032390189278839326,1.0,0.0,0.498953989488057,0.00618491530863609,0.4965052707129054,0.002906652601169398,0.6760110410940922,0.003990104431457907,False,False,0.11139841626087825,0.004623961863244544,0.10608896613121033,0.00925607753569801,0.5760161386527153,0.010586568841393609,1.0,0.0,random_image,3,1.0,0.0
hazy_wavelet_plus_teacher_outputs,0.7987919305630499,0.043139088263266616,0.8156249655312763,0.040636837491121756,sklearn_hgb,0.5112585839886902,0.02872727871200738,1.0,0.0,0.4976427787997504,0.010528554182789997,0.496516021945423,0.0017338089353829405,0.7169585253111527,0.03861334217765794,False,False,0.35248262882232667,0.05614123512883328,0.3552789956331253,0.06738205450879485,0.6082509748573892,0.032620639755922776,1.0,0.0,airlight_bin,5,1.0,0.0
hazy_wavelet_plus_teacher_outputs,0.8035272855497055,0.0706048702985715,0.8179231619586105,0.06303729842171545,sklearn_hgb,0.5290011742593566,0.04151169919156546,1.0,0.0,0.49764052108615375,0.01650295774350085,0.4963260266273385,0.01870990302042334,0.7124328102117967,0.03818124153892796,False,False,0.362960547208786,0.03635303271975892,0.37184922099113465,0.04372828493274119,0.6060170512245195,0.025598458065335748,1.0,0.0,beta_bin,5,1.0,0.0
hazy_wavelet_plus_teacher_outputs,0.7959181277632107,0.017374577680830318,0.8356416168692556,0.018201654103913875,sklearn_hgb,0.5320089062139214,0.00594289534482547,1.0,0.0,0.4948582920873681,0.003980337988678661,0.4974242238203685,0.0017019045707440587,0.7304198423923687,0.004335734035905148,False,False,0.3635899821917216,0.00576486535213226,0.37510597705841064,0.012598918096066633,0.6275489710937784,0.0024908873537200877,1.0,0.0,random_image,3,1.0,0.0
hazy_wavelet_plus_teacher_outputs,0.765558979112788,0.03973497966411968,0.7823920140810146,0.03785438896111259,sklearn_ridge,0.48864331035361097,0.026302681888046364,1.0,0.0,0.4976427787997504,0.010528554182789997,0.4961383843231699,0.002843269301500774,0.6879012798805311,0.03893773534757204,False,False,0.23254178762435912,0.040779937035377384,0.23625355660915376,0.03707841825239473,0.5971888800145576,0.031211129044580187,0.9994738018781296,0.0006990445349283453,airlight_bin,5,0.9992753623188406,0.0014492753623188469
hazy_wavelet_plus_teacher_outputs,0.7667924010812868,0.06804679187924642,0.7811882774901917,0.06613792071940432,sklearn_ridge,0.4942845300171784,0.033974024194440226,1.0,0.0,0.49764052108615375,0.01650295774350085,0.49812546040921324,0.013858102434538555,0.680275945731933,0.04150208919013568,False,False,0.22324788570404053,0.03948239722543006,0.22601374387741088,0.045984354272364684,0.5916131389112611,0.032095784470155354,0.999618320610687,0.0007633587786259444,beta_bin,5,0.9979166666666666,0.004166666666666652
hazy_wavelet_plus_teacher_outputs,0.7537036300376675,0.045894904228695535,0.7971082600763827,0.049920467119893584,sklearn_ridge,0.5171994756002087,0.02186273478340835,1.0,0.0,0.49460864301513713,0.012329427060068943,0.49440513899260097,0.002825608644549786,0.6922650232028998,0.010186981852758048,False,False,0.2407974898815155,0.013514653064272457,0.246558278799057,0.021482757881221008,0.5946300217266001,0.021927691402516488,0.9997263273125342,0.00038703162626524054,random_image,3,0.9990740740740741,0.0013094570021973057
teacher_output_proxy,0.7986090960804433,0.041529674171145885,0.8154421310486697,0.040949352316659964,sklearn_hgb,0.5059163576069102,0.02783309159814254,1.0,0.0,0.4976427787997504,0.010528554182789997,0.4960986444135112,0.002708173604138635,0.7168837116881754,0.040303434086896246,False,False,0.3542200058698654,0.05990595700810004,0.352424344420433,0.06367592589598615,0.6055316215473591,0.03355249641506325,1.0,0.0,airlight_bin,5,1.0,0.0
teacher_output_proxy,0.803226544227752,0.06820722506181646,0.8176224206366569,0.06595607083292433,sklearn_hgb,0.5265595502901881,0.04564033062505915,1.0,0.0,0.49764052108615375,0.01650295774350085,0.49700341389488345,0.018003545187664186,0.7120885372905063,0.04058067042368566,False,False,0.3618485927581787,0.041684341142183584,0.3692214846611023,0.040020554386626134,0.6077185430808998,0.026582280492912322,1.0,0.0,beta_bin,5,1.0,0.0
teacher_output_proxy,0.8148321506390227,0.02917256038534416,0.8346125752342672,0.027586717080782548,sklearn_hgb,0.5292173147760479,0.01578668585222782,1.0,0.0,0.4962490884396287,0.00913219091549557,0.49437136173093066,0.0018455357548254005,0.7233115584463734,0.013176018569579511,False,False,0.3857373197873433,0.0028950424721263255,0.4050084054470062,0.003670236333690549,0.6114016863851662,0.014962345743568453,1.0,0.0,random_image,3,1.0,0.0
teacher_output_proxy,0.765513592869749,0.03890300028101497,0.7823466278379755,0.03796011490461869,sklearn_ridge,0.47613490136964476,0.02529823271890105,1.0,0.0,0.4976427787997504,0.010528554182789997,0.49716348635316365,0.00355751221569521,0.6878400577265966,0.03867795917596219,False,False,0.22181470096111297,0.03917780513128706,0.22411814332008362,0.03497408758490289,0.5957013017461052,0.03611169685151955,0.9994676131322094,0.0010647737355812036,airlight_bin,5,0.9992753623188406,0.0014492753623188469
teacher_output_proxy,0.7679652530634045,0.06844665085582104,0.7823611294723094,0.06404572135376124,sklearn_ridge,0.48777089332251267,0.03325427064619036,1.0,0.0,0.49764052108615375,0.01650295774350085,0.49701620495374554,0.014479092706546256,0.6814103613285999,0.040740285140234075,False,False,0.22266451120376587,0.03670769461217454,0.22432223260402678,0.04105526202536761,0.5910881019741888,0.031109030568987457,0.9998091603053435,0.0003816793893129944,beta_bin,5,1.0,0.0
teacher_output_proxy,0.7413817717271888,0.042993824283456626,0.7999513495635119,0.03187265943017815,sklearn_ridge,0.5044820029958974,0.021377200517535493,1.0,0.0,0.4924957604774394,0.00972608711023293,0.497724253166053,0.002185215118022001,0.6986308949637051,0.013643523851456113,False,False,0.23988418777783713,0.004519576143772153,0.24223433434963226,0.00986525606616384,0.5987412771263573,0.006315298443714102,0.9994716052732286,0.0003737722268887062,random_image,3,0.9991889699918897,0.0011469696369611462
